Dates,BCOMENTR Index,BCOMPRTR Index,BCOMINTR Index,BCOMAGTR Index
01/01/1980,#N/A N/A,216.3681,#N/A N/A,75.6933
02/01/1980,#N/A N/A,225.3847,#N/A N/A,74.8827
03/01/1980,#N/A N/A,234.3368,#N/A N/A,74.7124
04/01/1980,#N/A N/A,242.1789,#N/A N/A,74.8611
07/01/1980,#N/A N/A,250.8602,#N/A N/A,74.7359
08/01/1980,#N/A N/A,244.3665,#N/A N/A,74.8977
09/01/1980,#N/A N/A,245.8411,#N/A N/A,73.0422
10/01/1980,#N/A N/A,248.3933,#N/A N/A,72.9491
11/01/1980,#N/A N/A,257.4956,#N/A N/A,74.5242
14/01/1980,#N/A N/A,266.8516,#N/A N/A,74.6361
15/01/1980,#N/A N/A,279.6707,#N/A N/A,74.4681
16/01/1980,#N/A N/A,296.0239,#N/A N/A,74.5008
17/01/1980,#N/A N/A,312.3878,#N/A N/A,76.5978
18/01/1980,#N/A N/A,325.9963,#N/A N/A,76.0285
21/01/1980,#N/A N/A,332.9994,#N/A N/A,75.7424
22/01/1980,#N/A N/A,316.8226,#N/A N/A,75.9023
23/01/1980,#N/A N/A,300.6343,#N/A N/A,76.9945
24/01/1980,#N/A N/A,284.4346,#N/A N/A,76.7355
25/01/1980,#N/A N/A,268.2234,#N/A N/A,76.0497
28/01/1980,#N/A N/A,265.8265,#N/A N/A,76.1364
29/01/1980,#N/A N/A,281.1653,#N/A N/A,77.1223
30/01/1980,#N/A N/A,272.1851,#N/A N/A,78.1789
31/01/1980,#N/A N/A,277.0638,#N/A N/A,78.8867
01/02/1980,#N/A N/A,275.0976,#N/A N/A,79.3144
04/02/1980,#N/A N/A,265.5484,#N/A N/A,80.7176
05/02/1980,#N/A N/A,274.9099,#N/A N/A,79.723
06/02/1980,#N/A N/A,284.2776,#N/A N/A,79.3788
07/02/1980,#N/A N/A,281.7161,#N/A N/A,79.5112
08/02/1980,#N/A N/A,286.1142,#N/A N/A,80.0938
11/02/1980,#N/A N/A,290.9904,#N/A N/A,81.0748
12/02/1980,#N/A N/A,288.8303,#N/A N/A,80.3913
13/02/1980,#N/A N/A,284.1501,#N/A N/A,81.0303
14/02/1980,#N/A N/A,277.1576,#N/A N/A,80.777
15/02/1980,#N/A N/A,273.1142,#N/A N/A,80.2208
18/02/1980,#N/A N/A,273.1142,#N/A N/A,80.2208
19/02/1980,#N/A N/A,264.2529,#N/A N/A,78.9554
20/02/1980,#N/A N/A,267.1518,#N/A N/A,78.8334
21/02/1980,#N/A N/A,266.8155,#N/A N/A,79.1412
22/02/1980,#N/A N/A,257.6274,#N/A N/A,78.4495
25/02/1980,#N/A N/A,263.8729,#N/A N/A,78.8552
26/02/1980,#N/A N/A,256.2879,#N/A N/A,78.9404
27/02/1980,#N/A N/A,257.5905,#N/A N/A,78.7949
28/02/1980,#N/A N/A,262.6029,#N/A N/A,78.5756
29/02/1980,#N/A N/A,261.8894,#N/A N/A,78.6207
03/03/1980,#N/A N/A,261.6902,#N/A N/A,79.4749
04/03/1980,#N/A N/A,266.6995,#N/A N/A,79.7064
05/03/1980,#N/A N/A,264.2729,#N/A N/A,80.0713
06/03/1980,#N/A N/A,255.5968,#N/A N/A,78.5495
07/03/1980,#N/A N/A,249.7988,#N/A N/A,77.6591
10/03/1980,#N/A N/A,237.2538,#N/A N/A,75.9796
11/03/1980,#N/A N/A,235.7873,#N/A N/A,76.5022
12/03/1980,#N/A N/A,236.8201,#N/A N/A,76.2139
13/03/1980,#N/A N/A,224.2048,#N/A N/A,74.8524
14/03/1980,#N/A N/A,217.8914,#N/A N/A,75.4684
17/03/1980,#N/A N/A,201.9918,#N/A N/A,74.8547
18/03/1980,#N/A N/A,202.1773,#N/A N/A,75.6378
19/03/1980,#N/A N/A,214.1736,#N/A N/A,76.4175
20/03/1980,#N/A N/A,212.339,#N/A N/A,76.0185
21/03/1980,#N/A N/A,217.792,#N/A N/A,76.4373
24/03/1980,#N/A N/A,211.6663,#N/A N/A,75.7558
25/03/1980,#N/A N/A,203.7167,#N/A N/A,75.1261
26/03/1980,#N/A N/A,194.6032,#N/A N/A,75.3187
27/03/1980,#N/A N/A,185.4809,#N/A N/A,73.593
28/03/1980,#N/A N/A,191.596,#N/A N/A,73.141
31/03/1980,#N/A N/A,188.0086,#N/A N/A,72.2029
01/04/1980,#N/A N/A,184.7939,#N/A N/A,71.7291
02/04/1980,#N/A N/A,180.1615,#N/A N/A,72.3599
03/04/1980,#N/A N/A,176.7991,#N/A N/A,73.5799
04/04/1980,#N/A N/A,176.7991,#N/A N/A,73.5799
07/04/1980,#N/A N/A,182.6635,#N/A N/A,73.9423
08/04/1980,#N/A N/A,191.9983,#N/A N/A,74.0369
09/04/1980,#N/A N/A,190.9564,#N/A N/A,75.2106
10/04/1980,#N/A N/A,188.4832,#N/A N/A,74.8662
11/04/1980,#N/A N/A,188.1274,#N/A N/A,75.2087
14/04/1980,#N/A N/A,179.8038,#N/A N/A,74.3518
15/04/1980,#N/A N/A,182.215,#N/A N/A,74.8541
16/04/1980,#N/A N/A,177.8049,#N/A N/A,75.471
17/04/1980,#N/A N/A,179.7335,#N/A N/A,74.979
18/04/1980,#N/A N/A,178.8356,#N/A N/A,74.1582
21/04/1980,#N/A N/A,171.4439,#N/A N/A,74.4201
22/04/1980,#N/A N/A,175.116,#N/A N/A,74.9975
23/04/1980,#N/A N/A,176.5862,#N/A N/A,74.3744
24/04/1980,#N/A N/A,184.2612,#N/A N/A,75.0179
25/04/1980,#N/A N/A,187.9674,#N/A N/A,75.651
28/04/1980,#N/A N/A,179.4418,#N/A N/A,74.2132
29/04/1980,#N/A N/A,180.8775,#N/A N/A,74.2056
30/04/1980,#N/A N/A,172.5015,#N/A N/A,74.258
01/05/1980,#N/A N/A,174.9032,#N/A N/A,74.7261
02/05/1980,#N/A N/A,175.9936,#N/A N/A,75.4566
05/05/1980,#N/A N/A,178.1894,#N/A N/A,77.1156
06/05/1980,#N/A N/A,173.7705,#N/A N/A,76.6031
07/05/1980,#N/A N/A,176.3777,#N/A N/A,77.8101
08/05/1980,#N/A N/A,174.6672,#N/A N/A,78.7373
09/05/1980,#N/A N/A,175.6423,#N/A N/A,79.5278
12/05/1980,#N/A N/A,173.0317,#N/A N/A,78.703
13/05/1980,#N/A N/A,176.9736,#N/A N/A,78.7551
14/05/1980,#N/A N/A,178.4862,#N/A N/A,79.2044
15/05/1980,#N/A N/A,174.3936,#N/A N/A,79.1874
16/05/1980,#N/A N/A,174.3991,#N/A N/A,78.7286
19/05/1980,#N/A N/A,172.3263,#N/A N/A,78.6764
20/05/1980,#N/A N/A,171.906,#N/A N/A,77.6641
21/05/1980,#N/A N/A,169.4288,#N/A N/A,78.0955
22/05/1980,#N/A N/A,172.2464,#N/A N/A,79.3879
23/05/1980,#N/A N/A,171.8124,#N/A N/A,79.8621
26/05/1980,#N/A N/A,171.8124,#N/A N/A,79.8621
27/05/1980,#N/A N/A,177.3405,#N/A N/A,80.0505
28/05/1980,#N/A N/A,176.9717,#N/A N/A,78.9416
29/05/1980,#N/A N/A,179.9429,#N/A N/A,78.546
30/05/1980,#N/A N/A,186.5295,#N/A N/A,78.0979
02/06/1980,#N/A N/A,194.433,#N/A N/A,76.994
03/06/1980,#N/A N/A,192.3604,#N/A N/A,76.6618
04/06/1980,#N/A N/A,200.6515,#N/A N/A,77.1501
05/06/1980,#N/A N/A,203.1526,#N/A N/A,76.0732
06/06/1980,#N/A N/A,210.3952,#N/A N/A,76.5403
09/06/1980,#N/A N/A,217.0909,#N/A N/A,76.4754
10/06/1980,#N/A N/A,207.9186,#N/A N/A,76.5716
11/06/1980,#N/A N/A,201.8512,#N/A N/A,77.3595
12/06/1980,#N/A N/A,206.5132,#N/A N/A,77.687
13/06/1980,#N/A N/A,208.4419,#N/A N/A,78.2131
16/06/1980,#N/A N/A,202.7113,#N/A N/A,78.3456
17/06/1980,#N/A N/A,205.6722,#N/A N/A,77.7215
18/06/1980,#N/A N/A,211.3339,#N/A N/A,78.0582
19/06/1980,#N/A N/A,207.3409,#N/A N/A,78.4053
20/06/1980,#N/A N/A,206.379,#N/A N/A,78.3227
23/06/1980,#N/A N/A,205.906,#N/A N/A,79.2359
24/06/1980,#N/A N/A,210.8814,#N/A N/A,79.139
25/06/1980,#N/A N/A,210.7382,#N/A N/A,79.7868
26/06/1980,#N/A N/A,214.0243,#N/A N/A,78.8818
27/06/1980,#N/A N/A,222.0679,#N/A N/A,79.2025
30/06/1980,#N/A N/A,221.4466,#N/A N/A,79.9502
01/07/1980,#N/A N/A,228.1494,#N/A N/A,80.4243
02/07/1980,#N/A N/A,225.754,#N/A N/A,81.586
03/07/1980,#N/A N/A,228.6421,#N/A N/A,81.4615
04/07/1980,#N/A N/A,228.6421,#N/A N/A,81.4615
07/07/1980,#N/A N/A,231.805,#N/A N/A,81.666
08/07/1980,#N/A N/A,229.2172,#N/A N/A,81.4424
09/07/1980,#N/A N/A,224.8593,#N/A N/A,79.5717
10/07/1980,#N/A N/A,225.1917,#N/A N/A,80.0987
11/07/1980,#N/A N/A,225.8318,#N/A N/A,81.4878
14/07/1980,#N/A N/A,218.0047,#N/A N/A,84.7587
15/07/1980,#N/A N/A,210.1426,#N/A N/A,84.0564
16/07/1980,#N/A N/A,212.1962,#N/A N/A,84.4871
17/07/1980,#N/A N/A,209.802,#N/A N/A,85.5166
18/07/1980,#N/A N/A,207.5796,#N/A N/A,84.481
21/07/1980,#N/A N/A,207.7164,#N/A N/A,83.0423
22/07/1980,#N/A N/A,215.6863,#N/A N/A,82.6332
23/07/1980,#N/A N/A,214.5286,#N/A N/A,84.1589
24/07/1980,#N/A N/A,217.4701,#N/A N/A,82.7498
25/07/1980,#N/A N/A,221.9939,#N/A N/A,82.3863
28/07/1980,#N/A N/A,220.3144,#N/A N/A,82.8802
29/07/1980,#N/A N/A,216.6265,#N/A N/A,84.0068
30/07/1980,#N/A N/A,208.7376,#N/A N/A,83.3301
31/07/1980,#N/A N/A,209.6588,#N/A N/A,85.2051
01/08/1980,#N/A N/A,209.7665,#N/A N/A,86.6482
04/08/1980,#N/A N/A,212.898,#N/A N/A,85.3024
05/08/1980,#N/A N/A,213.0658,#N/A N/A,86.6469
06/08/1980,#N/A N/A,215.1296,#N/A N/A,86.656
07/08/1980,#N/A N/A,215.6186,#N/A N/A,85.7625
08/08/1980,#N/A N/A,212.4312,#N/A N/A,86.0815
11/08/1980,#N/A N/A,205.0823,#N/A N/A,85.0289
12/08/1980,#N/A N/A,208.4011,#N/A N/A,87.2424
13/08/1980,#N/A N/A,208.9561,#N/A N/A,86.7653
14/08/1980,#N/A N/A,212.8074,#N/A N/A,85.9591
15/08/1980,#N/A N/A,209.0578,#N/A N/A,84.6723
18/08/1980,#N/A N/A,210.798,#N/A N/A,85.0793
19/08/1980,#N/A N/A,211.4446,#N/A N/A,84.7473
20/08/1980,#N/A N/A,219.4403,#N/A N/A,84.9733
21/08/1980,#N/A N/A,217.0818,#N/A N/A,85.5812
22/08/1980,#N/A N/A,216.9676,#N/A N/A,84.5153
25/08/1980,#N/A N/A,212.324,#N/A N/A,85.1275
26/08/1980,#N/A N/A,214.7392,#N/A N/A,86.3023
27/08/1980,#N/A N/A,215.5939,#N/A N/A,86.0872
28/08/1980,#N/A N/A,215.749,#N/A N/A,86.4188
29/08/1980,#N/A N/A,216.783,#N/A N/A,88.2567
01/09/1980,#N/A N/A,216.783,#N/A N/A,88.2567
02/09/1980,#N/A N/A,218.1954,#N/A N/A,88.954
03/09/1980,#N/A N/A,218.0453,#N/A N/A,89.2347
04/09/1980,#N/A N/A,222.7603,#N/A N/A,88.4295
05/09/1980,#N/A N/A,223.8809,#N/A N/A,89.0968
08/09/1980,#N/A N/A,231.7463,#N/A N/A,90.6246
09/09/1980,#N/A N/A,233.514,#N/A N/A,90.5045
10/09/1980,#N/A N/A,237.7488,#N/A N/A,90.2142
11/09/1980,#N/A N/A,242.7066,#N/A N/A,91.0238
12/09/1980,#N/A N/A,240.6074,#N/A N/A,90.2845
15/09/1980,#N/A N/A,233.4212,#N/A N/A,90.3438
16/09/1980,#N/A N/A,239.7762,#N/A N/A,91.2259
17/09/1980,#N/A N/A,237.6263,#N/A N/A,91.6542
18/09/1980,#N/A N/A,238.0383,#N/A N/A,92.4754
19/09/1980,#N/A N/A,243.8692,#N/A N/A,93.4388
22/09/1980,#N/A N/A,253.1585,#N/A N/A,93.017
23/09/1980,#N/A N/A,254.4099,#N/A N/A,92.8775
24/09/1980,#N/A N/A,252.5875,#N/A N/A,92.2725
25/09/1980,#N/A N/A,252.4892,#N/A N/A,91.4005
26/09/1980,#N/A N/A,244.0072,#N/A N/A,88.9218
29/09/1980,#N/A N/A,235.1302,#N/A N/A,88.9011
30/09/1980,#N/A N/A,237.247,#N/A N/A,90.0823
01/10/1980,#N/A N/A,241.3656,#N/A N/A,90.6567
02/10/1980,#N/A N/A,236.6368,#N/A N/A,89.2598
03/10/1980,#N/A N/A,235.0803,#N/A N/A,90.4495
06/10/1980,#N/A N/A,239.9525,#N/A N/A,91.7571
07/10/1980,#N/A N/A,237.3812,#N/A N/A,91.6698
08/10/1980,#N/A N/A,238.6771,#N/A N/A,91.8273
09/10/1980,#N/A N/A,242.9035,#N/A N/A,92.4826
10/10/1980,#N/A N/A,242.8204,#N/A N/A,92.934
13/10/1980,#N/A N/A,239.6608,#N/A N/A,94.9437
14/10/1980,#N/A N/A,240.0018,#N/A N/A,94.6867
15/10/1980,#N/A N/A,237.8953,#N/A N/A,94.1562
16/10/1980,#N/A N/A,234.84,#N/A N/A,94.1244
17/10/1980,#N/A N/A,230.3404,#N/A N/A,94.7272
20/10/1980,#N/A N/A,229.9413,#N/A N/A,94.6123
21/10/1980,#N/A N/A,230.5951,#N/A N/A,95.3443
22/10/1980,#N/A N/A,227.8006,#N/A N/A,96.6283
23/10/1980,#N/A N/A,219.2441,#N/A N/A,96.461
24/10/1980,#N/A N/A,220.3296,#N/A N/A,97.1541
27/10/1980,#N/A N/A,220.7029,#N/A N/A,95.6163
28/10/1980,#N/A N/A,221.3518,#N/A N/A,97.4101
29/10/1980,#N/A N/A,223.305,#N/A N/A,96.8542
30/10/1980,#N/A N/A,224.2366,#N/A N/A,96.6342
31/10/1980,#N/A N/A,221.9054,#N/A N/A,96.6983
03/11/1980,#N/A N/A,226.8738,#N/A N/A,98.164
04/11/1980,#N/A N/A,226.8738,#N/A N/A,98.164
05/11/1980,#N/A N/A,222.6907,#N/A N/A,99.1814
06/11/1980,#N/A N/A,214.7077,#N/A N/A,96.5111
07/11/1980,#N/A N/A,210.6047,#N/A N/A,96.1122
10/11/1980,#N/A N/A,211.3304,#N/A N/A,94.4799
11/11/1980,#N/A N/A,213.0912,#N/A N/A,93.404
12/11/1980,#N/A N/A,214.6577,#N/A N/A,95.35
13/11/1980,#N/A N/A,213.3514,#N/A N/A,94.4339
14/11/1980,#N/A N/A,215.7494,#N/A N/A,95.4042
17/11/1980,#N/A N/A,215.0026,#N/A N/A,95.0924
18/11/1980,#N/A N/A,216.888,#N/A N/A,96.6078
19/11/1980,#N/A N/A,221.6294,#N/A N/A,96.5901
20/11/1980,#N/A N/A,225.902,#N/A N/A,97.9925
21/11/1980,#N/A N/A,224.2716,#N/A N/A,97.7162
24/11/1980,#N/A N/A,217.6113,#N/A N/A,94.7015
25/11/1980,#N/A N/A,219.7274,#N/A N/A,94.9317
26/11/1980,#N/A N/A,218.2911,#N/A N/A,95.3586
27/11/1980,#N/A N/A,218.2911,#N/A N/A,95.3586
28/11/1980,#N/A N/A,219.0405,#N/A N/A,95.8704
01/12/1980,#N/A N/A,219.9965,#N/A N/A,92.9974
02/12/1980,#N/A N/A,217.9325,#N/A N/A,92.6489
03/12/1980,#N/A N/A,220.1554,#N/A N/A,91.4909
04/12/1980,#N/A N/A,217.1359,#N/A N/A,90.606
05/12/1980,#N/A N/A,216.3447,#N/A N/A,89.6071
08/12/1980,#N/A N/A,213.4493,#N/A N/A,88.2433
09/12/1980,#N/A N/A,206.2761,#N/A N/A,86.2878
10/12/1980,#N/A N/A,197.8446,#N/A N/A,84.5014
11/12/1980,#N/A N/A,188.8746,#N/A N/A,81.042
12/12/1980,#N/A N/A,196.7381,#N/A N/A,82.721
15/12/1980,#N/A N/A,197.0844,#N/A N/A,85.9678
16/12/1980,#N/A N/A,194.1972,#N/A N/A,85.9496
17/12/1980,#N/A N/A,198.1109,#N/A N/A,86.8767
18/12/1980,#N/A N/A,196.2794,#N/A N/A,86.6425
19/12/1980,#N/A N/A,205.0072,#N/A N/A,87.1551
22/12/1980,#N/A N/A,203.6813,#N/A N/A,88.2002
23/12/1980,#N/A N/A,208.6742,#N/A N/A,88.6389
24/12/1980,#N/A N/A,208.9134,#N/A N/A,87.9276
25/12/1980,#N/A N/A,208.9134,#N/A N/A,87.9276
26/12/1980,#N/A N/A,208.9134,#N/A N/A,87.9276
29/12/1980,#N/A N/A,201.0734,#N/A N/A,86.9921
30/12/1980,#N/A N/A,200.2502,#N/A N/A,86.0757
31/12/1980,#N/A N/A,202.4852,#N/A N/A,88.1076
01/01/1981,#N/A N/A,202.4852,#N/A N/A,88.1076
02/01/1981,#N/A N/A,201.087,#N/A N/A,89.3375
05/01/1981,#N/A N/A,204.6704,#N/A N/A,90.2523
06/01/1981,#N/A N/A,205.7303,#N/A N/A,90.7222
07/01/1981,#N/A N/A,197.715,#N/A N/A,89.8612
08/01/1981,#N/A N/A,196.0138,#N/A N/A,88.5039
09/01/1981,#N/A N/A,196.6631,#N/A N/A,88.2643
12/01/1981,#N/A N/A,192.3319,#N/A N/A,88.6666
13/01/1981,#N/A N/A,192.3706,#N/A N/A,88.2597
14/01/1981,#N/A N/A,195.2342,#N/A N/A,88.7705
15/01/1981,#N/A N/A,190.9834,#N/A N/A,87.0354
16/01/1981,#N/A N/A,193.4207,#N/A N/A,86.9226
19/01/1981,#N/A N/A,193.199,#N/A N/A,86.0543
20/01/1981,#N/A N/A,195.4001,#N/A N/A,86.5879
21/01/1981,#N/A N/A,193.2146,#N/A N/A,85.6688
22/01/1981,#N/A N/A,189.1973,#N/A N/A,83.9831
23/01/1981,#N/A N/A,187.4268,#N/A N/A,82.7514
26/01/1981,#N/A N/A,179.7958,#N/A N/A,83.0648
27/01/1981,#N/A N/A,176.4659,#N/A N/A,83.1761
28/01/1981,#N/A N/A,172.9316,#N/A N/A,82.9267
29/01/1981,#N/A N/A,176.2254,#N/A N/A,81.3738
30/01/1981,#N/A N/A,170.5801,#N/A N/A,82.0198
02/02/1981,#N/A N/A,164.2976,#N/A N/A,82.0285
03/02/1981,#N/A N/A,167.9153,#N/A N/A,84.0055
04/02/1981,#N/A N/A,166.3563,#N/A N/A,82.9477
05/02/1981,#N/A N/A,169.6481,#N/A N/A,83.4785
06/02/1981,#N/A N/A,172.2481,#N/A N/A,84.8081
09/02/1981,#N/A N/A,177.4653,#N/A N/A,82.4284
10/02/1981,#N/A N/A,173.1527,#N/A N/A,82.7267
11/02/1981,#N/A N/A,169.0194,#N/A N/A,83.1839
12/02/1981,#N/A N/A,166.6481,#N/A N/A,82.4363
13/02/1981,#N/A N/A,166.4092,#N/A N/A,82.8925
16/02/1981,#N/A N/A,166.4092,#N/A N/A,82.8925
17/02/1981,#N/A N/A,169.5644,#N/A N/A,83.2135
18/02/1981,#N/A N/A,166.7515,#N/A N/A,82.7698
19/02/1981,#N/A N/A,172.0654,#N/A N/A,83.9116
20/02/1981,#N/A N/A,171.6215,#N/A N/A,84.2422
23/02/1981,#N/A N/A,168.557,#N/A N/A,83.9134
24/02/1981,#N/A N/A,170.3578,#N/A N/A,83.8469
25/02/1981,#N/A N/A,168.1882,#N/A N/A,83.4815
26/02/1981,#N/A N/A,165.3066,#N/A N/A,82.708
27/02/1981,#N/A N/A,161.675,#N/A N/A,82.399
02/03/1981,#N/A N/A,154.9048,#N/A N/A,80.0903
03/03/1981,#N/A N/A,158.9664,#N/A N/A,80.7431
04/03/1981,#N/A N/A,153.6399,#N/A N/A,79.5967
05/03/1981,#N/A N/A,155.3558,#N/A N/A,79.4768
06/03/1981,#N/A N/A,155.6454,#N/A N/A,79.9079
09/03/1981,#N/A N/A,158.0777,#N/A N/A,80.5034
10/03/1981,#N/A N/A,161.31,#N/A N/A,79.4676
11/03/1981,#N/A N/A,158.3912,#N/A N/A,79.1817
12/03/1981,#N/A N/A,160.9917,#N/A N/A,80.5275
13/03/1981,#N/A N/A,162.7002,#N/A N/A,80.5886
16/03/1981,#N/A N/A,165.2635,#N/A N/A,80.6399
17/03/1981,#N/A N/A,169.9743,#N/A N/A,81.8082
18/03/1981,#N/A N/A,170.9913,#N/A N/A,82.2561
19/03/1981,#N/A N/A,171.3047,#N/A N/A,82.412
20/03/1981,#N/A N/A,179.116,#N/A N/A,81.7107
23/03/1981,#N/A N/A,175.3687,#N/A N/A,83.1062
24/03/1981,#N/A N/A,178.5633,#N/A N/A,83.3149
25/03/1981,#N/A N/A,176.3091,#N/A N/A,82.9459
26/03/1981,#N/A N/A,181.3008,#N/A N/A,81.9263
27/03/1981,#N/A N/A,175.7965,#N/A N/A,81.9118
30/03/1981,#N/A N/A,169.9058,#N/A N/A,82.0373
31/03/1981,#N/A N/A,168.8596,#N/A N/A,82.9236
01/04/1981,#N/A N/A,170.1115,#N/A N/A,82.2975
02/04/1981,#N/A N/A,170.4302,#N/A N/A,83.2315
03/04/1981,#N/A N/A,171.6666,#N/A N/A,82.3183
06/04/1981,#N/A N/A,173.3526,#N/A N/A,82.2998
07/04/1981,#N/A N/A,168.1694,#N/A N/A,83.9212
08/04/1981,#N/A N/A,167.9557,#N/A N/A,83.6359
09/04/1981,#N/A N/A,161.205,#N/A N/A,83.8758
10/04/1981,#N/A N/A,159.4881,#N/A N/A,82.863
13/04/1981,#N/A N/A,157.6243,#N/A N/A,81.7155
14/04/1981,#N/A N/A,159.3601,#N/A N/A,81.549
15/04/1981,#N/A N/A,156.334,#N/A N/A,81.7984
16/04/1981,#N/A N/A,160.5726,#N/A N/A,82.2589
17/04/1981,#N/A N/A,160.5726,#N/A N/A,82.2589
20/04/1981,#N/A N/A,161.2923,#N/A N/A,82.6862
21/04/1981,#N/A N/A,161.6863,#N/A N/A,82.924
22/04/1981,#N/A N/A,160.7543,#N/A N/A,82.6903
23/04/1981,#N/A N/A,161.4046,#N/A N/A,82.8344
24/04/1981,#N/A N/A,159.3101,#N/A N/A,82.5015
27/04/1981,#N/A N/A,159.4644,#N/A N/A,82.4544
28/04/1981,#N/A N/A,158.8893,#N/A N/A,81.1067
29/04/1981,#N/A N/A,157.0912,#N/A N/A,80.7137
30/04/1981,#N/A N/A,158.5262,#N/A N/A,81.5029
01/05/1981,#N/A N/A,160.397,#N/A N/A,81.4857
04/05/1981,#N/A N/A,157.7546,#N/A N/A,80.0368
05/05/1981,#N/A N/A,157.8359,#N/A N/A,79.5795
06/05/1981,#N/A N/A,157.339,#N/A N/A,80.2312
07/05/1981,#N/A N/A,158.1938,#N/A N/A,80.347
08/05/1981,#N/A N/A,162.2732,#N/A N/A,80.409
11/05/1981,#N/A N/A,160.1456,#N/A N/A,79.0627
12/05/1981,#N/A N/A,159.1739,#N/A N/A,78.0276
13/05/1981,#N/A N/A,158.2267,#N/A N/A,78.0606
14/05/1981,#N/A N/A,156.2997,#N/A N/A,78.3277
15/05/1981,#N/A N/A,157.787,#N/A N/A,77.7046
18/05/1981,#N/A N/A,157.7302,#N/A N/A,78.3524
19/05/1981,#N/A N/A,157.767,#N/A N/A,77.6779
20/05/1981,#N/A N/A,157.5268,#N/A N/A,78.2329
21/05/1981,#N/A N/A,153.7227,#N/A N/A,77.2309
22/05/1981,#N/A N/A,153.7579,#N/A N/A,76.9329
25/05/1981,#N/A N/A,153.7579,#N/A N/A,76.9329
26/05/1981,#N/A N/A,151.8822,#N/A N/A,77.1879
27/05/1981,#N/A N/A,153.0259,#N/A N/A,78.0272
28/05/1981,#N/A N/A,156.1252,#N/A N/A,78.0307
29/05/1981,#N/A N/A,157.1511,#N/A N/A,78.4324
01/06/1981,#N/A N/A,155.3805,#N/A N/A,77.443
02/06/1981,#N/A N/A,154.9597,#N/A N/A,76.9788
03/06/1981,#N/A N/A,153.3209,#N/A N/A,75.6095
04/06/1981,#N/A N/A,149.9907,#N/A N/A,75.0303
05/06/1981,#N/A N/A,147.4594,#N/A N/A,74.9736
08/06/1981,#N/A N/A,150.5813,#N/A N/A,74.5948
09/06/1981,#N/A N/A,148.7928,#N/A N/A,74.7928
10/06/1981,#N/A N/A,151.3059,#N/A N/A,75.9538
11/06/1981,#N/A N/A,151.8611,#N/A N/A,74.7326
12/06/1981,#N/A N/A,153.0527,#N/A N/A,75.8125
15/06/1981,#N/A N/A,151.3202,#N/A N/A,76.2298
16/06/1981,#N/A N/A,150.6636,#N/A N/A,75.5591
17/06/1981,#N/A N/A,150.361,#N/A N/A,74.8568
18/06/1981,#N/A N/A,149.3313,#N/A N/A,74.852
19/06/1981,#N/A N/A,149.1081,#N/A N/A,74.8663
22/06/1981,#N/A N/A,150.8885,#N/A N/A,74.3365
23/06/1981,#N/A N/A,151.1612,#N/A N/A,73.9167
24/06/1981,#N/A N/A,148.1707,#N/A N/A,73.8257
25/06/1981,#N/A N/A,142.7017,#N/A N/A,72.5811
26/06/1981,#N/A N/A,141.5902,#N/A N/A,72.2249
29/06/1981,#N/A N/A,136.7159,#N/A N/A,71.8224
30/06/1981,#N/A N/A,135.2843,#N/A N/A,72.4341
01/07/1981,#N/A N/A,132.1728,#N/A N/A,73.9225
02/07/1981,#N/A N/A,131.087,#N/A N/A,74.1309
03/07/1981,#N/A N/A,131.087,#N/A N/A,74.1309
06/07/1981,#N/A N/A,127.4945,#N/A N/A,76.593
07/07/1981,#N/A N/A,130.1571,#N/A N/A,76.2902
08/07/1981,#N/A N/A,128.5956,#N/A N/A,77.2096
09/07/1981,#N/A N/A,131.8233,#N/A N/A,76.6198
10/07/1981,#N/A N/A,134.8749,#N/A N/A,78.2382
13/07/1981,#N/A N/A,130.8509,#N/A N/A,79.6237
14/07/1981,#N/A N/A,131.555,#N/A N/A,77.7294
15/07/1981,#N/A N/A,131.5955,#N/A N/A,77.448
16/07/1981,#N/A N/A,132.9493,#N/A N/A,77.5163
17/07/1981,#N/A N/A,134.1403,#N/A N/A,77.2774
20/07/1981,#N/A N/A,131.0147,#N/A N/A,76.258
21/07/1981,#N/A N/A,131.2456,#N/A N/A,77.1003
22/07/1981,#N/A N/A,130.2136,#N/A N/A,78.0867
23/07/1981,#N/A N/A,130.2334,#N/A N/A,79.1126
24/07/1981,#N/A N/A,129.9445,#N/A N/A,79.3754
27/07/1981,#N/A N/A,127.9765,#N/A N/A,78.7509
28/07/1981,#N/A N/A,130.1163,#N/A N/A,79.5687
29/07/1981,#N/A N/A,129.1363,#N/A N/A,78.533
30/07/1981,#N/A N/A,128.845,#N/A N/A,77.706
31/07/1981,#N/A N/A,128.7514,#N/A N/A,78.4194
03/08/1981,#N/A N/A,124.0728,#N/A N/A,76.9145
04/08/1981,#N/A N/A,124.6494,#N/A N/A,77.0205
05/08/1981,#N/A N/A,124.977,#N/A N/A,76.3118
06/08/1981,#N/A N/A,128.3797,#N/A N/A,76.7916
07/08/1981,#N/A N/A,127.1272,#N/A N/A,76.4736
10/08/1981,#N/A N/A,127.8295,#N/A N/A,75.6788
11/08/1981,#N/A N/A,132.3515,#N/A N/A,75.576
12/08/1981,#N/A N/A,130.6813,#N/A N/A,75.5983
13/08/1981,#N/A N/A,132.7165,#N/A N/A,74.2562
14/08/1981,#N/A N/A,132.8576,#N/A N/A,74.5016
17/08/1981,#N/A N/A,134.0306,#N/A N/A,74.8654
18/08/1981,#N/A N/A,140.3668,#N/A N/A,74.2587
19/08/1981,#N/A N/A,141.5018,#N/A N/A,74.9332
20/08/1981,#N/A N/A,139.0629,#N/A N/A,74.1997
21/08/1981,#N/A N/A,140.3168,#N/A N/A,73.254
24/08/1981,#N/A N/A,134.2353,#N/A N/A,71.7464
25/08/1981,#N/A N/A,131.7215,#N/A N/A,71.5348
26/08/1981,#N/A N/A,132.7901,#N/A N/A,71.8866
27/08/1981,#N/A N/A,135.1895,#N/A N/A,71.2
28/08/1981,#N/A N/A,137.6088,#N/A N/A,71.5146
31/08/1981,#N/A N/A,137.6071,#N/A N/A,71.5642
01/09/1981,#N/A N/A,138.0862,#N/A N/A,71.7358
02/09/1981,#N/A N/A,141.1048,#N/A N/A,72.309
03/09/1981,#N/A N/A,145.4232,#N/A N/A,73.04
04/09/1981,#N/A N/A,143.0535,#N/A N/A,72.3593
07/09/1981,#N/A N/A,143.0535,#N/A N/A,72.3593
08/09/1981,#N/A N/A,141.885,#N/A N/A,71.2982
09/09/1981,#N/A N/A,147.1978,#N/A N/A,71.7039
10/09/1981,#N/A N/A,149.1253,#N/A N/A,71.9358
11/09/1981,#N/A N/A,150.7339,#N/A N/A,71.7841
14/09/1981,#N/A N/A,153.1311,#N/A N/A,72.6896
15/09/1981,#N/A N/A,150.7883,#N/A N/A,72.9261
16/09/1981,#N/A N/A,149.4224,#N/A N/A,72.3955
17/09/1981,#N/A N/A,145.5235,#N/A N/A,72.5247
18/09/1981,#N/A N/A,145.9072,#N/A N/A,72.3342
21/09/1981,#N/A N/A,151.7986,#N/A N/A,72.5617
22/09/1981,#N/A N/A,149.1687,#N/A N/A,72.3567
23/09/1981,#N/A N/A,146.9286,#N/A N/A,71.8942
24/09/1981,#N/A N/A,142.8975,#N/A N/A,71.9438
25/09/1981,#N/A N/A,136.953,#N/A N/A,72.1026
28/09/1981,#N/A N/A,136.6426,#N/A N/A,71.8971
29/09/1981,#N/A N/A,137.3077,#N/A N/A,72.0645
30/09/1981,#N/A N/A,138.0626,#N/A N/A,72.4101
01/10/1981,#N/A N/A,138.0842,#N/A N/A,72.229
02/10/1981,#N/A N/A,140.3808,#N/A N/A,72.826
05/10/1981,#N/A N/A,138.502,#N/A N/A,73.9095
06/10/1981,#N/A N/A,143.8662,#N/A N/A,74.2175
07/10/1981,#N/A N/A,141.0456,#N/A N/A,73.747
08/10/1981,#N/A N/A,142.9182,#N/A N/A,73.091
09/10/1981,#N/A N/A,142.8894,#N/A N/A,73.2227
12/10/1981,#N/A N/A,141.1646,#N/A N/A,74.0874
13/10/1981,#N/A N/A,143.278,#N/A N/A,75.0406
14/10/1981,#N/A N/A,142.4041,#N/A N/A,74.8083
15/10/1981,#N/A N/A,141.3378,#N/A N/A,73.9197
16/10/1981,#N/A N/A,140.6724,#N/A N/A,73.693
19/10/1981,#N/A N/A,138.7476,#N/A N/A,73.355
20/10/1981,#N/A N/A,137.1341,#N/A N/A,72.2997
21/10/1981,#N/A N/A,137.3763,#N/A N/A,72.5961
22/10/1981,#N/A N/A,137.9596,#N/A N/A,72.3095
23/10/1981,#N/A N/A,137.2746,#N/A N/A,72.8158
26/10/1981,#N/A N/A,135.005,#N/A N/A,72.3651
27/10/1981,#N/A N/A,141.4618,#N/A N/A,72.3482
28/10/1981,#N/A N/A,135.0157,#N/A N/A,72.9335
29/10/1981,#N/A N/A,137.2807,#N/A N/A,73.4087
30/10/1981,#N/A N/A,136.3746,#N/A N/A,73.5722
02/11/1981,#N/A N/A,136.6001,#N/A N/A,74.2953
03/11/1981,#N/A N/A,137.2682,#N/A N/A,74.2501
04/11/1981,#N/A N/A,137.0986,#N/A N/A,73.9891
05/11/1981,#N/A N/A,136.6031,#N/A N/A,73.9378
06/11/1981,#N/A N/A,136.5371,#N/A N/A,73.5649
09/11/1981,#N/A N/A,133.6775,#N/A N/A,73.329
10/11/1981,#N/A N/A,130.9632,#N/A N/A,72.1389
11/11/1981,#N/A N/A,129.9114,#N/A N/A,72.492
12/11/1981,#N/A N/A,130.7826,#N/A N/A,73.034
13/11/1981,#N/A N/A,130.9832,#N/A N/A,72.8025
16/11/1981,#N/A N/A,126.1027,#N/A N/A,72.4496
17/11/1981,#N/A N/A,127.3328,#N/A N/A,72.0761
18/11/1981,#N/A N/A,125.4668,#N/A N/A,71.7185
19/11/1981,#N/A N/A,125.5793,#N/A N/A,71.8996
20/11/1981,#N/A N/A,124.9803,#N/A N/A,71.5916
23/11/1981,#N/A N/A,123.4111,#N/A N/A,70.8028
24/11/1981,#N/A N/A,125.5997,#N/A N/A,70.2427
25/11/1981,#N/A N/A,129.0428,#N/A N/A,70.7141
26/11/1981,#N/A N/A,129.0428,#N/A N/A,70.7141
27/11/1981,#N/A N/A,129.3844,#N/A N/A,70.7501
30/11/1981,#N/A N/A,127.5145,#N/A N/A,70.622
01/12/1981,#N/A N/A,126.8831,#N/A N/A,71.34
02/12/1981,#N/A N/A,132.5003,#N/A N/A,71.5341
03/12/1981,#N/A N/A,132.6069,#N/A N/A,71.6892
04/12/1981,#N/A N/A,133.7377,#N/A N/A,72.1421
07/12/1981,#N/A N/A,132.5563,#N/A N/A,71.0803
08/12/1981,#N/A N/A,130.324,#N/A N/A,69.7336
09/12/1981,#N/A N/A,129.9177,#N/A N/A,69.7503
10/12/1981,#N/A N/A,128.5494,#N/A N/A,69.33
11/12/1981,#N/A N/A,128.723,#N/A N/A,70.2745
14/12/1981,#N/A N/A,131.2304,#N/A N/A,69.4562
15/12/1981,#N/A N/A,131.9736,#N/A N/A,68.8588
16/12/1981,#N/A N/A,133.9024,#N/A N/A,69.0167
17/12/1981,#N/A N/A,132.5036,#N/A N/A,69.3637
18/12/1981,#N/A N/A,131.0154,#N/A N/A,68.7218
21/12/1981,#N/A N/A,126.5444,#N/A N/A,68.0459
22/12/1981,#N/A N/A,127.2771,#N/A N/A,68.6118
23/12/1981,#N/A N/A,127.083,#N/A N/A,68.4138
24/12/1981,#N/A N/A,126.6446,#N/A N/A,68.9595
25/12/1981,#N/A N/A,126.6446,#N/A N/A,68.9595
28/12/1981,#N/A N/A,123.7702,#N/A N/A,70.0241
29/12/1981,#N/A N/A,124.3129,#N/A N/A,69.3726
30/12/1981,#N/A N/A,125.9881,#N/A N/A,69.2652
31/12/1981,#N/A N/A,125.6713,#N/A N/A,69.3347
01/01/1982,#N/A N/A,125.6713,#N/A N/A,69.3347
04/01/1982,#N/A N/A,127.2301,#N/A N/A,70.0541
05/01/1982,#N/A N/A,127.2057,#N/A N/A,70.1534
06/01/1982,#N/A N/A,126.4814,#N/A N/A,70.9352
07/01/1982,#N/A N/A,126.2466,#N/A N/A,70.9012
08/01/1982,#N/A N/A,124.8551,#N/A N/A,70.7643
11/01/1982,#N/A N/A,122.274,#N/A N/A,70.4124
12/01/1982,#N/A N/A,122.8673,#N/A N/A,70.2611
13/01/1982,#N/A N/A,119.6687,#N/A N/A,70.2494
14/01/1982,#N/A N/A,119.3979,#N/A N/A,70.6221
15/01/1982,#N/A N/A,117.4218,#N/A N/A,70.6403
18/01/1982,#N/A N/A,119.2854,#N/A N/A,70.7931
19/01/1982,#N/A N/A,117.6569,#N/A N/A,70.0909
20/01/1982,#N/A N/A,118.6456,#N/A N/A,70.5091
21/01/1982,#N/A N/A,119.0273,#N/A N/A,70.6029
22/01/1982,#N/A N/A,119.5374,#N/A N/A,70.48
25/01/1982,#N/A N/A,119.0802,#N/A N/A,70.1458
26/01/1982,#N/A N/A,119.6869,#N/A N/A,71.0094
27/01/1982,#N/A N/A,122.2945,#N/A N/A,71.775
28/01/1982,#N/A N/A,122.731,#N/A N/A,71.1489
29/01/1982,#N/A N/A,122.6009,#N/A N/A,71.5667
01/02/1982,#N/A N/A,122.0317,#N/A N/A,71.9051
02/02/1982,#N/A N/A,120.967,#N/A N/A,71.4782
03/02/1982,#N/A N/A,121.9509,#N/A N/A,71.1938
04/02/1982,#N/A N/A,124.733,#N/A N/A,71.3257
05/02/1982,#N/A N/A,124.6337,#N/A N/A,71.1238
08/02/1982,#N/A N/A,122.8304,#N/A N/A,70.391
09/02/1982,#N/A N/A,123.3472,#N/A N/A,70.1923
10/02/1982,#N/A N/A,125.2946,#N/A N/A,70.4653
11/02/1982,#N/A N/A,123.2317,#N/A N/A,70.4785
12/02/1982,#N/A N/A,123.3058,#N/A N/A,70.2013
15/02/1982,#N/A N/A,123.3058,#N/A N/A,70.2013
16/02/1982,#N/A N/A,122.2636,#N/A N/A,70.3117
17/02/1982,#N/A N/A,121.8698,#N/A N/A,70.0991
18/02/1982,#N/A N/A,119.883,#N/A N/A,69.8418
19/02/1982,#N/A N/A,118.2712,#N/A N/A,69.2292
22/02/1982,#N/A N/A,117.3813,#N/A N/A,68.7233
23/02/1982,#N/A N/A,116.441,#N/A N/A,68.4198
24/02/1982,#N/A N/A,118.1797,#N/A N/A,68.3775
25/02/1982,#N/A N/A,117.2139,#N/A N/A,68.4862
26/02/1982,#N/A N/A,115.4302,#N/A N/A,68.6431
01/03/1982,#N/A N/A,116.4387,#N/A N/A,68.9029
02/03/1982,#N/A N/A,115.1968,#N/A N/A,69.1096
03/03/1982,#N/A N/A,112.8954,#N/A N/A,68.3515
04/03/1982,#N/A N/A,110.5497,#N/A N/A,68.5192
05/03/1982,#N/A N/A,107.3573,#N/A N/A,68.111
08/03/1982,#N/A N/A,104.9935,#N/A N/A,67.4882
09/03/1982,#N/A N/A,106.7464,#N/A N/A,67.6188
10/03/1982,#N/A N/A,107.8278,#N/A N/A,67.9655
11/03/1982,#N/A N/A,105.4717,#N/A N/A,67.6398
12/03/1982,#N/A N/A,102.3143,#N/A N/A,66.945
15/03/1982,#N/A N/A,104.8953,#N/A N/A,67.7722
16/03/1982,#N/A N/A,101.6405,#N/A N/A,67.0572
17/03/1982,#N/A N/A,102.974,#N/A N/A,67.49
18/03/1982,#N/A N/A,104.6183,#N/A N/A,67.8311
19/03/1982,#N/A N/A,102.3986,#N/A N/A,67.8352
22/03/1982,#N/A N/A,104.7817,#N/A N/A,68.5702
23/03/1982,#N/A N/A,105.1613,#N/A N/A,68.6047
24/03/1982,#N/A N/A,107.3354,#N/A N/A,68.3521
25/03/1982,#N/A N/A,104.7033,#N/A N/A,67.8213
26/03/1982,#N/A N/A,103.5486,#N/A N/A,67.3368
29/03/1982,#N/A N/A,104.1598,#N/A N/A,67.7527
30/03/1982,#N/A N/A,103.0525,#N/A N/A,68.0581
31/03/1982,#N/A N/A,105.276,#N/A N/A,68.1952
01/04/1982,#N/A N/A,104.7062,#N/A N/A,68.5398
02/04/1982,#N/A N/A,106.0209,#N/A N/A,68.8519
05/04/1982,#N/A N/A,111.0157,#N/A N/A,69.7117
06/04/1982,#N/A N/A,114.7149,#N/A N/A,69.5676
07/04/1982,#N/A N/A,111.8434,#N/A N/A,69.1033
08/04/1982,#N/A N/A,114.2759,#N/A N/A,69.6074
09/04/1982,#N/A N/A,114.2759,#N/A N/A,69.6074
12/04/1982,#N/A N/A,111.8115,#N/A N/A,69.5304
13/04/1982,#N/A N/A,113.2174,#N/A N/A,69.3342
14/04/1982,#N/A N/A,116.9163,#N/A N/A,69.4898
15/04/1982,#N/A N/A,115.8028,#N/A N/A,69.3814
16/04/1982,#N/A N/A,114.675,#N/A N/A,68.9319
19/04/1982,#N/A N/A,108.5579,#N/A N/A,68.479
20/04/1982,#N/A N/A,109.5736,#N/A N/A,69.0057
21/04/1982,#N/A N/A,109.329,#N/A N/A,68.9962
22/04/1982,#N/A N/A,109.36,#N/A N/A,68.4708
23/04/1982,#N/A N/A,111.3117,#N/A N/A,69.6936
26/04/1982,#N/A N/A,110.6446,#N/A N/A,70.127
27/04/1982,#N/A N/A,111.7343,#N/A N/A,69.5556
28/04/1982,#N/A N/A,111.3039,#N/A N/A,69.5356
29/04/1982,#N/A N/A,111.3158,#N/A N/A,69.869
30/04/1982,#N/A N/A,108.304,#N/A N/A,69.3989
03/05/1982,#N/A N/A,108.3176,#N/A N/A,69.1348
04/05/1982,#N/A N/A,107.7315,#N/A N/A,68.9422
05/05/1982,#N/A N/A,106.1598,#N/A N/A,68.7404
06/05/1982,#N/A N/A,104.9708,#N/A N/A,68.3566
07/05/1982,#N/A N/A,105.1316,#N/A N/A,68.51
10/05/1982,#N/A N/A,103.4856,#N/A N/A,68.4999
11/05/1982,#N/A N/A,104.6701,#N/A N/A,68.8797
12/05/1982,#N/A N/A,104.4642,#N/A N/A,68.7133
13/05/1982,#N/A N/A,103.9556,#N/A N/A,68.0983
14/05/1982,#N/A N/A,106.043,#N/A N/A,68.353
17/05/1982,#N/A N/A,104.7716,#N/A N/A,68.1924
18/05/1982,#N/A N/A,106.3395,#N/A N/A,68.2746
19/05/1982,#N/A N/A,106.4458,#N/A N/A,68.467
20/05/1982,#N/A N/A,106.9832,#N/A N/A,68.5986
21/05/1982,#N/A N/A,105.2956,#N/A N/A,68.7591
24/05/1982,#N/A N/A,102.7329,#N/A N/A,68.1874
25/05/1982,#N/A N/A,102.8795,#N/A N/A,67.854
26/05/1982,#N/A N/A,101.2933,#N/A N/A,68.0664
27/05/1982,#N/A N/A,101.4917,#N/A N/A,67.4712
28/05/1982,#N/A N/A,99.953,#N/A N/A,66.833
31/05/1982,#N/A N/A,99.953,#N/A N/A,66.833
01/06/1982,#N/A N/A,98.0134,#N/A N/A,65.4813
02/06/1982,#N/A N/A,98.7735,#N/A N/A,65.9224
03/06/1982,#N/A N/A,97.4584,#N/A N/A,65.5452
04/06/1982,#N/A N/A,97.7433,#N/A N/A,65.4528
07/06/1982,#N/A N/A,102.9945,#N/A N/A,66.5685
08/06/1982,#N/A N/A,101.318,#N/A N/A,66.3341
09/06/1982,#N/A N/A,99.6928,#N/A N/A,66.0227
10/06/1982,#N/A N/A,100.1485,#N/A N/A,66.183
11/06/1982,#N/A N/A,100.1468,#N/A N/A,67.0383
14/06/1982,#N/A N/A,95.908,#N/A N/A,65.7815
15/06/1982,#N/A N/A,95.1713,#N/A N/A,65.9569
16/06/1982,#N/A N/A,95.5217,#N/A N/A,65.5161
17/06/1982,#N/A N/A,91.9723,#N/A N/A,64.8868
18/06/1982,#N/A N/A,91.0015,#N/A N/A,65.0053
21/06/1982,#N/A N/A,89.8068,#N/A N/A,65.5783
22/06/1982,#N/A N/A,89.3247,#N/A N/A,66.266
23/06/1982,#N/A N/A,92.2578,#N/A N/A,66.4512
24/06/1982,#N/A N/A,91.2542,#N/A N/A,66.4875
25/06/1982,#N/A N/A,91.9066,#N/A N/A,66.5514
28/06/1982,#N/A N/A,93.5635,#N/A N/A,66.1161
29/06/1982,#N/A N/A,96.5589,#N/A N/A,66.6924
30/06/1982,#N/A N/A,97.3583,#N/A N/A,66.2323
01/07/1982,#N/A N/A,96.5718,#N/A N/A,66.4375
02/07/1982,#N/A N/A,96.208,#N/A N/A,66.0506
05/07/1982,#N/A N/A,96.208,#N/A N/A,66.0506
06/07/1982,#N/A N/A,94.4178,#N/A N/A,65.3203
07/07/1982,#N/A N/A,95.2418,#N/A N/A,64.6535
08/07/1982,#N/A N/A,99.4539,#N/A N/A,65.3081
09/07/1982,#N/A N/A,105.9385,#N/A N/A,65.5209
12/07/1982,#N/A N/A,104.339,#N/A N/A,65.6973
13/07/1982,#N/A N/A,109.3619,#N/A N/A,66.6348
14/07/1982,#N/A N/A,106.7486,#N/A N/A,66.4068
15/07/1982,#N/A N/A,105.4183,#N/A N/A,66.1557
16/07/1982,#N/A N/A,107.4207,#N/A N/A,66.2009
19/07/1982,#N/A N/A,106.2668,#N/A N/A,65.2502
20/07/1982,#N/A N/A,111.1355,#N/A N/A,65.6676
21/07/1982,#N/A N/A,109.9218,#N/A N/A,65.6392
22/07/1982,#N/A N/A,111.0671,#N/A N/A,65.3931
23/07/1982,#N/A N/A,112.5496,#N/A N/A,65.3926
26/07/1982,#N/A N/A,111.8558,#N/A N/A,64.8115
27/07/1982,#N/A N/A,110.5718,#N/A N/A,64.5999
28/07/1982,#N/A N/A,105.6176,#N/A N/A,63.7834
29/07/1982,#N/A N/A,104.4036,#N/A N/A,64.028
30/07/1982,#N/A N/A,105.8478,#N/A N/A,63.8495
02/08/1982,#N/A N/A,109.9665,#N/A N/A,64.5302
03/08/1982,#N/A N/A,107.3889,#N/A N/A,64.2353
04/08/1982,#N/A N/A,108.9933,#N/A N/A,64.4067
05/08/1982,#N/A N/A,106.9751,#N/A N/A,63.9523
06/08/1982,#N/A N/A,106.4271,#N/A N/A,63.1221
09/08/1982,#N/A N/A,102.6598,#N/A N/A,62.4148
10/08/1982,#N/A N/A,101.4727,#N/A N/A,62.2925
11/08/1982,#N/A N/A,101.6675,#N/A N/A,62.1454
12/08/1982,#N/A N/A,103.3151,#N/A N/A,60.891
13/08/1982,#N/A N/A,101.8757,#N/A N/A,61.1827
16/08/1982,#N/A N/A,103.486,#N/A N/A,60.1073
17/08/1982,#N/A N/A,105.4134,#N/A N/A,60.5081
18/08/1982,#N/A N/A,110.6545,#N/A N/A,61.5924
19/08/1982,#N/A N/A,114.9485,#N/A N/A,61.1933
20/08/1982,#N/A N/A,119.561,#N/A N/A,61.4612
23/08/1982,#N/A N/A,123.4557,#N/A N/A,61.881
24/08/1982,#N/A N/A,123.3439,#N/A N/A,62.2442
25/08/1982,#N/A N/A,125.1147,#N/A N/A,62.355
26/08/1982,#N/A N/A,131.6177,#N/A N/A,61.7567
27/08/1982,#N/A N/A,124.2103,#N/A N/A,60.974
30/08/1982,#N/A N/A,125.0461,#N/A N/A,60.5558
31/08/1982,#N/A N/A,125.0653,#N/A N/A,60.7595
01/09/1982,#N/A N/A,123.6064,#N/A N/A,61.1008
02/09/1982,#N/A N/A,131.191,#N/A N/A,61.5193
03/09/1982,#N/A N/A,138.7791,#N/A N/A,61.1102
06/09/1982,#N/A N/A,138.7791,#N/A N/A,61.1102
07/09/1982,#N/A N/A,143.8901,#N/A N/A,60.2891
08/09/1982,#N/A N/A,149.5162,#N/A N/A,59.9678
09/09/1982,#N/A N/A,141.9846,#N/A N/A,60.0291
10/09/1982,#N/A N/A,136.6303,#N/A N/A,59.7513
13/09/1982,#N/A N/A,138.4085,#N/A N/A,60.697
14/09/1982,#N/A N/A,135.5349,#N/A N/A,60.5772
15/09/1982,#N/A N/A,138.3819,#N/A N/A,60.7243
16/09/1982,#N/A N/A,138.4707,#N/A N/A,60.8917
17/09/1982,#N/A N/A,135.3336,#N/A N/A,60.2411
20/09/1982,#N/A N/A,132.8854,#N/A N/A,59.8565
21/09/1982,#N/A N/A,136.7118,#N/A N/A,59.8344
22/09/1982,#N/A N/A,136.4523,#N/A N/A,59.7185
23/09/1982,#N/A N/A,136.8768,#N/A N/A,59.8681
24/09/1982,#N/A N/A,130.2125,#N/A N/A,60.1435
27/09/1982,#N/A N/A,125.7877,#N/A N/A,60.1817
28/09/1982,#N/A N/A,128.8593,#N/A N/A,59.7692
29/09/1982,#N/A N/A,122.654,#N/A N/A,59.619
30/09/1982,#N/A N/A,123.7382,#N/A N/A,59.3258
01/10/1982,#N/A N/A,126.7452,#N/A N/A,58.7581
04/10/1982,#N/A N/A,120.5064,#N/A N/A,58.2563
05/10/1982,#N/A N/A,122.1286,#N/A N/A,58.4048
06/10/1982,#N/A N/A,124.0605,#N/A N/A,58.5915
07/10/1982,#N/A N/A,131.7033,#N/A N/A,59.6396
08/10/1982,#N/A N/A,132.0005,#N/A N/A,58.9115
11/10/1982,#N/A N/A,139.7078,#N/A N/A,59.8092
12/10/1982,#N/A N/A,138.8756,#N/A N/A,59.8514
13/10/1982,#N/A N/A,144.3144,#N/A N/A,60.3543
14/10/1982,#N/A N/A,140.4248,#N/A N/A,59.5459
15/10/1982,#N/A N/A,136.8077,#N/A N/A,59.051
18/10/1982,#N/A N/A,139.5899,#N/A N/A,58.8378
19/10/1982,#N/A N/A,136.6427,#N/A N/A,58.5416
20/10/1982,#N/A N/A,139.9354,#N/A N/A,59.0464
21/10/1982,#N/A N/A,137.567,#N/A N/A,58.5151
22/10/1982,#N/A N/A,141.1759,#N/A N/A,58.5552
25/10/1982,#N/A N/A,135.8372,#N/A N/A,57.8981
26/10/1982,#N/A N/A,135.8515,#N/A N/A,58.5471
27/10/1982,#N/A N/A,136.3474,#N/A N/A,58.6921
28/10/1982,#N/A N/A,135.6994,#N/A N/A,58.9309
29/10/1982,#N/A N/A,136.344,#N/A N/A,58.8354
01/11/1982,#N/A N/A,140.6496,#N/A N/A,59.2486
02/11/1982,#N/A N/A,140.6496,#N/A N/A,59.2486
03/11/1982,#N/A N/A,139.015,#N/A N/A,59.5719
04/11/1982,#N/A N/A,140.7906,#N/A N/A,60.129
05/11/1982,#N/A N/A,137.9852,#N/A N/A,61.0399
08/11/1982,#N/A N/A,133.4731,#N/A N/A,60.8031
09/11/1982,#N/A N/A,135.4691,#N/A N/A,61.0034
10/11/1982,#N/A N/A,131.4036,#N/A N/A,60.9981
11/11/1982,#N/A N/A,130.6113,#N/A N/A,61.0203
12/11/1982,#N/A N/A,131.979,#N/A N/A,60.9729
15/11/1982,#N/A N/A,131.0803,#N/A N/A,60.8587
16/11/1982,#N/A N/A,133.2647,#N/A N/A,61.3106
17/11/1982,#N/A N/A,131.7518,#N/A N/A,61.1954
18/11/1982,#N/A N/A,133.5531,#N/A N/A,61.5284
19/11/1982,#N/A N/A,134.0392,#N/A N/A,61.7794
22/11/1982,#N/A N/A,130.0798,#N/A N/A,61.8826
23/11/1982,#N/A N/A,128.5912,#N/A N/A,61.7208
24/11/1982,#N/A N/A,130.736,#N/A N/A,61.6735
25/11/1982,#N/A N/A,130.736,#N/A N/A,61.6735
26/11/1982,#N/A N/A,135.777,#N/A N/A,61.631
29/11/1982,#N/A N/A,138.0801,#N/A N/A,60.944
30/11/1982,#N/A N/A,141.7514,#N/A N/A,61.351
01/12/1982,#N/A N/A,140.4727,#N/A N/A,61.2232
02/12/1982,#N/A N/A,143.3044,#N/A N/A,60.5428
03/12/1982,#N/A N/A,142.7132,#N/A N/A,60.3486
06/12/1982,#N/A N/A,145.1134,#N/A N/A,61.0602
07/12/1982,#N/A N/A,148.0802,#N/A N/A,61.4603
08/12/1982,#N/A N/A,142.9422,#N/A N/A,60.7294
09/12/1982,#N/A N/A,143.8407,#N/A N/A,61.2584
10/12/1982,#N/A N/A,141.2156,#N/A N/A,60.5347
13/12/1982,#N/A N/A,144.4513,#N/A N/A,60.5723
14/12/1982,#N/A N/A,139.5924,#N/A N/A,60.2191
15/12/1982,#N/A N/A,142.1491,#N/A N/A,60.1206
16/12/1982,#N/A N/A,142.9392,#N/A N/A,59.9568
17/12/1982,#N/A N/A,142.3229,#N/A N/A,60.2497
20/12/1982,#N/A N/A,143.4329,#N/A N/A,60.2723
21/12/1982,#N/A N/A,146.6197,#N/A N/A,60.5455
22/12/1982,#N/A N/A,144.3254,#N/A N/A,60.5059
23/12/1982,#N/A N/A,145.2686,#N/A N/A,60.4302
24/12/1982,#N/A N/A,145.2686,#N/A N/A,60.4302
27/12/1982,#N/A N/A,149.6747,#N/A N/A,60.7709
28/12/1982,#N/A N/A,148.8017,#N/A N/A,61.0682
29/12/1982,#N/A N/A,150.7224,#N/A N/A,60.8329
30/12/1982,#N/A N/A,146.8159,#N/A N/A,60.6032
31/12/1982,#N/A N/A,146.8159,#N/A N/A,60.6032
03/01/1983,#N/A N/A,147.2023,#N/A N/A,60.5383
04/01/1983,#N/A N/A,148.2174,#N/A N/A,60.1984
05/01/1983,#N/A N/A,150.6324,#N/A N/A,60.5718
06/01/1983,#N/A N/A,149.2484,#N/A N/A,60.7548
07/01/1983,#N/A N/A,153.4229,#N/A N/A,61.0363
10/01/1983,#N/A N/A,158.3406,#N/A N/A,61.5915
11/01/1983,#N/A N/A,158.1945,#N/A N/A,61.3536
12/01/1983,#N/A N/A,162.4083,#N/A N/A,62.2105
13/01/1983,#N/A N/A,161.961,#N/A N/A,62.2259
14/01/1983,#N/A N/A,162.9544,#N/A N/A,62.718
17/01/1983,#N/A N/A,163.676,#N/A N/A,62.901
18/01/1983,#N/A N/A,167.4629,#N/A N/A,62.7858
19/01/1983,#N/A N/A,162.6663,#N/A N/A,61.9447
20/01/1983,#N/A N/A,163.9878,#N/A N/A,61.9815
21/01/1983,#N/A N/A,161.4921,#N/A N/A,62.1926
24/01/1983,#N/A N/A,161.2959,#N/A N/A,62.3106
25/01/1983,#N/A N/A,164.4246,#N/A N/A,62.5753
26/01/1983,#N/A N/A,164.9117,#N/A N/A,63.0092
27/01/1983,#N/A N/A,167.5163,#N/A N/A,63.1916
28/01/1983,#N/A N/A,167.6585,#N/A N/A,62.969
31/01/1983,#N/A N/A,173.2032,#N/A N/A,63.686
01/02/1983,#N/A N/A,171.2019,#N/A N/A,63.7806
02/02/1983,#N/A N/A,173.7957,#N/A N/A,63.7489
03/02/1983,#N/A N/A,169.7185,#N/A N/A,63.5968
04/02/1983,#N/A N/A,168.6879,#N/A N/A,63.8248
07/02/1983,#N/A N/A,168.6916,#N/A N/A,63.5091
08/02/1983,#N/A N/A,167.8645,#N/A N/A,63.4562
09/02/1983,#N/A N/A,167.7278,#N/A N/A,63.4549
10/02/1983,#N/A N/A,171.454,#N/A N/A,64.3006
11/02/1983,#N/A N/A,172.659,#N/A N/A,64.606
14/02/1983,#N/A N/A,174.6578,#N/A N/A,65.2677
15/02/1983,#N/A N/A,174.0967,#N/A N/A,64.9972
16/02/1983,#N/A N/A,174.1981,#N/A N/A,64.6771
17/02/1983,#N/A N/A,172.7168,#N/A N/A,65.0256
18/02/1983,#N/A N/A,173.4303,#N/A N/A,65.0752
21/02/1983,#N/A N/A,173.4303,#N/A N/A,65.0752
22/02/1983,#N/A N/A,165.9285,#N/A N/A,63.8806
23/02/1983,#N/A N/A,160.8557,#N/A N/A,64.0875
24/02/1983,#N/A N/A,160.7366,#N/A N/A,63.9254
25/02/1983,#N/A N/A,152.1732,#N/A N/A,63.0302
28/02/1983,#N/A N/A,142.7466,#N/A N/A,61.9526
01/03/1983,#N/A N/A,137.0437,#N/A N/A,62.4556
02/03/1983,#N/A N/A,141.9694,#N/A N/A,63.0188
03/03/1983,#N/A N/A,141.8576,#N/A N/A,63.1901
04/03/1983,#N/A N/A,136.2236,#N/A N/A,63.3771
07/03/1983,#N/A N/A,140.9045,#N/A N/A,63.5169
08/03/1983,#N/A N/A,138.9566,#N/A N/A,63.0041
09/03/1983,#N/A N/A,139.7399,#N/A N/A,63.6366
10/03/1983,#N/A N/A,142.9844,#N/A N/A,63.2661
11/03/1983,#N/A N/A,141.33,#N/A N/A,63.0794
14/03/1983,#N/A N/A,145.4413,#N/A N/A,63.9637
15/03/1983,#N/A N/A,141.6482,#N/A N/A,63.545
16/03/1983,#N/A N/A,138.0545,#N/A N/A,64.0622
17/03/1983,#N/A N/A,138.1288,#N/A N/A,64.8788
18/03/1983,#N/A N/A,136.39,#N/A N/A,65.0238
21/03/1983,#N/A N/A,138.1008,#N/A N/A,65.8104
22/03/1983,#N/A N/A,137.7856,#N/A N/A,65.8017
23/03/1983,#N/A N/A,137.955,#N/A N/A,67.4498
24/03/1983,#N/A N/A,135.186,#N/A N/A,67.4177
25/03/1983,#N/A N/A,136.6996,#N/A N/A,66.8298
28/03/1983,#N/A N/A,135.9165,#N/A N/A,67.6738
29/03/1983,#N/A N/A,137.7651,#N/A N/A,68.0868
30/03/1983,#N/A N/A,136.9495,#N/A N/A,67.6084
31/03/1983,#N/A N/A,137.8224,#N/A N/A,68.089
01/04/1983,#N/A N/A,137.8224,#N/A N/A,68.089
04/04/1983,#N/A N/A,141.701,#N/A N/A,68.7018
05/04/1983,#N/A N/A,142.9257,#N/A N/A,68.2155
06/04/1983,#N/A N/A,143.1972,#N/A N/A,67.5823
07/04/1983,#N/A N/A,142.0734,#N/A N/A,68.2119
08/04/1983,#N/A N/A,140.3714,#N/A N/A,68.3814
11/04/1983,#N/A N/A,143.893,#N/A N/A,67.9982
12/04/1983,#N/A N/A,143.8214,#N/A N/A,67.5716
13/04/1983,#N/A N/A,144.4647,#N/A N/A,67.7577
14/04/1983,#N/A N/A,147.4782,#N/A N/A,67.2374
15/04/1983,#N/A N/A,148.4705,#N/A N/A,67.1375
18/04/1983,#N/A N/A,151.9609,#N/A N/A,67.7156
19/04/1983,#N/A N/A,147.2907,#N/A N/A,67.6733
20/04/1983,#N/A N/A,149.1377,#N/A N/A,67.3136
21/04/1983,#N/A N/A,147.2956,#N/A N/A,67.2456
22/04/1983,#N/A N/A,148.724,#N/A N/A,68.9509
25/04/1983,#N/A N/A,148.813,#N/A N/A,68.9417
26/04/1983,#N/A N/A,149.3071,#N/A N/A,69.1839
27/04/1983,#N/A N/A,146.162,#N/A N/A,68.5847
28/04/1983,#N/A N/A,146.1574,#N/A N/A,68.6057
29/04/1983,#N/A N/A,146.2871,#N/A N/A,69.0312
02/05/1983,#N/A N/A,146.1082,#N/A N/A,69.1358
03/05/1983,#N/A N/A,148.2456,#N/A N/A,69.0004
04/05/1983,#N/A N/A,149.3236,#N/A N/A,69.0593
05/05/1983,#N/A N/A,148.2362,#N/A N/A,69.0961
06/05/1983,#N/A N/A,150.2559,#N/A N/A,69.1953
09/05/1983,#N/A N/A,152.0298,#N/A N/A,68.808
10/05/1983,#N/A N/A,153.3283,#N/A N/A,68.8693
11/05/1983,#N/A N/A,153.4931,#N/A N/A,68.1369
12/05/1983,#N/A N/A,151.5818,#N/A N/A,67.851
13/05/1983,#N/A N/A,152.8704,#N/A N/A,68.3148
16/05/1983,#N/A N/A,151.9556,#N/A N/A,69.0669
17/05/1983,#N/A N/A,154.619,#N/A N/A,69.5381
18/05/1983,#N/A N/A,153.6971,#N/A N/A,69.7107
19/05/1983,#N/A N/A,152.4634,#N/A N/A,69.5447
20/05/1983,#N/A N/A,151.7549,#N/A N/A,69.5345
23/05/1983,#N/A N/A,152.6293,#N/A N/A,70.1457
24/05/1983,#N/A N/A,152.1199,#N/A N/A,70.4033
25/05/1983,#N/A N/A,153.6168,#N/A N/A,70.1681
26/05/1983,#N/A N/A,152.9902,#N/A N/A,70.5379
27/05/1983,#N/A N/A,152.9507,#N/A N/A,70.5921
30/05/1983,#N/A N/A,152.9507,#N/A N/A,70.5921
31/05/1983,#N/A N/A,145.612,#N/A N/A,70.9401
01/06/1983,#N/A N/A,142.1741,#N/A N/A,69.1425
02/06/1983,#N/A N/A,141.64,#N/A N/A,70.0922
03/06/1983,#N/A N/A,141.61,#N/A N/A,70.3947
06/06/1983,#N/A N/A,137.4239,#N/A N/A,69.8518
07/06/1983,#N/A N/A,136.7576,#N/A N/A,69.7836
08/06/1983,#N/A N/A,136.3507,#N/A N/A,69.774
09/06/1983,#N/A N/A,140.554,#N/A N/A,70.9491
10/06/1983,#N/A N/A,138.7109,#N/A N/A,70.2725
13/06/1983,#N/A N/A,141.7114,#N/A N/A,70.0825
14/06/1983,#N/A N/A,140.3648,#N/A N/A,69.8367
15/06/1983,#N/A N/A,139.1244,#N/A N/A,69.5075
16/06/1983,#N/A N/A,141.7328,#N/A N/A,69.323
17/06/1983,#N/A N/A,140.954,#N/A N/A,69.0667
20/06/1983,#N/A N/A,142.2362,#N/A N/A,69.7533
21/06/1983,#N/A N/A,143.3701,#N/A N/A,70.5082
22/06/1983,#N/A N/A,144.4485,#N/A N/A,71.1654
23/06/1983,#N/A N/A,144.9624,#N/A N/A,71.6827
24/06/1983,#N/A N/A,145.3626,#N/A N/A,71.3971
27/06/1983,#N/A N/A,141.8106,#N/A N/A,70.45
28/06/1983,#N/A N/A,140.036,#N/A N/A,70.114
29/06/1983,#N/A N/A,141.3052,#N/A N/A,70.0925
30/06/1983,#N/A N/A,141.0069,#N/A N/A,70.6565
01/07/1983,#N/A N/A,142.3754,#N/A N/A,71.0579
04/07/1983,#N/A N/A,142.3754,#N/A N/A,71.0579
05/07/1983,#N/A N/A,140.1245,#N/A N/A,70.6243
06/07/1983,#N/A N/A,140.5629,#N/A N/A,71.3076
07/07/1983,#N/A N/A,146.4883,#N/A N/A,71.8643
08/07/1983,#N/A N/A,145.7942,#N/A N/A,71.2872
11/07/1983,#N/A N/A,147.4699,#N/A N/A,72.3462
12/07/1983,#N/A N/A,146.7727,#N/A N/A,72.2153
13/07/1983,#N/A N/A,145.6609,#N/A N/A,71.9301
14/07/1983,#N/A N/A,143.4956,#N/A N/A,71.5175
15/07/1983,#N/A N/A,143.2274,#N/A N/A,71.9848
18/07/1983,#N/A N/A,145.5258,#N/A N/A,72.318
19/07/1983,#N/A N/A,145.089,#N/A N/A,73.1928
20/07/1983,#N/A N/A,147.5689,#N/A N/A,75.5815
21/07/1983,#N/A N/A,145.3718,#N/A N/A,75.8552
22/07/1983,#N/A N/A,145.9622,#N/A N/A,77.2716
25/07/1983,#N/A N/A,147.225,#N/A N/A,77.9004
26/07/1983,#N/A N/A,146.9424,#N/A N/A,76.9822
27/07/1983,#N/A N/A,145.9128,#N/A N/A,76.9019
28/07/1983,#N/A N/A,145.7547,#N/A N/A,77.905
29/07/1983,#N/A N/A,141.2946,#N/A N/A,77.2518
01/08/1983,#N/A N/A,141.1244,#N/A N/A,79.5425
02/08/1983,#N/A N/A,142.0159,#N/A N/A,80.4147
03/08/1983,#N/A N/A,142.6567,#N/A N/A,81.4972
04/08/1983,#N/A N/A,140.3165,#N/A N/A,81.0595
05/08/1983,#N/A N/A,141.0136,#N/A N/A,82.5601
08/08/1983,#N/A N/A,140.3784,#N/A N/A,81.9988
09/08/1983,#N/A N/A,139.5985,#N/A N/A,81.0011
10/08/1983,#N/A N/A,140.7016,#N/A N/A,83.2597
11/08/1983,#N/A N/A,140.4035,#N/A N/A,84.0619
12/08/1983,#N/A N/A,141.6213,#N/A N/A,84.3406
15/08/1983,#N/A N/A,145.0538,#N/A N/A,87.1846
16/08/1983,#N/A N/A,144.7848,#N/A N/A,87.523
17/08/1983,#N/A N/A,145.9601,#N/A N/A,86.7461
18/08/1983,#N/A N/A,145.0303,#N/A N/A,85.0387
19/08/1983,#N/A N/A,143.8851,#N/A N/A,84.0105
22/08/1983,#N/A N/A,147.4837,#N/A N/A,86.742
23/08/1983,#N/A N/A,147.2844,#N/A N/A,87.4077
24/08/1983,#N/A N/A,146.0541,#N/A N/A,87.9692
25/08/1983,#N/A N/A,143.3799,#N/A N/A,88.2516
26/08/1983,#N/A N/A,144.3704,#N/A N/A,88.9208
29/08/1983,#N/A N/A,143.8106,#N/A N/A,87.6161
30/08/1983,#N/A N/A,143.6296,#N/A N/A,86.0665
31/08/1983,#N/A N/A,142.5645,#N/A N/A,87.1038
01/09/1983,#N/A N/A,142.8674,#N/A N/A,85.4636
02/09/1983,#N/A N/A,143.5808,#N/A N/A,86.8996
05/09/1983,#N/A N/A,143.5808,#N/A N/A,86.8996
06/09/1983,#N/A N/A,142.3982,#N/A N/A,87.7596
07/09/1983,#N/A N/A,142.8023,#N/A N/A,87.3885
08/09/1983,#N/A N/A,143.0407,#N/A N/A,87.6115
09/09/1983,#N/A N/A,142.6102,#N/A N/A,88.5479
12/09/1983,#N/A N/A,139.3619,#N/A N/A,88.1063
13/09/1983,#N/A N/A,139.5322,#N/A N/A,86.7505
14/09/1983,#N/A N/A,139.7151,#N/A N/A,85.3385
15/09/1983,#N/A N/A,138.6259,#N/A N/A,83.798
16/09/1983,#N/A N/A,140.8045,#N/A N/A,84.4074
19/09/1983,#N/A N/A,141.8124,#N/A N/A,86.5197
20/09/1983,#N/A N/A,140.8791,#N/A N/A,85.8633
21/09/1983,#N/A N/A,140.7818,#N/A N/A,87.9559
22/09/1983,#N/A N/A,140.9096,#N/A N/A,87.0781
23/09/1983,#N/A N/A,142.8063,#N/A N/A,85.7544
26/09/1983,#N/A N/A,142.1196,#N/A N/A,84.4756
27/09/1983,#N/A N/A,141.3955,#N/A N/A,85.4604
28/09/1983,#N/A N/A,140.4633,#N/A N/A,84.0799
29/09/1983,#N/A N/A,137.2546,#N/A N/A,83.4416
30/09/1983,#N/A N/A,134.8186,#N/A N/A,84.1706
03/10/1983,#N/A N/A,129.7883,#N/A N/A,83.797
04/10/1983,#N/A N/A,129.8969,#N/A N/A,82.5096
05/10/1983,#N/A N/A,131.6201,#N/A N/A,83.3615
06/10/1983,#N/A N/A,130.942,#N/A N/A,84.6548
07/10/1983,#N/A N/A,132.6727,#N/A N/A,83.7255
10/10/1983,#N/A N/A,134.1864,#N/A N/A,83.7361
11/10/1983,#N/A N/A,132.0857,#N/A N/A,83.5873
12/10/1983,#N/A N/A,131.1409,#N/A N/A,82.7781
13/10/1983,#N/A N/A,132.166,#N/A N/A,84.4957
14/10/1983,#N/A N/A,132.2725,#N/A N/A,85.49
17/10/1983,#N/A N/A,131.1105,#N/A N/A,85.1658
18/10/1983,#N/A N/A,130.3983,#N/A N/A,84.34
19/10/1983,#N/A N/A,127.3098,#N/A N/A,82.9651
20/10/1983,#N/A N/A,127.7457,#N/A N/A,81.3538
21/10/1983,#N/A N/A,127.5404,#N/A N/A,82.2226
24/10/1983,#N/A N/A,129.2738,#N/A N/A,81.394
25/10/1983,#N/A N/A,128.8883,#N/A N/A,82.4414
26/10/1983,#N/A N/A,124.4002,#N/A N/A,80.8291
27/10/1983,#N/A N/A,123.215,#N/A N/A,81.2864
28/10/1983,#N/A N/A,124.3922,#N/A N/A,81.421
31/10/1983,#N/A N/A,120.0766,#N/A N/A,80.5993
01/11/1983,#N/A N/A,120.959,#N/A N/A,81.2712
02/11/1983,#N/A N/A,122.6183,#N/A N/A,82.3361
03/11/1983,#N/A N/A,122.7161,#N/A N/A,83.0499
04/11/1983,#N/A N/A,122.3758,#N/A N/A,83.4256
07/11/1983,#N/A N/A,122.9784,#N/A N/A,83.8382
08/11/1983,#N/A N/A,122.8484,#N/A N/A,83.791
09/11/1983,#N/A N/A,122.7046,#N/A N/A,83.9235
10/11/1983,#N/A N/A,122.5587,#N/A N/A,84.0332
11/11/1983,#N/A N/A,123.4465,#N/A N/A,82.3439
14/11/1983,#N/A N/A,123.4271,#N/A N/A,82.0597
15/11/1983,#N/A N/A,123.5169,#N/A N/A,81.8064
16/11/1983,#N/A N/A,119.8452,#N/A N/A,80.046
17/11/1983,#N/A N/A,120.5839,#N/A N/A,80.2696
18/11/1983,#N/A N/A,119.6673,#N/A N/A,79.2347
21/11/1983,#N/A N/A,120.26,#N/A N/A,78.9221
22/11/1983,#N/A N/A,119.8574,#N/A N/A,78.78
23/11/1983,#N/A N/A,119.6226,#N/A N/A,79.1516
24/11/1983,#N/A N/A,119.6226,#N/A N/A,79.1516
25/11/1983,#N/A N/A,120.305,#N/A N/A,80.2987
28/11/1983,#N/A N/A,126.4496,#N/A N/A,80.1325
29/11/1983,#N/A N/A,128.2075,#N/A N/A,80.8034
30/11/1983,#N/A N/A,130.1307,#N/A N/A,80.1849
01/12/1983,#N/A N/A,129.8631,#N/A N/A,80.9731
02/12/1983,#N/A N/A,128.7024,#N/A N/A,79.7279
05/12/1983,#N/A N/A,129.0377,#N/A N/A,78.8565
06/12/1983,#N/A N/A,129.1206,#N/A N/A,78.7465
07/12/1983,#N/A N/A,131.4495,#N/A N/A,79.6965
08/12/1983,#N/A N/A,126.2394,#N/A N/A,79.3199
09/12/1983,#N/A N/A,125.8397,#N/A N/A,79.9569
12/12/1983,#N/A N/A,126.2727,#N/A N/A,79.7479
13/12/1983,#N/A N/A,126.4418,#N/A N/A,78.9937
14/12/1983,#N/A N/A,125.7046,#N/A N/A,79.2655
15/12/1983,#N/A N/A,121.9841,#N/A N/A,78.3443
16/12/1983,#N/A N/A,119.2995,#N/A N/A,79.9198
19/12/1983,#N/A N/A,119.4587,#N/A N/A,80.4783
20/12/1983,#N/A N/A,121.3404,#N/A N/A,79.9907
21/12/1983,#N/A N/A,120.9047,#N/A N/A,79.9952
22/12/1983,#N/A N/A,122.8905,#N/A N/A,80.9363
23/12/1983,#N/A N/A,121.5898,#N/A N/A,81.4374
26/12/1983,#N/A N/A,121.5898,#N/A N/A,81.4374
27/12/1983,#N/A N/A,121.6621,#N/A N/A,82.5093
28/12/1983,#N/A N/A,121.4653,#N/A N/A,81.698
29/12/1983,#N/A N/A,122.7679,#N/A N/A,81.5955
30/12/1983,#N/A N/A,123.6915,#N/A N/A,81.8899
02/01/1984,#N/A N/A,123.6915,#N/A N/A,81.8899
03/01/1984,#N/A N/A,120.7889,#N/A N/A,79.7124
04/01/1984,#N/A N/A,120.0234,#N/A N/A,79.3586
05/01/1984,#N/A N/A,119.6635,#N/A N/A,80.3127
06/01/1984,#N/A N/A,116.0601,#N/A N/A,78.8101
09/01/1984,#N/A N/A,114.802,#N/A N/A,78.1429
10/01/1984,#N/A N/A,116.0087,#N/A N/A,79.2585
11/01/1984,#N/A N/A,116.845,#N/A N/A,79.5608
12/01/1984,#N/A N/A,116.7817,#N/A N/A,79.9634
13/01/1984,32.8683,117.4428,#N/A N/A,79.8396
16/01/1984,33.2273,116.6401,#N/A N/A,77.9868
17/01/1984,33.1017,116.5198,#N/A N/A,77.7032
18/01/1984,33.188,116.2926,#N/A N/A,77.1912
19/01/1984,33.3078,118.7067,#N/A N/A,77.5307
20/01/1984,33.3607,117.6844,#N/A N/A,77.3832
23/01/1984,32.9726,115.5697,#N/A N/A,77.5155
24/01/1984,33.182,115.8086,#N/A N/A,78.4164
25/01/1984,33.2797,116.0339,#N/A N/A,77.952
26/01/1984,33.478,115.7553,#N/A N/A,76.7583
27/01/1984,33.6988,117.4688,#N/A N/A,76.9243
30/01/1984,33.4446,117.8076,#N/A N/A,76.9724
31/01/1984,33.5537,119.5635,#N/A N/A,76.8067
01/02/1984,33.9202,121.6723,#N/A N/A,77.2717
02/02/1984,33.8055,123.8886,#N/A N/A,77.7485
03/02/1984,33.7244,123.7718,#N/A N/A,77.2964
06/02/1984,33.8057,122.0926,#N/A N/A,76.7149
07/02/1984,33.6798,122.0661,#N/A N/A,76.0714
08/02/1984,33.6951,123.072,#N/A N/A,76.4769
09/02/1984,33.4579,121.3418,#N/A N/A,75.4823
10/02/1984,33.4665,121.1274,#N/A N/A,75.4081
13/02/1984,33.2652,120.8628,#N/A N/A,74.4554
14/02/1984,33.3534,123.8171,#N/A N/A,74.2495
15/02/1984,33.3619,123.3604,#N/A N/A,75.0213
16/02/1984,33.5412,123.6822,#N/A N/A,74.9829
17/02/1984,33.846,124.3259,#N/A N/A,75.4581
20/02/1984,33.846,124.3259,#N/A N/A,75.4581
21/02/1984,33.7323,125.6566,#N/A N/A,75.0102
22/02/1984,33.7524,130.0515,#N/A N/A,76.4304
23/02/1984,33.9094,130.1345,#N/A N/A,76.5813
24/02/1984,34.1463,128.7848,#N/A N/A,76.7915
27/02/1984,34.9147,131.2154,#N/A N/A,76.8963
28/02/1984,34.5924,128.7005,#N/A N/A,76.0515
29/02/1984,34.6928,128.9084,#N/A N/A,77.4658
01/03/1984,34.9304,128.6957,#N/A N/A,78.0981
02/03/1984,34.9738,131.02,#N/A N/A,78.7788
05/03/1984,35.1039,132.5749,#N/A N/A,79.5649
06/03/1984,35.01,132.2587,#N/A N/A,79.4268
07/03/1984,35.0305,130.0216,#N/A N/A,78.9581
08/03/1984,35.1427,131.8658,#N/A N/A,79.4087
09/03/1984,35.3351,130.9882,#N/A N/A,80.7883
12/03/1984,35.3054,129.2297,#N/A N/A,80.3368
13/03/1984,35.1656,129.954,#N/A N/A,80.3917
14/03/1984,35.129,127.8626,#N/A N/A,80.5132
15/03/1984,35.0006,127.6922,#N/A N/A,81.5961
16/03/1984,34.7229,127.7788,#N/A N/A,80.7916
19/03/1984,35.0259,128.3478,#N/A N/A,80.7634
20/03/1984,35.0699,128.5211,#N/A N/A,81.9356
21/03/1984,34.9645,128.2068,#N/A N/A,82.0554
22/03/1984,35.1234,125.615,#N/A N/A,81.9867
23/03/1984,35.2019,125.5473,#N/A N/A,82.1573
26/03/1984,35.2076,126.6712,#N/A N/A,82.6041
27/03/1984,35.3669,126.4389,#N/A N/A,81.5338
28/03/1984,35.2961,128.3134,#N/A N/A,81.6928
29/03/1984,35.5476,128.036,#N/A N/A,81.8695
30/03/1984,35.5458,127.778,#N/A N/A,82.541
02/04/1984,35.5176,123.952,#N/A N/A,82.8104
03/04/1984,35.5849,124.5083,#N/A N/A,83.1919
04/04/1984,35.5484,124.7186,#N/A N/A,83.5225
05/04/1984,35.5235,123.0181,#N/A N/A,82.3941
06/04/1984,35.4985,123.7177,#N/A N/A,82.7428
09/04/1984,35.4952,124.3389,#N/A N/A,82.7583
10/04/1984,35.6115,124.4326,#N/A N/A,82.3098
11/04/1984,35.6513,124.5665,#N/A N/A,81.3116
12/04/1984,35.5727,123.1802,#N/A N/A,80.8643
13/04/1984,35.559,124.1676,#N/A N/A,81.1326
16/04/1984,35.5764,123.3908,#N/A N/A,81.0503
17/04/1984,35.5746,123.8993,#N/A N/A,81.2737
18/04/1984,35.4912,126.0638,#N/A N/A,81.9782
19/04/1984,35.5243,124.995,#N/A N/A,82.4252
20/04/1984,35.5243,124.995,#N/A N/A,82.4252
23/04/1984,35.6336,126.0099,#N/A N/A,83.3346
24/04/1984,35.6666,124.2657,#N/A N/A,83.2923
25/04/1984,35.5946,124.3517,#N/A N/A,83.0801
26/04/1984,35.5341,122.4203,#N/A N/A,81.9704
27/04/1984,35.4971,122.4802,#N/A N/A,82.3826
30/04/1984,35.3039,121.6712,#N/A N/A,81.7593
01/05/1984,35.3369,122.0628,#N/A N/A,81.9991
02/05/1984,35.2881,122.5622,#N/A N/A,83.1927
03/05/1984,35.2977,122.4743,#N/A N/A,83.1582
04/05/1984,35.4244,121.1129,#N/A N/A,83.3353
07/05/1984,35.3597,119.3056,#N/A N/A,83.4762
08/05/1984,35.4048,119.939,#N/A N/A,84.1625
09/05/1984,35.5906,119.1112,#N/A N/A,84.2409
10/05/1984,35.624,120.1792,#N/A N/A,84.4423
11/05/1984,35.7279,119.653,#N/A N/A,85.1205
14/05/1984,36.0514,120.621,#N/A N/A,85.2816
15/05/1984,36.0616,121.0971,#N/A N/A,85.1356
16/05/1984,36.6827,122.207,#N/A N/A,86.4782
17/05/1984,36.4229,121.2017,#N/A N/A,86.3829
18/05/1984,36.5742,122.7472,#N/A N/A,88.2236
21/05/1984,36.3938,122.8425,#N/A N/A,89.0817
22/05/1984,36.0981,122.9615,#N/A N/A,88.5959
23/05/1984,36.0258,121.7236,#N/A N/A,88.2002
24/05/1984,36.2125,122.5611,#N/A N/A,88.3757
25/05/1984,36.3758,126.1258,#N/A N/A,88.1128
28/05/1984,36.3758,126.1258,#N/A N/A,88.1128
29/05/1984,36.2164,124.3973,#N/A N/A,87.0656
30/05/1984,36.3443,124.3564,#N/A N/A,87.0056
31/05/1984,36.378,125.1979,#N/A N/A,85.9282
01/06/1984,36.2347,126.07,#N/A N/A,85.0781
04/06/1984,36.3238,127.7954,#N/A N/A,83.9405
05/06/1984,36.3103,127.5055,#N/A N/A,84.1952
06/06/1984,36.1078,126.5673,#N/A N/A,84.8257
07/06/1984,35.9406,125.7027,#N/A N/A,84.2767
08/06/1984,35.9152,123.5139,#N/A N/A,82.7512
11/06/1984,35.6762,119.6381,#N/A N/A,82.8404
12/06/1984,35.7099,120.0268,#N/A N/A,82.5998
13/06/1984,35.628,119.6896,#N/A N/A,83.4958
14/06/1984,35.827,119.7185,#N/A N/A,83.0009
15/06/1984,35.66,118.4335,#N/A N/A,82.6458
18/06/1984,35.3715,118.9406,#N/A N/A,83.5686
19/06/1984,35.4051,118.8918,#N/A N/A,85.0055
20/06/1984,35.3086,118.8298,#N/A N/A,85.047
21/06/1984,34.9519,119.5041,#N/A N/A,84.7468
22/06/1984,34.8434,119.3474,#N/A N/A,83.748
25/06/1984,35.2043,117.3482,#N/A N/A,83.0371
26/06/1984,35.0244,117.9954,#N/A N/A,81.957
27/06/1984,35.0578,117.4186,#N/A N/A,81.8896
28/06/1984,35.2689,118.648,#N/A N/A,81.6422
29/06/1984,35.4565,118.3814,#N/A N/A,82.8917
02/07/1984,35.3435,117.5184,#N/A N/A,81.329
03/07/1984,35.2229,116.6984,#N/A N/A,79.8519
04/07/1984,35.2229,116.6984,#N/A N/A,79.8519
05/07/1984,35.2903,112.5442,#N/A N/A,78.2456
06/07/1984,35.4309,108.5011,#N/A N/A,78.6187
09/07/1984,35.2232,109.6993,#N/A N/A,79.6557
10/07/1984,35.2332,107.9323,#N/A N/A,78.4416
11/07/1984,35.2313,107.023,#N/A N/A,76.9991
12/07/1984,34.9557,106.0053,#N/A N/A,77.6003
13/07/1984,34.8109,108.0071,#N/A N/A,77.04
16/07/1984,34.6977,109.1704,#N/A N/A,76.7175
17/07/1984,34.7672,108.2241,#N/A N/A,76.1807
18/07/1984,34.4673,109.7577,#N/A N/A,76.9824
19/07/1984,34.2149,108.7406,#N/A N/A,76.8413
20/07/1984,33.9743,106.3845,#N/A N/A,76.3129
23/07/1984,33.8485,105.3045,#N/A N/A,76.4345
24/07/1984,33.6195,105.1337,#N/A N/A,75.515
25/07/1984,33.4501,106.8866,#N/A N/A,75.0236
26/07/1984,33.1851,103.486,#N/A N/A,74.31
27/07/1984,33.1111,105.8053,#N/A N/A,74.1556
30/07/1984,33.0683,106.0119,#N/A N/A,74.1602
31/07/1984,33.0301,104.6571,#N/A N/A,74.5414
01/08/1984,33.6741,108.0135,#N/A N/A,74.9456
02/08/1984,34.8092,107.9273,#N/A N/A,76.0027
03/08/1984,34.4722,110.2001,#N/A N/A,76.2693
06/08/1984,34.9098,109.474,#N/A N/A,76.5209
07/08/1984,35.148,108.05,#N/A N/A,76.298
08/08/1984,35.2494,108.2488,#N/A N/A,75.8713
09/08/1984,35.224,110.5357,#N/A N/A,76.1569
10/08/1984,34.8627,108.3259,#N/A N/A,75.723
13/08/1984,34.9771,111.0543,#N/A N/A,76.6091
14/08/1984,35.1539,112.5866,#N/A N/A,77.9341
15/08/1984,35.081,112.2621,#N/A N/A,77.4746
16/08/1984,35.0676,111.0163,#N/A N/A,78.1799
17/08/1984,35.1851,110.9133,#N/A N/A,76.8141
20/08/1984,35.3234,107.878,#N/A N/A,75.0432
21/08/1984,35.5362,108.2578,#N/A N/A,75.6232
22/08/1984,35.8563,111.0329,#N/A N/A,77.1753
23/08/1984,35.6762,109.7133,#N/A N/A,76.76
24/08/1984,35.8536,110.5555,#N/A N/A,77.266
27/08/1984,35.8136,109.5464,#N/A N/A,78.9396
28/08/1984,35.8243,109.4563,#N/A N/A,78.7141
29/08/1984,35.7634,109.7734,#N/A N/A,77.6642
30/08/1984,35.38,108.8584,#N/A N/A,78.7161
31/08/1984,35.3069,108.7284,#N/A N/A,77.8238
03/09/1984,35.3069,108.7284,#N/A N/A,77.8238
04/09/1984,35.1102,105.1692,#N/A N/A,77.3809
05/09/1984,34.7858,105.7674,#N/A N/A,78.0105
06/09/1984,35.3347,107.0906,#N/A N/A,77.5519
07/09/1984,35.2375,104.4469,#N/A N/A,77.6153
10/09/1984,35.5087,105.6533,#N/A N/A,77.835
11/09/1984,35.6389,105.6551,#N/A N/A,77.8212
12/09/1984,35.3137,105.4685,#N/A N/A,77.7655
13/09/1984,35.408,105.0497,#N/A N/A,76.4051
14/09/1984,35.3584,105.8161,#N/A N/A,76.1302
17/09/1984,35.2335,104.2019,#N/A N/A,74.6134
18/09/1984,35.3999,105.5872,#N/A N/A,75.0188
19/09/1984,35.5904,105.6315,#N/A N/A,75.5348
20/09/1984,35.5527,106.4661,#N/A N/A,75.269
21/09/1984,35.4308,109.1517,#N/A N/A,75.9382
24/09/1984,35.4738,108.6868,#N/A N/A,75.5308
25/09/1984,35.5683,108.7403,#N/A N/A,75.5659
26/09/1984,35.5666,107.2377,#N/A N/A,75.3113
27/09/1984,35.6251,107.8214,#N/A N/A,75.9699
28/09/1984,35.7317,107.9936,#N/A N/A,74.7524
01/10/1984,35.799,108.1988,#N/A N/A,74.525
02/10/1984,35.7249,109.0822,#N/A N/A,75.0635
03/10/1984,35.6387,108.6422,#N/A N/A,75.2085
04/10/1984,35.5646,108.9725,#N/A N/A,75.3264
05/10/1984,35.4903,106.3814,#N/A N/A,75.4418
08/10/1984,35.4897,106.7106,#N/A N/A,75.7159
09/10/1984,35.5916,104.7363,#N/A N/A,76.0024
10/10/1984,35.4499,105.2608,#N/A N/A,76.4457
11/10/1984,35.4384,104.5008,#N/A N/A,76.4496
12/10/1984,35.1958,106.5805,#N/A N/A,77.292
15/10/1984,34.8167,106.3278,#N/A N/A,77.7813
16/10/1984,34.694,105.6331,#N/A N/A,77.9973
17/10/1984,33.6433,104.6665,#N/A N/A,77.7046
18/10/1984,33.2067,106.1374,#N/A N/A,77.2676
19/10/1984,33.409,105.3839,#N/A N/A,77.8574
22/10/1984,34.2211,105.3839,#N/A N/A,77.6538
23/10/1984,34.0855,106.226,#N/A N/A,78.1308
24/10/1984,34.3603,105.9825,#N/A N/A,77.907
25/10/1984,34.5145,105.3141,#N/A N/A,78.3099
26/10/1984,34.4271,105.3806,#N/A N/A,78.1065
29/10/1984,34.2011,104.4106,#N/A N/A,77.1027
30/10/1984,33.9562,104.104,#N/A N/A,77.4694
31/10/1984,34.2676,104.2214,#N/A N/A,78.0018
01/11/1984,34.6517,105.2788,#N/A N/A,79.0913
02/11/1984,34.5641,107.5408,#N/A N/A,78.4173
05/11/1984,34.4341,109.2522,#N/A N/A,78.0744
06/11/1984,34.6365,108.2553,#N/A N/A,78.5196
07/11/1984,34.7299,110.3933,#N/A N/A,78.708
08/11/1984,34.6537,109.4961,#N/A N/A,78.5242
09/11/1984,34.4561,108.6843,#N/A N/A,78.4169
12/11/1984,34.1179,109.4073,#N/A N/A,78.7273
13/11/1984,34.272,108.7231,#N/A N/A,78.315
14/11/1984,34.329,108.9287,#N/A N/A,78.1274
15/11/1984,34.2889,108.2121,#N/A N/A,78.1193
16/11/1984,34.1151,108.0012,#N/A N/A,77.9165
19/11/1984,33.8366,107.3911,#N/A N/A,77.2019
20/11/1984,33.8691,107.559,#N/A N/A,77.1686
21/11/1984,33.7435,107.5161,#N/A N/A,76.9999
22/11/1984,33.7435,107.5161,#N/A N/A,76.9999
23/11/1984,33.7599,106.827,#N/A N/A,76.515
26/11/1984,33.0786,104.1066,#N/A N/A,76.0484
27/11/1984,33.2691,102.2259,#N/A N/A,75.6677
28/11/1984,33.2892,102.8583,#N/A N/A,76.2122
29/11/1984,33.492,102.9661,#N/A N/A,76.1344
30/11/1984,33.2928,102.1729,#N/A N/A,76.4228
03/12/1984,33.3042,103.138,#N/A N/A,76.4598
04/12/1984,33.5806,102.5816,#N/A N/A,76.4752
05/12/1984,33.8083,102.6504,#N/A N/A,75.9454
06/12/1984,33.792,102.6437,#N/A N/A,76.1581
07/12/1984,33.5316,101.168,#N/A N/A,75.3328
10/12/1984,33.5362,100.4923,#N/A N/A,74.9935
11/12/1984,33.3379,100.354,#N/A N/A,74.7549
12/12/1984,32.849,100.7016,#N/A N/A,74.2647
13/12/1984,32.9084,100.0094,#N/A N/A,74.1651
14/12/1984,32.8916,99.342,#N/A N/A,74.4469
17/12/1984,32.9271,96.3308,#N/A N/A,74.578
18/12/1984,32.9099,94.636,#N/A N/A,74.8743
19/12/1984,32.327,94.5486,#N/A N/A,74.6218
20/12/1984,32.285,94.3175,#N/A N/A,74.3154
21/12/1984,32.5137,95.6974,#N/A N/A,74.3618
24/12/1984,32.5137,95.6974,#N/A N/A,74.3618
25/12/1984,32.5137,95.6974,#N/A N/A,74.3618
26/12/1984,32.8814,96.464,#N/A N/A,74.6056
27/12/1984,32.2849,94.4729,#N/A N/A,74.0613
28/12/1984,32.3782,94.7914,#N/A N/A,74.2013
31/12/1984,32.3996,94.4264,#N/A N/A,74.2497
01/01/1985,32.3996,94.4264,#N/A N/A,74.2497
02/01/1985,31.8466,92.4632,#N/A N/A,74.0746
03/01/1985,31.829,92.1006,#N/A N/A,74.3787
04/01/1985,31.0955,90.499,#N/A N/A,73.7401
07/01/1985,31.6222,92.192,#N/A N/A,74.6157
08/01/1985,31.518,90.1998,#N/A N/A,74.1284
09/01/1985,31.426,93.0377,#N/A N/A,74.8882
10/01/1985,31.8901,92.5061,#N/A N/A,75.1655
11/01/1985,31.8971,91.1535,#N/A N/A,75.4371
14/01/1985,32.5856,92.2008,#N/A N/A,75.5207
15/01/1985,32.036,91.8545,#N/A N/A,76.0698
16/01/1985,31.647,92.7323,#N/A N/A,75.972
17/01/1985,31.8024,94.4039,#N/A N/A,75.9463
18/01/1985,31.8836,94.0802,#N/A N/A,76.2579
21/01/1985,32.1768,94.4217,#N/A N/A,76.8917
22/01/1985,31.6634,92.6811,#N/A N/A,75.8434
23/01/1985,31.4596,91.6706,#N/A N/A,76.3097
24/01/1985,31.3424,91.2797,#N/A N/A,75.665
25/01/1985,31.312,91.4508,#N/A N/A,76.5475
28/01/1985,31.3074,93.3102,#N/A N/A,77.0825
29/01/1985,31.5004,92.4945,#N/A N/A,76.5992
30/01/1985,31.8672,93.6327,#N/A N/A,77.2777
31/01/1985,32.7928,93.8231,#N/A N/A,76.8529
01/02/1985,33.2098,93.0928,#N/A N/A,77.5325
04/02/1985,32.9583,92.6377,#N/A N/A,77.1492
05/02/1985,33.289,92.7663,#N/A N/A,77.353
06/02/1985,33.6571,92.8299,#N/A N/A,76.953
07/02/1985,33.8389,91.9667,#N/A N/A,76.9236
08/02/1985,34.2698,92.1179,#N/A N/A,76.6079
11/02/1985,34.8313,93.7348,#N/A N/A,76.0358
12/02/1985,33.8426,92.8086,#N/A N/A,75.1898
13/02/1985,34.4224,93.3061,#N/A N/A,75.2021
14/02/1985,34.4043,93.2128,#N/A N/A,74.5178
15/02/1985,34.842,93.6727,#N/A N/A,75.3402
18/02/1985,34.842,93.6727,#N/A N/A,75.3402
19/02/1985,34.8091,93.6042,#N/A N/A,74.8238
20/02/1985,34.791,93.385,#N/A N/A,74.7032
21/02/1985,34.7598,91.5329,#N/A N/A,74.6208
22/02/1985,34.3113,89.9033,#N/A N/A,74.3114
25/02/1985,34.0087,85.632,#N/A N/A,73.7272
26/02/1985,34.4606,87.5346,#N/A N/A,73.9272
27/02/1985,34.2728,87.379,#N/A N/A,74.0707
28/02/1985,34.0719,87.0325,#N/A N/A,73.775
01/03/1985,34.7724,88.0677,#N/A N/A,74.1253
04/03/1985,35.5156,88.4309,#N/A N/A,74.1085
05/03/1985,35.3805,87.134,#N/A N/A,73.9087
06/03/1985,35.6247,88.4983,#N/A N/A,74.2449
07/03/1985,36.1044,88.0216,#N/A N/A,74.3167
08/03/1985,35.5244,86.9785,#N/A N/A,74.4267
11/03/1985,35.3281,87.0679,#N/A N/A,74.9359
12/03/1985,35.7688,87.9057,#N/A N/A,74.5645
13/03/1985,35.9869,88.1815,#N/A N/A,75.1762
14/03/1985,36.0873,88.1598,#N/A N/A,75.3634
15/03/1985,36.2401,88.9337,#N/A N/A,75.4667
18/03/1985,37.0658,92.0849,#N/A N/A,76.0316
19/03/1985,36.9961,99.625,#N/A N/A,77.4168
20/03/1985,36.7427,97.8705,#N/A N/A,77.1325
21/03/1985,37.2111,96.6417,#N/A N/A,77.2686
22/03/1985,37.0889,96.5355,#N/A N/A,77.8171
25/03/1985,36.919,96.3488,#N/A N/A,77.9499
26/03/1985,37.4009,98.8456,#N/A N/A,77.9162
27/03/1985,37.0285,100.1794,#N/A N/A,78.0593
28/03/1985,37.1556,99.859,#N/A N/A,77.9024
29/03/1985,37.217,100.9143,#N/A N/A,78.2127
01/04/1985,37.809,97.4333,#N/A N/A,78.0118
02/04/1985,37.9889,98.7684,#N/A N/A,78.0747
03/04/1985,37.9581,97.0457,#N/A N/A,78.1328
04/04/1985,38.0722,98.2952,#N/A N/A,78.4525
05/04/1985,38.0722,98.2952,#N/A N/A,78.4525
08/04/1985,38.3576,100.0879,#N/A N/A,79.1988
09/04/1985,38.3213,99.509,#N/A N/A,78.9502
10/04/1985,38.5243,99.9004,#N/A N/A,78.6801
11/04/1985,37.9233,101.6296,#N/A N/A,79.1207
12/04/1985,37.474,100.4203,#N/A N/A,78.4724
15/04/1985,37.9614,100.557,#N/A N/A,77.8046
16/04/1985,37.8205,99.6894,#N/A N/A,77.8964
17/04/1985,37.2447,98.9314,#N/A N/A,77.7552
18/04/1985,37.389,99.4139,#N/A N/A,77.8759
19/04/1985,37.547,99.6684,#N/A N/A,78.1169
22/04/1985,37.7901,99.1215,#N/A N/A,78.0884
23/04/1985,37.5804,97.3516,#N/A N/A,77.7174
24/04/1985,37.2754,97.3075,#N/A N/A,78.4032
25/04/1985,37.1337,97.9129,#N/A N/A,78.0354
26/04/1985,37.4004,97.8159,#N/A N/A,77.6449
29/04/1985,36.9614,98.5133,#N/A N/A,77.8737
30/04/1985,36.9559,95.359,#N/A N/A,77.2928
01/05/1985,36.4052,95.1414,#N/A N/A,77.2202
02/05/1985,36.4405,95.7009,#N/A N/A,76.315
03/05/1985,36.3667,94.7069,#N/A N/A,75.9061
06/05/1985,36.3363,93.9693,#N/A N/A,76.406
07/05/1985,36.3716,96.1723,#N/A N/A,75.6718
08/05/1985,36.3795,95.5278,#N/A N/A,75.5884
09/05/1985,36.9064,95.7201,#N/A N/A,76.093
10/05/1985,36.5867,96.5262,#N/A N/A,76.529
13/05/1985,36.9522,99.5929,#N/A N/A,76.3734
14/05/1985,36.9602,99.3789,#N/A N/A,75.9961
15/05/1985,36.9956,98.8415,#N/A N/A,75.5737
16/05/1985,37.072,98.0258,#N/A N/A,75.1189
17/05/1985,36.8338,97.9816,#N/A N/A,75.222
20/05/1985,36.9534,94.7219,#N/A N/A,75.77
21/05/1985,37.1664,96.1166,#N/A N/A,75.2516
22/05/1985,37.1192,95.4487,#N/A N/A,75.4932
23/05/1985,37.8117,95.3828,#N/A N/A,75.6017
24/05/1985,37.9564,95.1855,#N/A N/A,75.1054
27/05/1985,37.9564,95.1855,#N/A N/A,75.1054
28/05/1985,37.8094,93.5008,#N/A N/A,74.2202
29/05/1985,37.913,95.4775,#N/A N/A,74.3087
30/05/1985,38.3048,94.8507,#N/A N/A,74.3732
31/05/1985,38.2028,95.5826,#N/A N/A,74.9224
03/06/1985,37.7321,95.814,#N/A N/A,74.8496
04/06/1985,37.7259,95.3378,#N/A N/A,74.6252
05/06/1985,37.1153,95.2266,#N/A N/A,75.1427
06/06/1985,37.2051,95.632,#N/A N/A,75.6944
07/06/1985,36.9926,95.1983,#N/A N/A,76.6139
10/06/1985,36.8151,95.2117,#N/A N/A,76.0144
11/06/1985,36.9793,95.1764,#N/A N/A,76.2539
12/06/1985,37.1565,95.2722,#N/A N/A,76.3149
13/06/1985,37.5982,95.3753,#N/A N/A,76.6845
14/06/1985,37.1151,96.7262,#N/A N/A,75.9884
17/06/1985,36.95,96.6691,#N/A N/A,75.4851
18/06/1985,37.0581,99.6253,#N/A N/A,75.7483
19/06/1985,37.5275,97.6669,#N/A N/A,75.0965
20/06/1985,37.5924,94.9002,#N/A N/A,74.7409
21/06/1985,37.9608,95.1207,#N/A N/A,74.8513
24/06/1985,38.0257,95.5074,#N/A N/A,75.0353
25/06/1985,37.8019,95.6687,#N/A N/A,75.0993
26/06/1985,38.1855,95.5152,#N/A N/A,74.8753
27/06/1985,38.4825,95.7727,#N/A N/A,74.806
28/06/1985,38.1573,95.3816,#N/A N/A,74.4513
01/07/1985,37.7748,93.1502,#N/A N/A,73.6816
02/07/1985,38.0429,93.17,#N/A N/A,73.6376
03/07/1985,38.1083,93.2741,#N/A N/A,73.6113
04/07/1985,38.1083,93.2741,#N/A N/A,73.6113
05/07/1985,38.1083,93.2741,#N/A N/A,73.6113
08/07/1985,38.1893,94.9014,#N/A N/A,75.0366
09/07/1985,38.9364,94.5068,#N/A N/A,74.4729
10/07/1985,39.002,95.0688,#N/A N/A,75.2547
11/07/1985,38.7049,94.5384,#N/A N/A,74.9009
12/07/1985,38.277,95.8687,#N/A N/A,75.6015
15/07/1985,38.3429,95.8592,#N/A N/A,74.7659
16/07/1985,38.4522,96.7301,#N/A N/A,74.2817
17/07/1985,38.6051,97.5814,#N/A N/A,74.5234
18/07/1985,38.8016,95.9594,#N/A N/A,74.3783
19/07/1985,38.7802,95.9785,#N/A N/A,73.4468
22/07/1985,39.1376,96.9117,#N/A N/A,74.0057
23/07/1985,39.5091,95.8632,#N/A N/A,73.1076
24/07/1985,39.779,95.9695,#N/A N/A,72.5929
25/07/1985,39.7434,96.1168,#N/A N/A,73.5283
26/07/1985,39.7369,97.4349,#N/A N/A,74.1845
29/07/1985,39.8485,97.9873,#N/A N/A,73.2357
30/07/1985,39.8274,97.9855,#N/A N/A,72.4488
31/07/1985,39.515,98.7553,#N/A N/A,72.8338
01/08/1985,39.6251,96.7642,#N/A N/A,73.07
02/08/1985,39.808,97.2123,#N/A N/A,72.6637
05/08/1985,39.8614,97.3161,#N/A N/A,72.5866
06/08/1985,39.7674,96.7579,#N/A N/A,72.3499
07/08/1985,39.7902,97.185,#N/A N/A,72.1598
08/08/1985,39.8482,97.0533,#N/A N/A,71.3674
09/08/1985,39.951,99.1243,#N/A N/A,71.396
12/08/1985,40.3862,98.9111,#N/A N/A,71.9276
13/08/1985,40.3794,98.8521,#N/A N/A,71.7625
14/08/1985,40.6285,98.7871,#N/A N/A,72.3524
15/08/1985,41.134,100.1969,#N/A N/A,72.6587
16/08/1985,41.0819,101.7234,#N/A N/A,71.7565
19/08/1985,40.8654,101.3913,#N/A N/A,71.2415
20/08/1985,41.1753,100.6171,#N/A N/A,71.0229
21/08/1985,41.4099,101.5219,#N/A N/A,71.2627
22/08/1985,41.5842,100.0168,#N/A N/A,71.4321
23/08/1985,41.5925,100.4692,#N/A N/A,71.5568
26/08/1985,41.8893,100.9159,#N/A N/A,70.8662
27/08/1985,41.8825,101.2652,#N/A N/A,71.2608
28/08/1985,41.9513,101.9126,#N/A N/A,71.3999
29/08/1985,41.6724,100.26,#N/A N/A,71.1383
30/08/1985,41.9074,99.9785,#N/A N/A,71.463
02/09/1985,41.9074,99.9785,#N/A N/A,71.463
03/09/1985,42.1977,97.1502,#N/A N/A,71.6282
04/09/1985,42.0549,97.361,#N/A N/A,71.9967
05/09/1985,41.4882,96.3492,#N/A N/A,72.5556
06/09/1985,41.2544,96.7305,#N/A N/A,71.7138
09/09/1985,40.825,95.9562,#N/A N/A,71.0745
10/09/1985,41.1817,96.6833,#N/A N/A,71.7315
11/09/1985,41.1445,96.5093,#N/A N/A,71.5283
12/09/1985,41.6681,96.3151,#N/A N/A,71.8045
13/09/1985,41.4038,95.7971,#N/A N/A,71.8255
16/09/1985,41.3683,95.9843,#N/A N/A,72.7274
17/09/1985,41.68,94.9315,#N/A N/A,73.0826
18/09/1985,41.7188,94.5417,#N/A N/A,72.8312
19/09/1985,41.8637,95.9786,#N/A N/A,72.3402
20/09/1985,42.449,95.7616,#N/A N/A,72.2425
23/09/1985,42.6112,98.6995,#N/A N/A,73.3871
24/09/1985,42.8929,98.9557,#N/A N/A,73.9873
25/09/1985,43.1898,98.7815,#N/A N/A,73.948
26/09/1985,43.9275,97.9419,#N/A N/A,72.9114
27/09/1985,43.9816,98.1972,#N/A N/A,72.8522
30/09/1985,44.2349,96.6816,#N/A N/A,73.1907
01/10/1985,44.1677,96.829,#N/A N/A,73.3488
02/10/1985,44.5264,97.1288,#N/A N/A,72.976
03/10/1985,44.6113,99.7896,#N/A N/A,73.0235
04/10/1985,44.1483,99.1642,#N/A N/A,72.6575
07/10/1985,44.4182,98.8772,#N/A N/A,72.0053
08/10/1985,44.5931,98.2722,#N/A N/A,72.721
09/10/1985,44.1521,98.1216,#N/A N/A,73.4128
10/10/1985,43.5753,98.0773,#N/A N/A,72.9915
11/10/1985,43.796,98.6786,#N/A N/A,72.7173
14/10/1985,44.4934,98.5645,#N/A N/A,72.8509
15/10/1985,44.9659,98.3041,#N/A N/A,72.7816
16/10/1985,44.8311,97.1831,#N/A N/A,72.2019
17/10/1985,45.0481,97.7508,#N/A N/A,72.8285
18/10/1985,44.8492,98.1723,#N/A N/A,72.7624
21/10/1985,45.2124,98.0596,#N/A N/A,72.8758
22/10/1985,44.7893,98.48,#N/A N/A,73.7041
23/10/1985,45.4549,98.0982,#N/A N/A,73.3146
24/10/1985,45.9125,98.0088,#N/A N/A,73.6825
25/10/1985,46.0819,98.289,#N/A N/A,73.5559
28/10/1985,46.7988,98.1669,#N/A N/A,73.9726
29/10/1985,47.0809,98.3897,#N/A N/A,74.419
30/10/1985,46.8338,97.753,#N/A N/A,74.5578
31/10/1985,47.132,97.3275,#N/A N/A,76.4158
01/11/1985,47.1737,97.8235,#N/A N/A,76.966
04/11/1985,46.8334,97.4937,#N/A N/A,76.3514
05/11/1985,46.3452,97.3177,#N/A N/A,76.7002
06/11/1985,47.029,97.1636,#N/A N/A,76.2328
07/11/1985,47.2634,96.3814,#N/A N/A,76.2221
08/11/1985,47.3533,97.2662,#N/A N/A,76.4461
11/11/1985,47.832,96.9803,#N/A N/A,76.9009
12/11/1985,47.9864,97.5583,#N/A N/A,76.8634
13/11/1985,48.2213,97.7843,#N/A N/A,76.5611
14/11/1985,48.7618,97.5272,#N/A N/A,76.4683
15/11/1985,48.0317,97.1194,#N/A N/A,75.8572
18/11/1985,48.093,97.2039,#N/A N/A,74.8931
19/11/1985,48.7146,97.2449,#N/A N/A,75.4733
20/11/1985,49.3043,98.0438,#N/A N/A,75.5523
21/11/1985,49.6525,98.2055,#N/A N/A,75.5071
22/11/1985,49.8076,98.3872,#N/A N/A,75.4025
25/11/1985,49.9991,99.886,#N/A N/A,74.9154
26/11/1985,49.5738,99.4428,#N/A N/A,75.1677
27/11/1985,47.9872,97.6268,#N/A N/A,75.6249
28/11/1985,47.9872,97.6268,#N/A N/A,75.6249
29/11/1985,48.0065,96.9988,#N/A N/A,76.0955
02/12/1985,48.0354,96.9702,#N/A N/A,76.7054
03/12/1985,46.931,96.8409,#N/A N/A,77.2639
04/12/1985,46.2622,96.5808,#N/A N/A,77.7511
05/12/1985,46.6592,96.9232,#N/A N/A,77.8135
06/12/1985,46.4425,96.6424,#N/A N/A,78.1456
09/12/1985,44.5403,94.4021,#N/A N/A,78.3547
10/12/1985,41.314,94.6167,#N/A N/A,78.8109
11/12/1985,42.5614,94.2274,#N/A N/A,78.2143
12/12/1985,43.2207,94.6744,#N/A N/A,79.4845
13/12/1985,42.9418,95.1889,#N/A N/A,80.0513
16/12/1985,42.5614,95.9571,#N/A N/A,80.9096
17/12/1985,41.0806,95.1824,#N/A N/A,80.9645
18/12/1985,41.9689,96.236,#N/A N/A,80.6076
19/12/1985,42.6544,96.2119,#N/A N/A,81.7464
20/12/1985,42.1717,96.5983,#N/A N/A,82.2583
23/12/1985,41.8241,96.1409,#N/A N/A,82.1006
24/12/1985,41.8323,96.2881,#N/A N/A,82.2348
25/12/1985,41.8323,96.2881,#N/A N/A,82.2348
26/12/1985,42.9337,96.0894,#N/A N/A,81.9021
27/12/1985,43.9087,96.7971,#N/A N/A,81.0091
30/12/1985,43.5277,97.1155,#N/A N/A,81.5747
31/12/1985,42.9254,97.1359,#N/A N/A,82.0971
01/01/1986,42.9254,97.1359,#N/A N/A,82.0971
02/01/1986,41.6863,96.3755,#N/A N/A,83.036
03/01/1986,42.4756,96.9121,#N/A N/A,82.0728
06/01/1986,43.4859,97.1859,#N/A N/A,82.4439
07/01/1986,42.8317,97.9402,#N/A N/A,83.9319
08/01/1986,42.2113,98.6977,#N/A N/A,83.214
09/01/1986,41.9137,100.4744,#N/A N/A,83.0427
10/01/1986,41.905,101.0222,#N/A N/A,82.894
13/01/1986,40.3652,100.3402,#N/A N/A,80.436
14/01/1986,40.2203,100.2614,#N/A N/A,80.9469
15/01/1986,40.6199,102.9775,#N/A N/A,81.1191
16/01/1986,38.9257,104.3573,#N/A N/A,80.887
17/01/1986,38.4909,104.3599,#N/A N/A,81.1633
20/01/1986,36.8111,104.0119,#N/A N/A,81.2217
21/01/1986,35.4723,103.5981,#N/A N/A,80.137
22/01/1986,34.7633,103.1372,#N/A N/A,80.9251
23/01/1986,33.7983,103.3551,#N/A N/A,81.4787
24/01/1986,33.2593,105.3153,#N/A N/A,80.8626
27/01/1986,35.5473,103.8978,#N/A N/A,80.7849
28/01/1986,34.4279,103.6782,#N/A N/A,80.5122
29/01/1986,33.564,104.4877,#N/A N/A,80.0156
30/01/1986,33.5706,103.9446,#N/A N/A,80.2409
31/01/1986,32.1598,102.2992,#N/A N/A,80.248
03/02/1986,29.6679,100.5767,#N/A N/A,79.476
04/02/1986,26.3925,98.195,#N/A N/A,79.3497
05/02/1986,27.6284,98.8694,#N/A N/A,80.3527
06/02/1986,28.1296,98.8867,#N/A N/A,79.8232
07/02/1986,30.2384,99.6501,#N/A N/A,80.0591
10/02/1986,28.6559,99.2588,#N/A N/A,80.4138
11/02/1986,28.2283,99.6311,#N/A N/A,80.5129
12/02/1986,26.9567,99.367,#N/A N/A,80.0495
13/02/1986,28.2382,97.9976,#N/A N/A,80.0379
14/02/1986,27.8519,98.3873,#N/A N/A,79.4892
17/02/1986,27.8519,98.3873,#N/A N/A,79.4892
18/02/1986,26.1698,99.0651,#N/A N/A,79.9466
19/02/1986,26.2944,99.0168,#N/A N/A,79.2974
20/02/1986,25.1392,99.4232,#N/A N/A,79.1202
21/02/1986,23.4375,99.9112,#N/A N/A,79.5129
24/02/1986,26.0117,101.9631,#N/A N/A,79.8004
25/02/1986,25.3337,101.3628,#N/A N/A,79.5335
26/02/1986,25.3215,97.69,#N/A N/A,79.1689
27/02/1986,24.3526,97.8375,#N/A N/A,79.6013
28/02/1986,23.2294,98.2721,#N/A N/A,79.0888
03/03/1986,21.6534,98.0615,#N/A N/A,79.7679
04/03/1986,21.0419,99.4003,#N/A N/A,80.2643
05/03/1986,21.0802,98.8707,#N/A N/A,79.8061
06/03/1986,22.7611,98.8945,#N/A N/A,80.6413
07/03/1986,21.3451,99.2315,#N/A N/A,80.3423
10/03/1986,22.5728,98.7342,#N/A N/A,80.8969
11/03/1986,22.9709,99.4376,#N/A N/A,81.1936
12/03/1986,24.5682,101.8408,#N/A N/A,81.4073
13/03/1986,22.8594,100.4601,#N/A N/A,81.4314
14/03/1986,22.2124,100.323,#N/A N/A,81.7163
17/03/1986,23.2702,101.2163,#N/A N/A,81.3474
18/03/1986,24.0632,100.8284,#N/A N/A,81.9991
19/03/1986,23.5188,100.9979,#N/A N/A,81.7808
20/03/1986,22.3394,101.6021,#N/A N/A,81.7534
21/03/1986,23.922,102.5555,#N/A N/A,81.8765
24/03/1986,20.8291,100.9864,#N/A N/A,81.9296
25/03/1986,21.0389,98.8968,#N/A N/A,82.497
26/03/1986,20.6476,99.2448,#N/A N/A,83.5847
27/03/1986,19.655,98.6413,#N/A N/A,83.3527
28/03/1986,19.655,98.6413,#N/A N/A,83.3527
31/03/1986,17.9166,94.2527,#N/A N/A,84.4583
01/04/1986,19.3813,94.2653,#N/A N/A,83.948
02/04/1986,19.8147,95.3186,#N/A N/A,83.3352
03/04/1986,20.2138,95.0117,#N/A N/A,82.1325
04/04/1986,21.9205,95.3547,#N/A N/A,82.1896
07/04/1986,24.668,96.9183,#N/A N/A,82.6671
08/04/1986,21.5901,97.1811,#N/A N/A,82.0784
09/04/1986,22.4547,96.9776,#N/A N/A,81.5341
10/04/1986,23.0501,97.0116,#N/A N/A,80.876
11/04/1986,23.266,98.9416,#N/A N/A,80.0195
14/04/1986,22.1619,97.6416,#N/A N/A,80.5005
15/04/1986,21.6595,97.49,#N/A N/A,80.0529
16/04/1986,20.005,97.3125,#N/A N/A,79.9995
17/04/1986,20.6192,96.5,#N/A N/A,81.0932
18/04/1986,20.6051,96.8799,#N/A N/A,80.5614
21/04/1986,21.174,96.2941,#N/A N/A,81.097
22/04/1986,21.5619,97.5333,#N/A N/A,81.7203
23/04/1986,22.5789,97.435,#N/A N/A,81.5779
24/04/1986,22.2505,96.9383,#N/A N/A,81.7871
25/04/1986,23.0582,96.6954,#N/A N/A,81.5733
28/04/1986,22.8773,96.3515,#N/A N/A,81.6904
29/04/1986,22.9686,96.7808,#N/A N/A,83.7119
30/04/1986,22.8151,97.3525,#N/A N/A,86.2781
01/05/1986,23.5888,96.1155,#N/A N/A,83.935
02/05/1986,25.0802,97.091,#N/A N/A,83.0965
05/05/1986,24.3405,96.7555,#N/A N/A,83.7479
06/05/1986,24.3621,96.8466,#N/A N/A,84.2202
07/05/1986,25.8725,97.2184,#N/A N/A,83.2912
08/05/1986,26.6301,97.3118,#N/A N/A,84.9941
09/05/1986,26.7397,97.3134,#N/A N/A,85.4447
12/05/1986,26.5606,97.0964,#N/A N/A,84.0889
13/05/1986,26.6703,96.7036,#N/A N/A,84.4862
14/05/1986,26.1839,96.0463,#N/A N/A,83.8272
15/05/1986,26.5742,96.2647,#N/A N/A,82.7613
16/05/1986,27.3505,96.3648,#N/A N/A,82.5721
19/05/1986,28.9784,94.7662,#N/A N/A,81.7739
20/05/1986,27.2283,95.0127,#N/A N/A,81.4942
21/05/1986,26.0217,95.0037,#N/A N/A,81.8449
22/05/1986,26.6232,96.0718,#N/A N/A,81.6439
23/05/1986,27.383,96.535,#N/A N/A,81.7618
26/05/1986,27.383,96.535,#N/A N/A,81.7618
27/05/1986,26.5415,96.4092,#N/A N/A,81.8318
28/05/1986,26.0715,96.3841,#N/A N/A,81.6277
29/05/1986,25.5662,97.1645,#N/A N/A,81.0515
30/05/1986,25.1486,97.3653,#N/A N/A,80.64
02/06/1986,24.2998,96.507,#N/A N/A,81.1304
03/06/1986,24.4097,96.5894,#N/A N/A,80.6774
04/06/1986,23.0589,96.5715,#N/A N/A,81.0822
05/06/1986,23.2919,96.5466,#N/A N/A,81.5211
06/06/1986,22.4685,96.629,#N/A N/A,81.6541
09/06/1986,22.2763,99.6323,#N/A N/A,80.38
10/06/1986,22.1219,98.859,#N/A N/A,80.4388
11/06/1986,23.6869,99.1007,#N/A N/A,80.234
12/06/1986,23.7791,98.3864,#N/A N/A,79.4932
13/06/1986,23.8538,97.9802,#N/A N/A,78.8889
16/06/1986,23.249,94.6951,#N/A N/A,78.2594
17/06/1986,23.2177,95.1168,#N/A N/A,78.8749
18/06/1986,22.6919,95.4081,#N/A N/A,79.4274
19/06/1986,22.8371,95.4851,#N/A N/A,79.5002
20/06/1986,22.5231,96.0423,#N/A N/A,78.8805
23/06/1986,22.623,96.0313,#N/A N/A,78.5032
24/06/1986,22.5385,96.5633,#N/A N/A,77.5509
25/06/1986,23.0373,97.0395,#N/A N/A,76.9786
26/06/1986,22.9175,96.6712,#N/A N/A,77.1172
27/06/1986,23.5226,96.3495,#N/A N/A,77.2218
30/06/1986,22.3851,97.2202,#N/A N/A,76.4729
01/07/1986,21.6987,96.7997,#N/A N/A,75.496
02/07/1986,21.1714,96.4773,#N/A N/A,75.6067
03/07/1986,21.1714,96.4773,#N/A N/A,75.6067
04/07/1986,21.1714,96.4773,#N/A N/A,75.6067
07/07/1986,19.773,96.7313,#N/A N/A,74.5687
08/07/1986,19.9889,98.1807,#N/A N/A,74.6246
09/07/1986,18.8049,97.6729,#N/A N/A,74.9535
10/07/1986,19.4815,97.3391,#N/A N/A,74.6038
11/07/1986,18.687,97.1652,#N/A N/A,75.0858
14/07/1986,18.8203,96.6992,#N/A N/A,75.5173
15/07/1986,20.4198,97.4907,#N/A N/A,76.3741
16/07/1986,21.5053,97.2709,#N/A N/A,77.8592
17/07/1986,20.3732,97.3352,#N/A N/A,77.4358
18/07/1986,21.0153,99.0821,#N/A N/A,77.1524
21/07/1986,21.4515,98.8275,#N/A N/A,78.0508
22/07/1986,19.9988,98.2422,#N/A N/A,77.3824
23/07/1986,19.2738,97.3996,#N/A N/A,77.6981
24/07/1986,19.6322,97.3297,#N/A N/A,77.6637
25/07/1986,19.3688,97.0422,#N/A N/A,78.6166
28/07/1986,19.6802,98.7526,#N/A N/A,78.8409
29/07/1986,20.2879,98.0743,#N/A N/A,78.1474
30/07/1986,20.8602,97.984,#N/A N/A,78.564
31/07/1986,19.8322,100.8092,#N/A N/A,76.7612
01/08/1986,20.5469,100.8901,#N/A N/A,76.8832
04/08/1986,23.6524,100.7106,#N/A N/A,75.5997
05/08/1986,26.7351,100.5759,#N/A N/A,74.7059
06/08/1986,26.6504,100.7636,#N/A N/A,74.9629
07/08/1986,27.2777,101.2943,#N/A N/A,74.975
08/08/1986,26.3922,104.5746,#N/A N/A,75.0076
11/08/1986,26.4767,109.1394,#N/A N/A,75.6228
12/08/1986,27.5244,107.0743,#N/A N/A,74.692
13/08/1986,27.7206,106.4257,#N/A N/A,74.2304
14/08/1986,27.9783,107.0388,#N/A N/A,74.5359
15/08/1986,28.5618,106.0361,#N/A N/A,74.1009
18/08/1986,28.2313,103.76,#N/A N/A,74.8359
19/08/1986,27.4209,103.4709,#N/A N/A,73.8025
20/08/1986,28.1135,104.5493,#N/A N/A,73.7169
21/08/1986,28.0274,105.8319,#N/A N/A,74.1281
22/08/1986,28.0861,102.9854,#N/A N/A,74.5252
25/08/1986,28.1357,104.678,#N/A N/A,74.407
26/08/1986,28.6294,104.4921,#N/A N/A,74.496
27/08/1986,28.6336,104.7462,#N/A N/A,74.8047
28/08/1986,28.6923,105.9598,#N/A N/A,74.5464
29/08/1986,28.7691,106.2699,#N/A N/A,75.1481
01/09/1986,28.7691,106.2699,#N/A N/A,75.1481
02/09/1986,29.8565,111.4035,#N/A N/A,74.2736
03/09/1986,29.4433,110.7056,#N/A N/A,74.8279
04/09/1986,29.5201,111.946,#N/A N/A,75.0411
05/09/1986,29.8874,115.7239,#N/A N/A,75.1808
08/09/1986,28.3932,113.6363,#N/A N/A,75.3154
09/09/1986,27.8705,113.3651,#N/A N/A,75.107
10/09/1986,27.0207,111.9428,#N/A N/A,74.8531
11/09/1986,27.3154,113.1151,#N/A N/A,75.09
12/09/1986,27.4285,115.4418,#N/A N/A,75.6906
15/09/1986,26.3136,115.9244,#N/A N/A,75.3008
16/09/1986,25.59,115.1074,#N/A N/A,75.5591
17/09/1986,25.7574,114.6594,#N/A N/A,75.5887
18/09/1986,26.7798,115.4477,#N/A N/A,76.1459
19/09/1986,26.82,120.4519,#N/A N/A,77.1118
22/09/1986,26.0129,121.3365,#N/A N/A,76.9368
23/09/1986,26.308,119.1729,#N/A N/A,77.9115
24/09/1986,26.5303,119.0881,#N/A N/A,77.5936
25/09/1986,25.9879,119.0039,#N/A N/A,76.9463
26/09/1986,26.2831,116.6091,#N/A N/A,76.6797
29/09/1986,27.1326,115.3436,#N/A N/A,77.9785
30/09/1986,26.9178,116.2518,#N/A N/A,78.0274
01/10/1986,27.6325,116.1662,#N/A N/A,77.7751
02/10/1986,28.0011,119.7013,#N/A N/A,78.0137
03/10/1986,27.1119,118.2659,#N/A N/A,77.313
06/10/1986,27.0326,119.9641,#N/A N/A,75.9114
07/10/1986,28.0944,120.098,#N/A N/A,76.0394
08/10/1986,28.1201,119.8211,#N/A N/A,76.3619
09/10/1986,27.5781,117.3999,#N/A N/A,76.6561
10/10/1986,27.2006,117.7314,#N/A N/A,76.6925
13/10/1986,26.137,118.488,#N/A N/A,77.225
14/10/1986,26.4801,116.7018,#N/A N/A,77.0883
15/10/1986,26.9306,116.224,#N/A N/A,76.9348
16/10/1986,26.4341,115.8045,#N/A N/A,77.1782
17/10/1986,27.1886,114.9387,#N/A N/A,77.3427
20/10/1986,28.0941,117.3987,#N/A N/A,77.8039
21/10/1986,28.3844,117.0659,#N/A N/A,78.574
22/10/1986,27.6195,117.5314,#N/A N/A,78.7969
23/10/1986,27.3195,114.3306,#N/A N/A,78.0499
24/10/1986,27.2878,112.5907,#N/A N/A,78.3806
27/10/1986,26.0652,112.8136,#N/A N/A,79.579
28/10/1986,25.6573,113.6108,#N/A N/A,79.2657
29/10/1986,24.8374,112.0281,#N/A N/A,78.076
30/10/1986,26.6317,113.0121,#N/A N/A,79.5856
31/10/1986,27.6385,111.9153,#N/A N/A,78.8686
03/11/1986,26.8445,112.4947,#N/A N/A,79.831
04/11/1986,27.2247,113.5104,#N/A N/A,79.5281
05/11/1986,27.2825,112.5117,#N/A N/A,79.7894
06/11/1986,27.4657,113.8877,#N/A N/A,79.3286
07/11/1986,27.4697,113.6187,#N/A N/A,79.7545
10/11/1986,27.6791,112.8428,#N/A N/A,79.5634
11/11/1986,27.9523,113.3557,#N/A N/A,78.5611
12/11/1986,27.7951,113.5423,#N/A N/A,79.1893
13/11/1986,28.1223,113.8093,#N/A N/A,79.0158
14/11/1986,28.2881,110.9723,#N/A N/A,78.5228
17/11/1986,28.0676,108.0521,#N/A N/A,77.7355
18/11/1986,28.1437,109.4326,#N/A N/A,78.048
19/11/1986,28.0581,107.8616,#N/A N/A,78.1207
20/11/1986,27.5235,108.3198,#N/A N/A,77.9915
21/11/1986,27.6354,104.6513,#N/A N/A,77.8956
24/11/1986,26.9471,105.5822,#N/A N/A,77.7312
25/11/1986,26.8793,106.5775,#N/A N/A,78.0234
26/11/1986,26.9732,105.9559,#N/A N/A,78.942
27/11/1986,26.9732,105.9559,#N/A N/A,78.942
28/11/1986,26.9813,108.2192,#N/A N/A,79.5181
01/12/1986,27.551,109.1127,#N/A N/A,80.1606
02/12/1986,27.3392,107.6971,#N/A N/A,79.6581
03/12/1986,27.2174,108.5123,#N/A N/A,79.6073
04/12/1986,27.3655,107.4617,#N/A N/A,79.085
05/12/1986,27.2436,107.8648,#N/A N/A,78.9398
08/12/1986,27.0762,108.0373,#N/A N/A,78.8829
09/12/1986,27.0121,107.1052,#N/A N/A,77.7849
10/12/1986,27.3033,107.9215,#N/A N/A,78.3416
11/12/1986,28.0273,108.1107,#N/A N/A,77.8463
12/12/1986,29.1748,108.6383,#N/A N/A,77.3042
15/12/1986,29.8137,109.631,#N/A N/A,77.0493
16/12/1986,29.4966,108.6005,#N/A N/A,76.893
17/12/1986,29.0543,108.4306,#N/A N/A,76.7331
18/12/1986,29.6667,109.1128,#N/A N/A,76.619
19/12/1986,29.5819,108.6161,#N/A N/A,76.4475
22/12/1986,31.098,108.7486,#N/A N/A,77.0627
23/12/1986,30.4408,107.3822,#N/A N/A,77.0484
24/12/1986,31.1255,107.761,#N/A N/A,77.3611
25/12/1986,31.1255,107.761,#N/A N/A,77.3611
26/12/1986,31.1255,107.761,#N/A N/A,77.3611
29/12/1986,31.8833,107.5424,#N/A N/A,77.2521
30/12/1986,31.8705,107.5713,#N/A N/A,77.003
31/12/1986,32.198,111.2472,#N/A N/A,77.4183
01/01/1987,32.198,111.2472,#N/A N/A,77.4183
02/01/1987,32.477,110.8144,#N/A N/A,77.0346
05/01/1987,32.0444,111.0078,#N/A N/A,76.3599
06/01/1987,32.5694,110.2242,#N/A N/A,75.5348
07/01/1987,32.7,110.7541,#N/A N/A,76.4059
08/01/1987,33.2969,110.7338,#N/A N/A,77.0332
09/01/1987,33.7307,111.9366,#N/A N/A,77.4448
12/01/1987,34.153,112.8007,#N/A N/A,77.8157
13/01/1987,33.8314,113.1659,#N/A N/A,77.6653
14/01/1987,34.0334,114.8588,#N/A N/A,78.3527
15/01/1987,33.8772,114.4858,#N/A N/A,77.8629
16/01/1987,33.7099,114.5903,#N/A N/A,78.0616
19/01/1987,33.2593,116.2046,#N/A N/A,78.85
20/01/1987,33.7915,112.0649,#N/A N/A,78.5946
21/01/1987,33.3566,112.5001,#N/A N/A,79.0847
22/01/1987,33.791,112.7666,#N/A N/A,79.4008
23/01/1987,33.4944,111.6718,#N/A N/A,80.2756
26/01/1987,33.0878,113.9159,#N/A N/A,80.2794
27/01/1987,32.903,114.8781,#N/A N/A,79.3288
28/01/1987,33.0454,113.4678,#N/A N/A,79.0552
29/01/1987,33.3525,113.9424,#N/A N/A,79.0323
30/01/1987,33.5576,111.7356,#N/A N/A,78.9189
02/02/1987,33.1146,110.842,#N/A N/A,79.0644
03/02/1987,32.7504,111.5301,#N/A N/A,79.3195
04/02/1987,32.5756,111.2367,#N/A N/A,79.0911
05/02/1987,33.2774,112.0491,#N/A N/A,78.3598
06/02/1987,32.9887,111.7081,#N/A N/A,78.3481
09/02/1987,32.6511,111.8772,#N/A N/A,78.2021
10/02/1987,32.8032,111.671,#N/A N/A,78.1678
11/02/1987,31.9921,111.3215,#N/A N/A,77.8936
12/02/1987,32.0495,109.5371,#N/A N/A,76.8487
13/02/1987,31.8795,109.9936,#N/A N/A,76.6955
16/02/1987,31.8795,109.9936,#N/A N/A,76.6955
17/02/1987,31.6292,108.5875,#N/A N/A,76.2094
18/02/1987,31.0737,108.6539,#N/A N/A,75.4312
19/02/1987,31.0459,110.5188,#N/A N/A,75.9315
20/02/1987,31.6381,112.0534,#N/A N/A,77.6489
23/02/1987,30.6156,110.9314,#N/A N/A,77.2656
24/02/1987,30.0309,110.8385,#N/A N/A,77.594
25/02/1987,29.5801,111.0822,#N/A N/A,76.6519
26/02/1987,30.2303,111.6858,#N/A N/A,77.0308
27/02/1987,29.7067,111.3434,#N/A N/A,77.8019
02/03/1987,29.5319,111.2733,#N/A N/A,78.5993
03/03/1987,31.0482,111.9456,#N/A N/A,77.1909
04/03/1987,31.5185,112.6729,#N/A N/A,77.2299
05/03/1987,32.0261,112.5284,#N/A N/A,77.6688
06/03/1987,32.5762,112.2922,#N/A N/A,78.0373
09/03/1987,32.4373,111.9706,#N/A N/A,78.2842
10/03/1987,32.5988,112.3761,#N/A N/A,77.9604
11/03/1987,32.9242,112.3479,#N/A N/A,77.9159
12/03/1987,33.0422,113.1947,#N/A N/A,78.0402
13/03/1987,32.9836,111.8963,#N/A N/A,78.1142
16/03/1987,33.4108,112.2315,#N/A N/A,77.4747
17/03/1987,33.6086,112.173,#N/A N/A,78.0417
18/03/1987,32.9518,112.15,#N/A N/A,77.7925
19/03/1987,33.294,112.1294,#N/A N/A,78.1037
20/03/1987,33.1269,112.0133,#N/A N/A,77.6931
23/03/1987,33.0667,114.1021,#N/A N/A,77.9217
24/03/1987,33.9334,115.76,#N/A N/A,78.0191
25/03/1987,33.4149,115.5072,#N/A N/A,78.2432
26/03/1987,33.5944,115.3863,#N/A N/A,77.986
27/03/1987,33.5354,119.1688,#N/A N/A,78.0625
30/03/1987,33.6152,119.4023,#N/A N/A,78.1209
31/03/1987,33.8221,118.2217,#N/A N/A,77.4306
01/04/1987,33.7518,118.7204,#N/A N/A,77.3217
02/04/1987,33.9266,118.9691,#N/A N/A,76.7945
03/04/1987,33.6118,119.8673,#N/A N/A,76.9653
06/04/1987,33.5118,120.5075,#N/A N/A,77.2769
07/04/1987,33.7921,122.209,#N/A N/A,77.7026
08/04/1987,33.244,121.0519,#N/A N/A,78.2978
09/04/1987,33.069,124.7773,#N/A N/A,79.0339
10/04/1987,32.2892,124.4325,#N/A N/A,79.081
13/04/1987,32.3977,125.7428,#N/A N/A,79.8499
14/04/1987,32.2052,130.9224,#N/A N/A,80.9639
15/04/1987,33.0113,129.1093,#N/A N/A,80.6574
16/04/1987,32.7343,129.6031,#N/A N/A,81.2296
17/04/1987,32.7343,129.6031,#N/A N/A,81.2296
20/04/1987,32.7876,134.1869,#N/A N/A,82.1129
21/04/1987,33.2175,133.6548,#N/A N/A,81.1348
22/04/1987,33.127,135.1782,#N/A N/A,80.4698
23/04/1987,33.8243,140.1123,#N/A N/A,81.5399
24/04/1987,33.8933,143.4252,#N/A N/A,82.5952
27/04/1987,34.0834,135.3718,#N/A N/A,81.8602
28/04/1987,34.21,133.6653,#N/A N/A,82.1206
29/04/1987,33.6499,134.6641,#N/A N/A,83.0621
30/04/1987,33.8632,135.6749,#N/A N/A,83.9717
01/05/1987,34.0072,137.263,#N/A N/A,83.8641
04/05/1987,34.2333,141.4043,#N/A N/A,85.3123
05/05/1987,34.3982,138.2968,#N/A N/A,84.5309
06/05/1987,34.9333,138.513,#N/A N/A,85.0325
07/05/1987,34.739,137.9931,#N/A N/A,86.1523
08/05/1987,34.9992,137.6192,#N/A N/A,86.9335
11/05/1987,35.3553,139.4286,#N/A N/A,89.8299
12/05/1987,35.0417,141.1331,#N/A N/A,88.1817
13/05/1987,35.1657,140.4194,#N/A N/A,88.526
14/05/1987,35.4119,142.3307,#N/A N/A,89.7597
15/05/1987,35.6658,148.1011,#N/A N/A,89.8547
18/05/1987,35.58,145.2521,#N/A N/A,86.2072
19/05/1987,35.6602,148.0485,#N/A N/A,86.8549
20/05/1987,35.1673,145.8586,#N/A N/A,86.3637
21/05/1987,35.5326,143.3099,#N/A N/A,87.7142
22/05/1987,35.6547,138.9332,#N/A N/A,87.3942
25/05/1987,35.6547,138.9332,#N/A N/A,87.3942
26/05/1987,35.7715,132.4797,#N/A N/A,86.0627
27/05/1987,35.635,130.8439,#N/A N/A,86.9827
28/05/1987,35.431,133.4861,#N/A N/A,86.3053
29/05/1987,35.6017,132.8267,#N/A N/A,85.6777
01/06/1987,35.8425,130.8842,#N/A N/A,84.8481
02/06/1987,36.0996,134.9625,#N/A N/A,85.0384
03/06/1987,36.4058,132.5494,#N/A N/A,85.9871
04/06/1987,36.3187,134.4207,#N/A N/A,85.5408
05/06/1987,36.3094,134.5018,#N/A N/A,85.8086
08/06/1987,36.6818,132.472,#N/A N/A,85.2139
09/06/1987,36.6262,135.7215,#N/A N/A,85.154
10/06/1987,36.6679,135.2903,#N/A N/A,84.8909
11/06/1987,36.5062,137.3888,#N/A N/A,86.1646
12/06/1987,36.5582,134.0935,#N/A N/A,86.9068
15/06/1987,36.7173,133.4137,#N/A N/A,90.1503
16/06/1987,36.8566,131.4402,#N/A N/A,89.7254
17/06/1987,36.7275,131.0971,#N/A N/A,88.3333
18/06/1987,36.7788,131.8057,#N/A N/A,87.2449
19/06/1987,36.8896,112.7821,#N/A N/A,86.6278
22/06/1987,36.0522,124.869,#N/A N/A,83.7159
23/06/1987,36.086,126.4896,#N/A N/A,85.0116
24/06/1987,35.906,127.2855,#N/A N/A,85.845
25/06/1987,36.1122,126.311,#N/A N/A,85.0643
26/06/1987,37.27,128.1375,#N/A N/A,85.3603
29/06/1987,37.6307,128.9191,#N/A N/A,83.6092
30/06/1987,37.5434,130.6938,#N/A N/A,84.2343
01/07/1987,37.6166,130.8608,#N/A N/A,83.2422
02/07/1987,37.7485,130.5638,#N/A N/A,83.9064
03/07/1987,37.7485,130.5638,#N/A N/A,83.9064
06/07/1987,38.1052,131.8623,#N/A N/A,83.6217
07/07/1987,37.8774,130.5172,#N/A N/A,83.9213
08/07/1987,38.0625,131.6251,#N/A N/A,82.0989
09/07/1987,38.474,131.847,#N/A N/A,82.3586
10/07/1987,38.6686,131.1761,#N/A N/A,82.3079
13/07/1987,38.5826,131.8833,#N/A N/A,81.5366
14/07/1987,38.9088,132.0357,#N/A N/A,82.2603
15/07/1987,39.4665,134.2797,#N/A N/A,81.9172
16/07/1987,39.7545,134.0448,#N/A N/A,80.9669
17/07/1987,40.2019,131.1119,#N/A N/A,79.92
20/07/1987,40.3112,132.8868,#N/A N/A,81.7085
21/07/1987,39.4772,133.4896,#N/A N/A,80.1102
22/07/1987,39.622,134.3033,#N/A N/A,80.2569
23/07/1987,39.1401,133.9736,#N/A N/A,79.9609
24/07/1987,37.9678,133.8397,#N/A N/A,80.1019
27/07/1987,37.9348,133.8637,#N/A N/A,80.5012
28/07/1987,39.3251,135.6285,#N/A N/A,80.7604
29/07/1987,39.4582,136.2307,#N/A N/A,79.8265
30/07/1987,39.1911,138.8273,#N/A N/A,80.2014
31/07/1987,39.2437,139.1125,#N/A N/A,80.3779
03/08/1987,40.5111,144.4324,#N/A N/A,79.7182
04/08/1987,40.2247,144.8572,#N/A N/A,78.4312
05/08/1987,39.2277,139.8807,#N/A N/A,78.7348
06/08/1987,39.018,139.6408,#N/A N/A,78.3273
07/08/1987,38.7786,133.1531,#N/A N/A,77.625
10/08/1987,38.3406,135.1144,#N/A N/A,77.8889
11/08/1987,38.7359,136.3776,#N/A N/A,78.404
12/08/1987,38.7036,136.365,#N/A N/A,78.3594
13/08/1987,38.3721,134.121,#N/A N/A,78.619
14/08/1987,37.8766,131.3958,#N/A N/A,79.1837
17/08/1987,36.855,132.785,#N/A N/A,79.564
18/08/1987,36.8492,134.5365,#N/A N/A,79.318
19/08/1987,36.386,135.0557,#N/A N/A,80.0893
20/08/1987,35.8243,132.2358,#N/A N/A,79.7648
21/08/1987,35.353,133.9245,#N/A N/A,79.9839
24/08/1987,34.9047,135.388,#N/A N/A,79.6973
25/08/1987,34.9747,134.1358,#N/A N/A,80.0219
26/08/1987,36.3642,134.3294,#N/A N/A,80.7974
27/08/1987,36.559,132.908,#N/A N/A,80.9844
28/08/1987,36.0777,131.4057,#N/A N/A,80.0587
31/08/1987,36.6841,131.1438,#N/A N/A,79.5503
01/09/1987,36.5274,131.6142,#N/A N/A,79.4656
02/09/1987,36.6769,136.2961,#N/A N/A,79.9575
03/09/1987,36.5117,135.4801,#N/A N/A,79.6435
04/09/1987,36.1295,134.9317,#N/A N/A,79.9319
07/09/1987,36.1295,134.9317,#N/A N/A,79.9319
08/09/1987,35.5722,133.1218,#N/A N/A,80.6194
09/09/1987,36.3948,133.1812,#N/A N/A,81.0172
10/09/1987,36.8355,137.3168,#N/A N/A,81.4696
11/09/1987,36.3556,134.1886,#N/A N/A,81.6343
14/09/1987,36.7747,133.823,#N/A N/A,82.0901
15/09/1987,36.7666,134.1664,#N/A N/A,81.63
16/09/1987,36.7092,133.0657,#N/A N/A,82.8847
17/09/1987,36.33,134.0931,#N/A N/A,82.9921
18/09/1987,36.3848,132.5806,#N/A N/A,83.1054
21/09/1987,36.6754,135.1934,#N/A N/A,82.8347
22/09/1987,36.5268,134.6831,#N/A N/A,82.0689
23/09/1987,37.2644,134.9826,#N/A N/A,82.181
24/09/1987,37.2973,134.8351,#N/A N/A,81.8605
25/09/1987,37.0419,134.2245,#N/A N/A,82.0423
28/09/1987,37.0196,134.3144,#N/A N/A,82.2305
29/09/1987,37.2715,134.2097,#N/A N/A,82.7015
30/09/1987,37.3305,132.3216,#N/A N/A,82.0278
01/10/1987,37.4329,132.6919,#N/A N/A,83.6784
02/10/1987,37.9216,132.8906,#N/A N/A,83.8624
05/10/1987,37.9632,133.8514,#N/A N/A,84.052
06/10/1987,37.3761,133.9424,#N/A N/A,83.8003
07/10/1987,37.702,134.217,#N/A N/A,84.2597
08/10/1987,37.639,135.9021,#N/A N/A,84.7423
09/10/1987,37.7553,135.8325,#N/A N/A,84.3337
12/10/1987,37.7471,135.7249,#N/A N/A,84.134
13/10/1987,37.8659,134.71,#N/A N/A,84.6825
14/10/1987,38.0808,135.6304,#N/A N/A,85.413
15/10/1987,38.1957,135.7582,#N/A N/A,85.2118
16/10/1987,39.2674,138.1228,#N/A N/A,85.0249
19/10/1987,38.6445,142.0784,#N/A N/A,82.7612
20/10/1987,38.5851,132.6445,#N/A N/A,83.1752
21/10/1987,38.9547,134.5198,#N/A N/A,83.8713
22/10/1987,39.2142,134.9521,#N/A N/A,83.7103
23/10/1987,39.117,136.319,#N/A N/A,83.8719
26/10/1987,38.6881,136.2332,#N/A N/A,83.2775
27/10/1987,38.8916,135.7049,#N/A N/A,83.3405
28/10/1987,38.8616,135.9976,#N/A N/A,83.3233
29/10/1987,38.6779,131.0187,#N/A N/A,83.1471
30/10/1987,38.7364,131.8978,#N/A N/A,83.287
02/11/1987,38.0733,132.0639,#N/A N/A,82.9327
03/11/1987,37.8404,130.9962,#N/A N/A,81.9324
04/11/1987,37.1646,129.7157,#N/A N/A,82.3299
05/11/1987,37.1321,125.7102,#N/A N/A,83.482
06/11/1987,36.8489,127.4473,#N/A N/A,83.912
09/11/1987,36.5343,127.9749,#N/A N/A,84.2943
10/11/1987,37.1525,127.7671,#N/A N/A,84.4514
11/11/1987,37.2489,128.15,#N/A N/A,84.4921
12/11/1987,37.2328,128.9214,#N/A N/A,84.953
13/11/1987,37.1,129.6603,#N/A N/A,85.3796
16/11/1987,36.6285,128.8653,#N/A N/A,85.325
17/11/1987,36.252,129.7515,#N/A N/A,86.2387
18/11/1987,36.5839,129.0014,#N/A N/A,86.2023
19/11/1987,36.3707,128.9254,#N/A N/A,86.2224
20/11/1987,36.6143,130.3221,#N/A N/A,86.9632
23/11/1987,36.9127,133.1266,#N/A N/A,87.2069
24/11/1987,36.7997,132.8311,#N/A N/A,88.1346
25/11/1987,36.7881,133.2207,#N/A N/A,88.4948
26/11/1987,36.7881,133.2207,#N/A N/A,88.4948
27/11/1987,36.7999,136.3307,#N/A N/A,89.4296
30/11/1987,36.5849,136.7417,#N/A N/A,89.0732
01/12/1987,36.5549,135.9151,#N/A N/A,89.2837
02/12/1987,36.7452,135.6538,#N/A N/A,88.2075
03/12/1987,37.2785,135.2382,#N/A N/A,87.9843
04/12/1987,37.0046,133.1908,#N/A N/A,87.0542
07/12/1987,36.098,132.6029,#N/A N/A,87.0977
08/12/1987,35.6933,133.2862,#N/A N/A,86.8819
09/12/1987,36.2895,133.5194,#N/A N/A,87.3245
10/12/1987,36.4034,136.2155,#N/A N/A,87.8391
11/12/1987,36.2524,137.0498,#N/A N/A,87.3228
14/12/1987,34.6103,137.2078,#N/A N/A,87.1617
15/12/1987,33.2648,132.7412,#N/A N/A,86.7954
16/12/1987,32.0689,133.9231,#N/A N/A,86.8596
17/12/1987,31.9772,134.0968,#N/A N/A,88.1306
18/12/1987,31.2362,132.8183,#N/A N/A,88.5413
21/12/1987,31.3115,132.9988,#N/A N/A,89.1509
22/12/1987,33.1046,133.8615,#N/A N/A,89.301
23/12/1987,33.6732,133.1559,#N/A N/A,90.2171
24/12/1987,33.5213,134.1778,#N/A N/A,90.3395
25/12/1987,33.5213,134.1778,#N/A N/A,90.3395
28/12/1987,33.3423,134.7864,#N/A N/A,89.4802
29/12/1987,34.1705,133.7065,#N/A N/A,89.3692
30/12/1987,34.0383,132.3721,#N/A N/A,89.4372
31/12/1987,33.8776,133.4237,#N/A N/A,89.4547
01/01/1988,33.8776,133.4237,#N/A N/A,89.4547
04/01/1988,35.5633,130.6234,#N/A N/A,90.8156
05/01/1988,35.995,133.3166,#N/A N/A,90.9641
06/01/1988,35.9584,135.0062,#N/A N/A,92.0548
07/01/1988,35.3472,133.8285,#N/A N/A,91.8616
08/01/1988,35.2033,134.6025,#N/A N/A,92.434
11/01/1988,34.1414,133.6199,#N/A N/A,91.9209
12/01/1988,33.7908,132.6596,#N/A N/A,90.8807
13/01/1988,33.7002,132.7384,#N/A N/A,92.1076
14/01/1988,34.8674,134.5457,#N/A N/A,92.1557
15/01/1988,34.4284,130.352,#N/A N/A,92.9371
18/01/1988,35.3077,131.2191,#N/A N/A,93.2112
19/01/1988,35.3997,131.6239,#N/A N/A,93.6644
20/01/1988,35.5202,131.0268,#N/A N/A,93.1724
21/01/1988,34.9232,131.8204,#N/A N/A,93.0309
22/01/1988,34.6432,132.0313,#N/A N/A,93.5689
25/01/1988,34.9477,129.3712,#N/A N/A,93.7182
26/01/1988,34.9026,129.5079,#N/A N/A,93.192
27/01/1988,34.2437,129.1794,#N/A N/A,92.5198
28/01/1988,34.6905,128.9275,#N/A N/A,91.1533
29/01/1988,34.574,125.7388,#N/A N/A,90.9652
01/02/1988,34.2655,126.1326,#N/A N/A,92.0366
02/02/1988,34.5485,125.8354,#N/A N/A,90.0935
03/02/1988,35.0535,121.6581,#N/A N/A,90.4164
04/02/1988,35.161,123.2076,#N/A N/A,92.2726
05/02/1988,35.4994,121.6728,#N/A N/A,91.3668
08/02/1988,36.1265,121.8891,#N/A N/A,91.032
09/02/1988,35.7407,121.8962,#N/A N/A,91.1734
10/02/1988,35.0881,121.7996,#N/A N/A,91.3424
11/02/1988,35.1589,121.7351,#N/A N/A,91.9415
12/02/1988,34.5156,123.2629,#N/A N/A,91.9539
15/02/1988,34.5156,123.2629,#N/A N/A,91.9539
16/02/1988,34.3833,123.0486,#N/A N/A,91.4813
17/02/1988,34.2702,123.7889,#N/A N/A,92.8172
18/02/1988,33.8206,122.5986,#N/A N/A,92.4141
19/02/1988,34.2602,123.3166,#N/A N/A,92.5915
22/02/1988,33.9572,123.3514,#N/A N/A,91.915
23/02/1988,34.2428,122.1091,#N/A N/A,90.6976
24/02/1988,33.9418,119.5281,#N/A N/A,90.9771
25/02/1988,32.9298,119.9468,#N/A N/A,90.4066
26/02/1988,32.7619,118.7687,#N/A N/A,90.5311
29/02/1988,33.2233,119.4432,#N/A N/A,91.1871
01/03/1988,32.5814,119.4522,#N/A N/A,91.0839
02/03/1988,32.4738,119.3773,#N/A N/A,90.6891
03/03/1988,32.1082,119.0283,#N/A N/A,89.9645
04/03/1988,32.3504,121.8559,#N/A N/A,89.6701
07/03/1988,32.0487,121.6841,#N/A N/A,89.7872
08/03/1988,32.1449,120.8488,#N/A N/A,89.9948
09/03/1988,32.1978,120.9644,#N/A N/A,88.9009
10/03/1988,33.0945,122.1834,#N/A N/A,88.4109
11/03/1988,33.5684,121.3441,#N/A N/A,89.0475
14/03/1988,32.3172,121.7848,#N/A N/A,89.4794
15/03/1988,32.4375,123.3613,#N/A N/A,89.5111
16/03/1988,33.0598,122.9688,#N/A N/A,89.2261
17/03/1988,33.4365,122.4999,#N/A N/A,90.2241
18/03/1988,33.7931,122.9019,#N/A N/A,90.0883
21/03/1988,33.8777,124.4327,#N/A N/A,90.4727
22/03/1988,34.1423,124.3962,#N/A N/A,91.1514
23/03/1988,35.1442,125.6708,#N/A N/A,90.9224
24/03/1988,35.1957,126.8181,#N/A N/A,91.4374
25/03/1988,35.4547,126.2443,#N/A N/A,91.7056
28/03/1988,35.6279,126.7897,#N/A N/A,92.0662
29/03/1988,35.5027,126.9474,#N/A N/A,92.0083
30/03/1988,35.7802,127.506,#N/A N/A,91.8144
31/03/1988,35.7419,127.0303,#N/A N/A,91.7652
01/04/1988,35.7419,127.0303,#N/A N/A,91.7652
04/04/1988,35.652,127.6481,#N/A N/A,92.0566
05/04/1988,35.152,126.2622,#N/A N/A,92.2412
06/04/1988,35.1697,124.1279,#N/A N/A,92.2299
07/04/1988,35.6013,124.2621,#N/A N/A,92.7109
08/04/1988,35.3403,124.4963,#N/A N/A,93.4132
11/04/1988,37.2762,124.9291,#N/A N/A,93.668
12/04/1988,37.8737,124.5094,#N/A N/A,93.5705
13/04/1988,38.024,123.2897,#N/A N/A,93.148
14/04/1988,38.3807,125.3553,#N/A N/A,93.0401
15/04/1988,38.5912,125.8025,#N/A N/A,91.7806
18/04/1988,39.1667,126.3174,#N/A N/A,92.1208
19/04/1988,38.3942,126.2116,#N/A N/A,92.7831
20/04/1988,38.0597,125.875,#N/A N/A,92.5861
21/04/1988,38.7813,125.5947,#N/A N/A,92.0235
22/04/1988,38.7366,124.4251,#N/A N/A,92.3808
25/04/1988,38.9014,123.7613,#N/A N/A,92.2044
26/04/1988,39.3163,124.1161,#N/A N/A,93.1321
27/04/1988,38.7859,125.3519,#N/A N/A,93.0783
28/04/1988,38.2522,124.8638,#N/A N/A,92.876
29/04/1988,38.189,125.0471,#N/A N/A,93.6127
02/05/1988,36.5581,123.2301,#N/A N/A,93.3702
03/05/1988,37.0805,122.5382,#N/A N/A,93.4598
04/05/1988,36.8177,122.9911,#N/A N/A,93.3224
05/05/1988,37.206,123.2812,#N/A N/A,93.3432
06/05/1988,37.7998,123.0479,#N/A N/A,93.6607
09/05/1988,37.6838,124.2899,#N/A N/A,94.5488
10/05/1988,37.7124,125.4135,#N/A N/A,94.9068
11/05/1988,37.8604,125.2488,#N/A N/A,94.9438
12/05/1988,37.7795,125.7763,#N/A N/A,94.5712
13/05/1988,37.9278,126.1151,#N/A N/A,95.573
16/05/1988,38.3573,126.3053,#N/A N/A,98.2981
17/05/1988,38.3979,126.1042,#N/A N/A,98.4042
18/05/1988,37.9076,127.2831,#N/A N/A,99.0873
19/05/1988,38.0418,126.861,#N/A N/A,99.9553
20/05/1988,38.027,127.3869,#N/A N/A,101.1668
23/05/1988,37.323,128.5432,#N/A N/A,99.2772
24/05/1988,37.4956,128.4503,#N/A N/A,101.1687
25/05/1988,37.4527,126.2815,#N/A N/A,99.1082
26/05/1988,37.9173,126.3653,#N/A N/A,98.1009
27/05/1988,37.7232,125.3962,#N/A N/A,99.4879
30/05/1988,37.7232,125.3962,#N/A N/A,99.4879
31/05/1988,37.8784,126.6396,#N/A N/A,102.6965
01/06/1988,38.039,128.3394,#N/A N/A,102.4555
02/06/1988,38.1062,132.5397,#N/A N/A,103.6318
03/06/1988,37.7852,131.9406,#N/A N/A,106.6506
06/06/1988,37.1036,132.0201,#N/A N/A,110.5299
07/06/1988,37.3883,131.2031,#N/A N/A,111.3284
08/06/1988,37.3116,129.6057,#N/A N/A,108.7514
09/06/1988,36.712,130.0969,#N/A N/A,110.5881
10/06/1988,36.0903,127.57,#N/A N/A,110.7878
13/06/1988,35.701,127.9495,#N/A N/A,110.3654
14/06/1988,36.4199,128.2111,#N/A N/A,112.3612
15/06/1988,35.7593,128.9299,#N/A N/A,115.9053
16/06/1988,36.1462,128.5143,#N/A N/A,116.9925
17/06/1988,35.7931,130.0203,#N/A N/A,119.9786
20/06/1988,35.388,129.0286,#N/A N/A,123.8596
21/06/1988,35.6216,129.2295,#N/A N/A,125.9992
22/06/1988,35.8663,127.8221,#N/A N/A,126.6824
23/06/1988,35.9175,127.242,#N/A N/A,125.2302
24/06/1988,35.3307,125.3409,#N/A N/A,124.8616
27/06/1988,35.0668,126.1102,#N/A N/A,129.0058
28/06/1988,34.8304,124.0982,#N/A N/A,124.821
29/06/1988,34.219,122.9282,#N/A N/A,119.8296
30/06/1988,33.518,123.1307,#N/A N/A,124.3486
01/07/1988,33.2389,123.637,#N/A N/A,127.2775
04/07/1988,33.2389,123.637,#N/A N/A,127.2775
05/07/1988,33.7327,124.192,#N/A N/A,125.2529
06/07/1988,34.3715,124.5652,#N/A N/A,127.513
07/07/1988,35.5147,125.2914,#N/A N/A,123.5071
08/07/1988,34.9911,125.6476,#N/A N/A,121.0669
11/07/1988,33.542,124.4591,#N/A N/A,116.4927
12/07/1988,33.4337,125.1182,#N/A N/A,119.1042
13/07/1988,32.6866,126.795,#N/A N/A,122.3743
14/07/1988,33.1557,127.0802,#N/A N/A,126.0486
15/07/1988,33.095,127.5367,#N/A N/A,126.8833
18/07/1988,34.9246,126.2408,#N/A N/A,122.3031
19/07/1988,34.4861,131.1299,#N/A N/A,119.4518
20/07/1988,35.3777,131.3391,#N/A N/A,116.2954
21/07/1988,36.2337,130.2985,#N/A N/A,116.3232
22/07/1988,36.0928,129.601,#N/A N/A,116.0792
25/07/1988,35.399,123.2866,#N/A N/A,113.3792
26/07/1988,35.0788,123.5258,#N/A N/A,106.7521
27/07/1988,35.6437,124.2705,#N/A N/A,105.7264
28/07/1988,35.5177,122.7655,#N/A N/A,103.4271
29/07/1988,35.9304,123.9807,#N/A N/A,106.8016
01/08/1988,35.7448,124.0425,#N/A N/A,110.5988
02/08/1988,34.9046,123.0594,#N/A N/A,111.9244
03/08/1988,33.8102,123.6491,#N/A N/A,111.8729
04/08/1988,33.4021,123.6826,#N/A N/A,114.3328
05/08/1988,33.8403,123.4185,#N/A N/A,114.8269
08/08/1988,35.0856,122.2046,#N/A N/A,112.0788
09/08/1988,34.7013,121.1821,#N/A N/A,113.3001
10/08/1988,34.6645,121.9546,#N/A N/A,114.0279
11/08/1988,34.9171,121.9704,#N/A N/A,112.5353
12/08/1988,34.4616,122.5213,#N/A N/A,110.3218
15/08/1988,34.7996,123.1685,#N/A N/A,113.1317
16/08/1988,34.5387,121.5844,#N/A N/A,111.4989
17/08/1988,34.4826,122.1769,#N/A N/A,111.735
18/08/1988,34.5992,122.5626,#N/A N/A,112.3729
19/08/1988,34.8887,122.3439,#N/A N/A,111.6546
22/08/1988,35.0085,123.1461,#N/A N/A,108.8596
23/08/1988,34.5785,122.9037,#N/A N/A,107.0897
24/08/1988,34.4765,123.7073,#N/A N/A,110.0194
25/08/1988,33.5827,122.9027,#N/A N/A,109.63
26/08/1988,33.765,122.4721,#N/A N/A,108.9577
29/08/1988,33.5535,121.271,#N/A N/A,108.5141
30/08/1988,33.8281,120.9403,#N/A N/A,110.5941
31/08/1988,33.5298,121.7151,#N/A N/A,111.6272
01/09/1988,33.4537,121.5596,#N/A N/A,112.9014
02/09/1988,32.8955,121.0094,#N/A N/A,113.277
05/09/1988,32.8955,121.0094,#N/A N/A,113.277
06/09/1988,31.8302,120.4135,#N/A N/A,114.6471
07/09/1988,31.7373,120.9356,#N/A N/A,114.1011
08/09/1988,32.132,121.3992,#N/A N/A,114.4331
09/09/1988,31.3084,118.9618,#N/A N/A,113.1185
12/09/1988,31.8836,118.9101,#N/A N/A,112.6719
13/09/1988,32.1969,119.1612,#N/A N/A,113.8543
14/09/1988,33.7661,119.1999,#N/A N/A,114.4621
15/09/1988,32.9317,118.5031,#N/A N/A,112.7893
16/09/1988,32.028,116.4181,#N/A N/A,110.1898
19/09/1988,32.0847,116.1291,#N/A N/A,107.5227
20/09/1988,32.1082,114.7155,#N/A N/A,108.4152
21/09/1988,32.5103,112.8952,#N/A N/A,108.9611
22/09/1988,32.6911,113.4281,#N/A N/A,109.6773
23/09/1988,31.7666,111.9394,#N/A N/A,108.5122
26/09/1988,31.8522,111.88,#N/A N/A,105.9604
27/09/1988,31.7217,112.6302,#N/A N/A,107.3909
28/09/1988,31.7151,112.8295,#N/A N/A,107.2665
29/09/1988,31.4804,112.5264,#N/A N/A,107.1951
30/09/1988,30.4746,111.863,#N/A N/A,107.8284
03/10/1988,29.8993,113.1126,#N/A N/A,108.2913
04/10/1988,29.8398,113.2337,#N/A N/A,109.4014
05/10/1988,28.9066,114.0368,#N/A N/A,109.1535
06/10/1988,28.9082,114.5092,#N/A N/A,109.6256
07/10/1988,29.4087,114.5838,#N/A N/A,108.3792
10/10/1988,30.7153,115.7953,#N/A N/A,108.2094
11/10/1988,30.5882,114.1905,#N/A N/A,108.6893
12/10/1988,31.8747,115.6093,#N/A N/A,108.8975
13/10/1988,32.2082,115.1711,#N/A N/A,110.3665
14/10/1988,33.5519,115.932,#N/A N/A,109.3761
17/10/1988,33.9895,116.81,#N/A N/A,110.1264
18/10/1988,32.7051,116.485,#N/A N/A,109.1464
19/10/1988,34.2858,116.3221,#N/A N/A,109.3766
20/10/1988,33.9203,116.511,#N/A N/A,107.9585
21/10/1988,33.9363,115.0905,#N/A N/A,107.6705
24/10/1988,31.9692,114.4674,#N/A N/A,106.9889
25/10/1988,31.8764,114.7342,#N/A N/A,105.7881
26/10/1988,32.2468,115.0934,#N/A N/A,106.9927
27/10/1988,32.8556,114.7578,#N/A N/A,105.9656
28/10/1988,33.1412,116.2001,#N/A N/A,106.7765
31/10/1988,32.5373,116.383,#N/A N/A,107.5797
01/11/1988,32.3357,116.1194,#N/A N/A,107.8875
02/11/1988,32.7371,119.2154,#N/A N/A,109.1998
03/11/1988,33.1547,118.7073,#N/A N/A,108.3501
04/11/1988,33.2849,118.7738,#N/A N/A,107.8374
07/11/1988,33.6087,119.4375,#N/A N/A,107.9662
08/11/1988,33.2494,118.1993,#N/A N/A,108.5201
09/11/1988,33.6182,119.7696,#N/A N/A,108.8509
10/11/1988,33.6592,118.1891,#N/A N/A,107.224
11/11/1988,33.5852,118.5572,#N/A N/A,106.3253
14/11/1988,34.2436,119.1918,#N/A N/A,106.6052
15/11/1988,33.5814,119.0175,#N/A N/A,104.9939
16/11/1988,33.2791,118.5843,#N/A N/A,104.9148
17/11/1988,31.7884,117.132,#N/A N/A,102.9159
18/11/1988,31.8233,115.9558,#N/A N/A,102.8227
21/11/1988,31.9299,115.4001,#N/A N/A,103.9278
22/11/1988,33.7435,116.0229,#N/A N/A,104.7733
23/11/1988,33.9023,116.5435,#N/A N/A,105.4813
24/11/1988,33.9023,116.5435,#N/A N/A,105.4813
25/11/1988,33.9023,116.5435,#N/A N/A,105.4813
28/11/1988,36.0476,117.4193,#N/A N/A,104.6991
29/11/1988,35.9397,116.8487,#N/A N/A,105.2416
30/11/1988,36.8741,117.9073,#N/A N/A,105.6451
01/12/1988,37.5577,117.4963,#N/A N/A,105.5755
02/12/1988,37.494,119.5927,#N/A N/A,106.5295
05/12/1988,36.8167,119.0498,#N/A N/A,105.4455
06/12/1988,37.0111,118.7362,#N/A N/A,106.6708
07/12/1988,37.3381,117.668,#N/A N/A,106.769
08/12/1988,36.801,117.407,#N/A N/A,107.403
09/12/1988,37.7372,117.8362,#N/A N/A,107.9331
12/12/1988,37.9796,117.2899,#N/A N/A,108.163
13/12/1988,37.3527,117.2019,#N/A N/A,107.7077
14/12/1988,38.2938,117.5962,#N/A N/A,108.7892
15/12/1988,37.8792,115.1884,#N/A N/A,108.3796
16/12/1988,38.5676,115.5186,#N/A N/A,110.1741
19/12/1988,38.4526,115.8098,#N/A N/A,111.2175
20/12/1988,38.6314,115.6462,#N/A N/A,111.6668
21/12/1988,38.8674,116.0201,#N/A N/A,112.6006
22/12/1988,39.4087,116.7436,#N/A N/A,111.8755
23/12/1988,39.8571,116.8671,#N/A N/A,112.3869
26/12/1988,39.8571,116.8671,#N/A N/A,112.3869
27/12/1988,40.606,116.7283,#N/A N/A,112.1448
28/12/1988,40.3931,115.546,#N/A N/A,111.83
29/12/1988,39.9194,113.8572,#N/A N/A,111.9329
30/12/1988,40.8427,114.4384,#N/A N/A,113.1689
02/01/1989,40.8427,114.4384,#N/A N/A,113.1689
03/01/1989,41.1514,114.6801,#N/A N/A,112.3377
04/01/1989,40.7711,113.7456,#N/A N/A,113.0418
05/01/1989,41.3632,113.7298,#N/A N/A,113.3179
06/01/1989,41.5064,113.497,#N/A N/A,113.8054
09/01/1989,41.8529,113.126,#N/A N/A,112.8076
10/01/1989,41.7591,112.681,#N/A N/A,112.3548
11/01/1989,42.409,112.6285,#N/A N/A,110.8148
12/01/1989,42.6038,112.7074,#N/A N/A,110.9647
13/01/1989,43.0419,112.1151,#N/A N/A,111.0895
16/01/1989,43.6257,112.1349,#N/A N/A,108.6351
17/01/1989,43.9008,112.5797,#N/A N/A,107.4671
18/01/1989,45.2815,112.2167,#N/A N/A,108.0823
19/01/1989,45.1626,112.8396,#N/A N/A,107.4812
20/01/1989,44.4045,114.9293,#N/A N/A,107.5913
23/01/1989,42.3112,114.9045,#N/A N/A,108.1185
24/01/1989,42.7009,114.1321,#N/A N/A,107.6891
25/01/1989,43.9813,114.344,#N/A N/A,106.7122
26/01/1989,42.7886,112.7729,#N/A N/A,107.8528
27/01/1989,42.9884,110.6833,#N/A N/A,107.6549
30/01/1989,42.3151,110.3236,#N/A N/A,107.7233
31/01/1989,41.7044,109.3844,#N/A N/A,109.1388
01/02/1989,42.8189,109.8997,#N/A N/A,108.6754
02/02/1989,43.1553,109.6041,#N/A N/A,108.3863
03/02/1989,42.7608,109.7727,#N/A N/A,108.6136
06/02/1989,42.5147,110.2874,#N/A N/A,107.982
07/02/1989,42.9711,109.7971,#N/A N/A,108.1839
08/02/1989,42.4697,110.8294,#N/A N/A,107.38
09/02/1989,42.2399,110.479,#N/A N/A,107.5363
10/02/1989,41.4705,108.8342,#N/A N/A,107.0342
13/02/1989,42.2715,108.5744,#N/A N/A,106.3596
14/02/1989,41.6868,108.4778,#N/A N/A,107.4867
15/02/1989,42.9411,108.6526,#N/A N/A,108.1685
16/02/1989,43.2525,108.4025,#N/A N/A,107.3415
17/02/1989,43.6178,108.118,#N/A N/A,108.8616
20/02/1989,43.6178,108.118,#N/A N/A,108.8616
21/02/1989,43.2655,109.2149,#N/A N/A,108.7831
22/02/1989,44.0703,109.4314,#N/A N/A,109.7895
23/02/1989,44.3453,110.1948,#N/A N/A,109.7581
24/02/1989,44.8099,109.9012,#N/A N/A,109.9271
27/02/1989,45.0798,109.0001,#N/A N/A,109.8602
28/02/1989,44.9915,109.0343,#N/A N/A,110.7231
01/03/1989,45.1898,107.9277,#N/A N/A,109.7082
02/03/1989,46.0142,107.8815,#N/A N/A,110.8106
03/03/1989,45.4204,108.6729,#N/A N/A,110.9891
06/03/1989,45.9585,109.0285,#N/A N/A,111.4801
07/03/1989,45.3702,110.4347,#N/A N/A,110.9254
08/03/1989,46.0358,110.3024,#N/A N/A,110.6167
09/03/1989,45.7838,111.4407,#N/A N/A,111.6837
10/03/1989,46.0059,111.6155,#N/A N/A,111.1296
13/03/1989,47.3789,111.7302,#N/A N/A,112.2373
14/03/1989,47.7132,112.615,#N/A N/A,112.4599
15/03/1989,48.8483,111.344,#N/A N/A,112.5586
16/03/1989,48.9432,110.6856,#N/A N/A,113.2579
17/03/1989,49.2446,111.8072,#N/A N/A,113.0921
20/03/1989,48.9085,112.3501,#N/A N/A,113.1121
21/03/1989,50.6482,111.7603,#N/A N/A,112.2379
22/03/1989,50.734,111.5972,#N/A N/A,111.9057
23/03/1989,51.1591,110.9316,#N/A N/A,111.0352
24/03/1989,51.1591,110.9316,#N/A N/A,111.0352
27/03/1989,52.2849,110.3765,#N/A N/A,109.791
28/03/1989,50.9551,107.9184,#N/A N/A,109.6863
29/03/1989,51.7505,107.6347,#N/A N/A,110.2294
30/03/1989,53.3733,107.256,#N/A N/A,107.6847
31/03/1989,52.4735,108.2652,#N/A N/A,108.6454
03/04/1989,52.2027,108.6196,#N/A N/A,107.0732
04/04/1989,53.3776,108.7293,#N/A N/A,107.1881
05/04/1989,51.8016,108.2041,#N/A N/A,107.2364
06/04/1989,51.1072,108.2244,#N/A N/A,107.1808
07/04/1989,51.5914,107.9263,#N/A N/A,106.7159
10/04/1989,53.1736,108.7421,#N/A N/A,107.2319
11/04/1989,53.4668,108.7584,#N/A N/A,107.4252
12/04/1989,53.66,109.391,#N/A N/A,107.8369
13/04/1989,52.6505,109.8115,#N/A N/A,108.1429
14/04/1989,53.7186,108.6126,#N/A N/A,108.9661
17/04/1989,54.8301,108.7783,#N/A N/A,110.8545
18/04/1989,55.0747,107.9939,#N/A N/A,110.9169
19/04/1989,55.8141,107.8809,#N/A N/A,110.7214
20/04/1989,56.2452,108.4597,#N/A N/A,110.6802
21/04/1989,56.7257,108.1564,#N/A N/A,111.8433
24/04/1989,54.6848,109.1668,#N/A N/A,110.4387
25/04/1989,55.788,108.5603,#N/A N/A,109.5567
26/04/1989,55.1122,108.2923,#N/A N/A,109.3658
27/04/1989,54.8316,107.2427,#N/A N/A,108.7222
28/04/1989,54.749,105.9175,#N/A N/A,108.0354
01/05/1989,55.0603,106.2741,#N/A N/A,109.7231
02/05/1989,53.3468,106.0103,#N/A N/A,109.9209
03/05/1989,53.9301,106.1596,#N/A N/A,111.0291
04/05/1989,54.7317,105.9039,#N/A N/A,110.9593
05/05/1989,53.4122,105.7634,#N/A N/A,111.466
08/05/1989,51.9572,105.6125,#N/A N/A,111.3929
09/05/1989,52.4132,106.4212,#N/A N/A,111.0062
10/05/1989,52.0959,105.8464,#N/A N/A,111.0568
11/05/1989,53.2287,106.6497,#N/A N/A,110.4405
12/05/1989,53.2435,105.3604,#N/A N/A,110.9522
15/05/1989,53.5676,104.722,#N/A N/A,109.9192
16/05/1989,53.7314,104.749,#N/A N/A,108.6685
17/05/1989,52.2562,103.9148,#N/A N/A,108.6913
18/05/1989,52.5031,103.0667,#N/A N/A,109.3647
19/05/1989,52.5353,101.3699,#N/A N/A,109.7125
22/05/1989,51.862,100.1322,#N/A N/A,107.3114
23/05/1989,52.6756,100.6105,#N/A N/A,107.2598
24/05/1989,54.5148,100.6737,#N/A N/A,106.5725
25/05/1989,54.1702,101.6897,#N/A N/A,107.0958
26/05/1989,54.3893,101.3666,#N/A N/A,107.3273
29/05/1989,54.3893,101.3666,#N/A N/A,107.3273
30/05/1989,55.2966,101.5271,#N/A N/A,106.852
31/05/1989,55.2429,100.5167,#N/A N/A,105.9548
01/06/1989,54.9394,100.886,#N/A N/A,105.9522
02/06/1989,56.2098,102.3459,#N/A N/A,106.4013
05/06/1989,57.457,102.0144,#N/A N/A,105.9556
06/06/1989,57.0018,105.3942,#N/A N/A,105.8054
07/06/1989,54.9278,105.1006,#N/A N/A,104.9259
08/06/1989,55.5542,104.4697,#N/A N/A,105.4714
09/06/1989,54.7819,99.7561,#N/A N/A,105.1175
12/06/1989,52.9866,100.7919,#N/A N/A,104.7969
13/06/1989,52.4057,101.1197,#N/A N/A,105.4207
14/06/1989,52.9136,101.441,#N/A N/A,107.6929
15/06/1989,53.4619,102.3699,#N/A N/A,107.7612
16/06/1989,52.6272,101.8888,#N/A N/A,108.3689
19/06/1989,53.0882,102.5072,#N/A N/A,109.9536
20/06/1989,53.1477,101.8483,#N/A N/A,109.2359
21/06/1989,54.4638,103.3337,#N/A N/A,109.5702
22/06/1989,55.1949,103.0914,#N/A N/A,109.1163
23/06/1989,56.3733,104.812,#N/A N/A,109.1537
26/06/1989,57.3874,104.0504,#N/A N/A,107.9624
27/06/1989,57.9071,104.367,#N/A N/A,109.2661
28/06/1989,56.5016,104.1381,#N/A N/A,109.4664
29/06/1989,56.9341,102.2063,#N/A N/A,109.1694
30/06/1989,56.8987,103.0822,#N/A N/A,110.6981
03/07/1989,56.9375,104.2929,#N/A N/A,111.7017
04/07/1989,56.9375,104.2929,#N/A N/A,111.7017
05/07/1989,57.8139,106.6477,#N/A N/A,113.9667
06/07/1989,56.5023,106.6154,#N/A N/A,112.5471
07/07/1989,56.9648,105.1428,#N/A N/A,111.5219
10/07/1989,56.5444,105.4996,#N/A N/A,108.4003
11/07/1989,56.886,104.9926,#N/A N/A,107.0774
12/07/1989,56.4972,104.0524,#N/A N/A,106.0611
13/07/1989,57.2334,103.7494,#N/A N/A,108.305
14/07/1989,57.0291,102.6034,#N/A N/A,109.727
17/07/1989,58.0559,102.9312,#N/A N/A,107.3552
18/07/1989,57.5502,103.1831,#N/A N/A,107.1584
19/07/1989,57.0053,101.7962,#N/A N/A,108.1349
20/07/1989,57.5421,102.5357,#N/A N/A,107.9195
21/07/1989,57.193,102.7316,#N/A N/A,107.4238
24/07/1989,55.1637,103.0757,#N/A N/A,104.8028
25/07/1989,54.6046,103.1649,#N/A N/A,104.7673
26/07/1989,54.0622,103.4449,#N/A N/A,105.1069
27/07/1989,53.8617,103.1094,#N/A N/A,105.6373
28/07/1989,53.4311,101.4091,#N/A N/A,104.7177
31/07/1989,54.485,102.8156,#N/A N/A,103.2545
01/08/1989,53.7133,102.7517,#N/A N/A,103.1054
02/08/1989,54.1081,102.4178,#N/A N/A,103.4327
03/08/1989,53.8596,103.5207,#N/A N/A,102.6128
04/08/1989,53.4841,101.6547,#N/A N/A,103.1654
07/08/1989,53.032,101.1135,#N/A N/A,103.3897
08/08/1989,53.5417,101.3236,#N/A N/A,102.9147
09/08/1989,54.0165,101.3896,#N/A N/A,103.3392
10/08/1989,54.9672,101.5167,#N/A N/A,103.5843
11/08/1989,54.7453,101.1285,#N/A N/A,105.2931
14/08/1989,54.7234,101.5659,#N/A N/A,102.8754
15/08/1989,54.865,102.6823,#N/A N/A,103.9635
16/08/1989,55.6166,101.8489,#N/A N/A,103.694
17/08/1989,55.399,102.163,#N/A N/A,103.5502
18/08/1989,55.5001,101.9955,#N/A N/A,103.1319
21/08/1989,56.1573,102.1193,#N/A N/A,103.6903
22/08/1989,56.3852,102.1053,#N/A N/A,105.2604
23/08/1989,56.5981,101.2992,#N/A N/A,105.1758
24/08/1989,56.2227,101.0604,#N/A N/A,104.3968
25/08/1989,55.8634,99.9868,#N/A N/A,103.1176
28/08/1989,56.3262,99.8105,#N/A N/A,102.4531
29/08/1989,56.4784,100.484,#N/A N/A,102.7797
30/08/1989,57.2748,100.118,#N/A N/A,103.0148
31/08/1989,57.6489,99.4681,#N/A N/A,103.788
01/09/1989,57.5476,99.7871,#N/A N/A,102.9965
04/09/1989,57.5476,99.7871,#N/A N/A,102.9965
05/09/1989,58.176,99.5992,#N/A N/A,102.6621
06/09/1989,58.9163,100.2877,#N/A N/A,103.1299
07/09/1989,59.1297,100.1019,#N/A N/A,104.1745
08/09/1989,60.2621,99.5662,#N/A N/A,104.5693
11/09/1989,60.1631,99.5426,#N/A N/A,104.2263
12/09/1989,59.8925,99.6777,#N/A N/A,103.661
13/09/1989,60.3021,99.7122,#N/A N/A,102.514
14/09/1989,59.8125,99.7531,#N/A N/A,102.9407
15/09/1989,60.629,100.5965,#N/A N/A,103.0948
18/09/1989,60.7581,100.0691,#N/A N/A,102.2328
19/09/1989,60.1376,100.0151,#N/A N/A,102.1374
20/09/1989,61.4626,101.102,#N/A N/A,102.8402
21/09/1989,61.7118,101.482,#N/A N/A,103.8281
22/09/1989,60.8449,102.1409,#N/A N/A,102.757
25/09/1989,61.3541,102.954,#N/A N/A,103.2173
26/09/1989,61.414,102.5721,#N/A N/A,103.0075
27/09/1989,61.5566,102.3292,#N/A N/A,102.6939
28/09/1989,62.3545,102.5304,#N/A N/A,103.2164
29/09/1989,63.0868,102.1809,#N/A N/A,103.717
02/10/1989,62.7631,102.2301,#N/A N/A,104.8126
03/10/1989,62.7204,102.0974,#N/A N/A,104.4635
04/10/1989,62.3275,102.2888,#N/A N/A,104.4799
05/10/1989,61.6457,101.1424,#N/A N/A,104.4919
06/10/1989,61.5269,100.9419,#N/A N/A,103.2201
09/10/1989,62.0156,100.4923,#N/A N/A,101.9679
10/10/1989,62.707,99.9536,#N/A N/A,101.5846
11/10/1989,62.9063,100.3837,#N/A N/A,101.6034
12/10/1989,63.7878,100.7176,#N/A N/A,102.0327
13/10/1989,64.1567,100.6499,#N/A N/A,101.9744
16/10/1989,63.5404,101.6149,#N/A N/A,102.2077
17/10/1989,64.1155,101.6093,#N/A N/A,102.7273
18/10/1989,63.5685,101.8805,#N/A N/A,103.2856
19/10/1989,64.0566,101.3982,#N/A N/A,103.9116
20/10/1989,63.4499,101.4566,#N/A N/A,103.6604
23/10/1989,62.0961,101.4292,#N/A N/A,103.5433
24/10/1989,61.992,102.3948,#N/A N/A,103.4626
25/10/1989,62.002,102.0094,#N/A N/A,104.2316
26/10/1989,61.3432,103.0625,#N/A N/A,103.9173
27/10/1989,62.1574,104.6878,#N/A N/A,103.4874
30/10/1989,61.8604,104.4762,#N/A N/A,103.6267
31/10/1989,62.4637,103.5107,#N/A N/A,103.2656
01/11/1989,62.9919,103.2325,#N/A N/A,103.9956
02/11/1989,62.7464,105.0024,#N/A N/A,104.9061
03/11/1989,63.0923,104.4842,#N/A N/A,104.9635
06/11/1989,62.9371,105.1562,#N/A N/A,104.4493
07/11/1989,63.0196,106.2456,#N/A N/A,104.7706
08/11/1989,62.4966,106.7513,#N/A N/A,104.9793
09/11/1989,62.8745,106.4871,#N/A N/A,105.2369
10/11/1989,62.5456,106.1632,#N/A N/A,105.6906
13/11/1989,61.8845,107.3882,#N/A N/A,105.464
14/11/1989,61.5499,108.3626,#N/A N/A,105.7762
15/11/1989,61.6974,108.7159,#N/A N/A,105.6616
16/11/1989,62.6551,109.0268,#N/A N/A,105.7038
17/11/1989,63.0657,110.1802,#N/A N/A,105.9856
20/11/1989,63.6805,111.0701,#N/A N/A,104.9275
21/11/1989,63.5137,112.8622,#N/A N/A,104.7389
22/11/1989,63.4383,114.1362,#N/A N/A,104.9509
23/11/1989,63.4383,114.1362,#N/A N/A,104.9509
24/11/1989,63.5456,116.168,#N/A N/A,104.5066
27/11/1989,62.9418,114.2033,#N/A N/A,102.8997
28/11/1989,61.7472,114.1751,#N/A N/A,102.9927
29/11/1989,62.2213,112.9106,#N/A N/A,102.8827
30/11/1989,63.7376,113.6611,#N/A N/A,103.5223
01/12/1989,64.9525,114.0055,#N/A N/A,102.7999
04/12/1989,65.2173,110.7179,#N/A N/A,101.286
05/12/1989,65.5352,111.3313,#N/A N/A,101.746
06/12/1989,65.9664,111.6998,#N/A N/A,102.8322
07/12/1989,66.2224,113.0432,#N/A N/A,102.1616
08/12/1989,66.3844,113.5314,#N/A N/A,102.3839
11/12/1989,66.8196,114.8374,#N/A N/A,102.7725
12/12/1989,66.4764,114.9544,#N/A N/A,102.796
13/12/1989,66.3891,112.3163,#N/A N/A,103.295
14/12/1989,66.0078,112.3631,#N/A N/A,103.0435
15/12/1989,67.2582,113.7325,#N/A N/A,103.1228
18/12/1989,68.9868,113.1435,#N/A N/A,102.737
19/12/1989,68.4806,112.965,#N/A N/A,102.4984
20/12/1989,68.027,113.3642,#N/A N/A,101.7172
21/12/1989,69.5616,112.9364,#N/A N/A,101.9246
22/12/1989,68.6933,113.2853,#N/A N/A,102.0697
25/12/1989,68.6933,113.2853,#N/A N/A,102.0697
26/12/1989,70.94,111.7992,#N/A N/A,102.3973
27/12/1989,71.8703,109.0485,#N/A N/A,102.1008
28/12/1989,70.7887,108.0855,#N/A N/A,102.3804
29/12/1989,72.0284,109.1245,#N/A N/A,102.2011
01/01/1990,72.0284,109.1245,#N/A N/A,102.2011
02/01/1990,75.0725,108.494,#N/A N/A,101.5458
03/01/1990,76.9301,107.2012,#N/A N/A,103.1025
04/01/1990,75.1691,108.7196,#N/A N/A,102.6387
05/01/1990,72.9795,110.5506,#N/A N/A,102.459
08/01/1990,69.6745,109.52,#N/A N/A,103.0356
09/01/1990,70.4383,109.716,#N/A N/A,103.3322
10/01/1990,73.1165,111.7177,#N/A N/A,103.0599
11/01/1990,73.9922,112.0096,#N/A N/A,103.5603
12/01/1990,73.7824,112.0062,#N/A N/A,103.066
15/01/1990,71.7984,111.6508,#N/A N/A,102.9176
16/01/1990,72.1286,111.0222,#N/A N/A,102.0265
17/01/1990,70.3413,111.4683,#N/A N/A,102.3223
18/01/1990,71.2029,110.6354,#N/A N/A,102.2596
19/01/1990,72.6256,110.6597,#N/A N/A,101.9126
22/01/1990,71.3087,110.5708,#N/A N/A,102.1855
23/01/1990,70.5759,111.8568,#N/A N/A,102.423
24/01/1990,70.5795,112.193,#N/A N/A,102.1746
25/01/1990,72.2259,111.8991,#N/A N/A,101.6496
26/01/1990,73.0945,112.7539,#N/A N/A,101.4704
29/01/1990,74.0996,112.5933,#N/A N/A,101.6239
30/01/1990,73.1087,112.3398,#N/A N/A,101.1047
31/01/1990,73.3527,111.0887,#N/A N/A,101.4434
01/02/1990,73.2053,112.7572,#N/A N/A,101.415
02/02/1990,74.6002,112.8594,#N/A N/A,101.5613
05/02/1990,72.3983,113.8412,#N/A N/A,101.751
06/02/1990,72.5823,113.5195,#N/A N/A,101.7259
07/02/1990,71.9953,112.9128,#N/A N/A,102.4695
08/02/1990,71.5276,113.0557,#N/A N/A,102.4315
09/02/1990,70.8514,112.1105,#N/A N/A,103.2551
12/02/1990,71.7668,112.9458,#N/A N/A,103.8334
13/02/1990,72.037,112.8342,#N/A N/A,103.5493
14/02/1990,72.4002,112.5905,#N/A N/A,104.1571
15/02/1990,73.6591,111.7478,#N/A N/A,104.3856
16/02/1990,72.8486,112.7106,#N/A N/A,104.3231
19/02/1990,72.8486,112.7106,#N/A N/A,104.3231
20/02/1990,72.6262,113.3763,#N/A N/A,104.1448
21/02/1990,71.8177,112.6479,#N/A N/A,105.5184
22/02/1990,72.3866,112.1243,#N/A N/A,105.9021
23/02/1990,72.1105,111.8018,#N/A N/A,105.7945
26/02/1990,73.3686,110.0855,#N/A N/A,105.2725
27/02/1990,72.3737,109.546,#N/A N/A,105.0925
28/02/1990,71.8534,109.427,#N/A N/A,106.2031
01/03/1990,70.5031,109.6161,#N/A N/A,106.0969
02/03/1990,71.2065,108.7958,#N/A N/A,106.9991
05/03/1990,72.6227,109.0015,#N/A N/A,108.0603
06/03/1990,71.809,108.9171,#N/A N/A,108.0036
07/03/1990,70.7877,108.2293,#N/A N/A,108.0474
08/03/1990,70.1615,108.1058,#N/A N/A,108.8678
09/03/1990,68.6232,107.9552,#N/A N/A,108.5196
12/03/1990,67.8429,107.6218,#N/A N/A,108.1149
13/03/1990,67.7948,107.6562,#N/A N/A,108.2057
14/03/1990,68.0725,107.5851,#N/A N/A,107.1005
15/03/1990,69.5299,107.561,#N/A N/A,108.6993
16/03/1990,68.4911,107.9235,#N/A N/A,108.0759
19/03/1990,67.5768,108.2285,#N/A N/A,108.33
20/03/1990,67.2631,106.238,#N/A N/A,108.9441
21/03/1990,68.1463,106.1661,#N/A N/A,108.4272
22/03/1990,67.9758,106.7697,#N/A N/A,109.0737
23/03/1990,69.3097,105.5302,#N/A N/A,108.6975
26/03/1990,69.378,100.5708,#N/A N/A,109.4572
27/03/1990,69.6959,101.1338,#N/A N/A,109.0926
28/03/1990,68.9915,100.9098,#N/A N/A,108.5101
29/03/1990,69.1596,101.4418,#N/A N/A,109.3136
30/03/1990,69.8321,101.2541,#N/A N/A,109.8889
02/04/1990,70.6942,101.2132,#N/A N/A,109.351
03/04/1990,70.3787,102.6648,#N/A N/A,110.4058
04/04/1990,68.7371,103.9014,#N/A N/A,111.6628
05/04/1990,67.5015,103.3138,#N/A N/A,112.4833
06/04/1990,66.8017,104.603,#N/A N/A,111.98
09/04/1990,65.0856,103.3854,#N/A N/A,111.8014
10/04/1990,63.079,103.1086,#N/A N/A,112.9059
11/04/1990,64.1993,103.1582,#N/A N/A,112.6218
12/04/1990,63.6421,103.1982,#N/A N/A,112.3488
13/04/1990,63.6421,103.1982,#N/A N/A,112.3488
16/04/1990,64.6099,102.937,#N/A N/A,113.1029
17/04/1990,64.2355,103.1321,#N/A N/A,113.2624
18/04/1990,63.2326,103.1531,#N/A N/A,112.7516
19/04/1990,65.3916,103.3622,#N/A N/A,113.8169
20/04/1990,65.0907,103.4168,#N/A N/A,114.4228
23/04/1990,65.855,103.8612,#N/A N/A,114.6842
24/04/1990,65.879,102.7036,#N/A N/A,113.6582
25/04/1990,64.8482,101.2244,#N/A N/A,114.2829
26/04/1990,64.4564,101.1303,#N/A N/A,115.6876
27/04/1990,64.714,101.3166,#N/A N/A,116.4039
30/04/1990,64.9793,100.9689,#N/A N/A,116.5634
01/05/1990,66.0623,101.7092,#N/A N/A,116.1511
02/05/1990,65.4137,101.4215,#N/A N/A,117.2438
03/05/1990,63.2816,101.819,#N/A N/A,116.4703
04/05/1990,63.4619,101.7257,#N/A N/A,115.6644
07/05/1990,64.276,102.055,#N/A N/A,117.1329
08/05/1990,64.6173,101.5163,#N/A N/A,116.4276
09/05/1990,65.908,102.07,#N/A N/A,117.9559
10/05/1990,66.046,102.066,#N/A N/A,118.2011
11/05/1990,65.215,101.5581,#N/A N/A,116.8104
14/05/1990,67.2088,101.6257,#N/A N/A,117.1358
15/05/1990,67.2362,101.8082,#N/A N/A,116.0507
16/05/1990,66.436,101.4172,#N/A N/A,116.3667
17/05/1990,66.6364,101.6029,#N/A N/A,117.0976
18/05/1990,66.3269,103.1557,#N/A N/A,116.3725
21/05/1990,65.2269,102.9923,#N/A N/A,115.4499
22/05/1990,65.0298,104.2707,#N/A N/A,115.6491
23/05/1990,63.1572,101.6553,#N/A N/A,115.4246
24/05/1990,62.7975,102.0829,#N/A N/A,116.6533
25/05/1990,62.5237,102.3449,#N/A N/A,116.9958
28/05/1990,62.5237,102.3449,#N/A N/A,116.9958
29/05/1990,63.5127,101.7454,#N/A N/A,115.814
30/05/1990,63.9731,100.6486,#N/A N/A,115.283
31/05/1990,61.845,100.7585,#N/A N/A,114.8103
01/06/1990,61.7633,99.6235,#N/A N/A,113.4952
04/06/1990,60.5075,99.4886,#N/A N/A,112.7925
05/06/1990,59.0778,99.823,#N/A N/A,113.7185
06/06/1990,59.7378,99.1508,#N/A N/A,113.6535
07/06/1990,58.9751,98.4788,#N/A N/A,115.1132
08/06/1990,59.0993,98.6712,#N/A N/A,114.0346
11/06/1990,58.8128,98.843,#N/A N/A,114.5838
12/06/1990,60.9197,98.7816,#N/A N/A,114.9589
13/06/1990,61.3929,97.4019,#N/A N/A,114.461
14/06/1990,61.0713,95.5324,#N/A N/A,112.2615
15/06/1990,60.4624,96.2722,#N/A N/A,111.9133
18/06/1990,59.2312,96.347,#N/A N/A,113.5002
19/06/1990,59.0026,96.277,#N/A N/A,113.4165
20/06/1990,58.9657,96.6297,#N/A N/A,113.6666
21/06/1990,59.0931,96.5924,#N/A N/A,113.7427
22/06/1990,60.4277,96.4799,#N/A N/A,112.8844
25/06/1990,60.5723,97.2151,#N/A N/A,114.5816
26/06/1990,60.0538,96.6179,#N/A N/A,114.352
27/06/1990,58.8974,96.5219,#N/A N/A,114.6408
28/06/1990,60.1683,96.8157,#N/A N/A,114.9411
29/06/1990,59.5958,98.3694,#N/A N/A,116.1554
02/07/1990,58.8746,98.8817,#N/A N/A,118.7176
03/07/1990,58.8735,99.4234,#N/A N/A,119.2478
04/07/1990,58.8735,99.4234,#N/A N/A,119.2478
05/07/1990,58.2472,99.0026,#N/A N/A,116.5296
06/07/1990,58.2624,98.9235,#N/A N/A,114.3628
09/07/1990,59.0007,98.0111,#N/A N/A,113.5984
10/07/1990,59.9064,97.5514,#N/A N/A,113.447
11/07/1990,61.241,97.4048,#N/A N/A,112.2888
12/07/1990,64.1585,98.4794,#N/A N/A,112.4113
13/07/1990,65.2589,99.8127,#N/A N/A,112.5789
16/07/1990,67.2636,99.2745,#N/A N/A,111.3061
17/07/1990,67.3711,98.8278,#N/A N/A,110.4918
18/07/1990,66.8216,99.1204,#N/A N/A,110.5922
19/07/1990,67.4059,98.8449,#N/A N/A,110.6048
20/07/1990,67.658,98.7991,#N/A N/A,109.225
23/07/1990,68.8456,100.5577,#N/A N/A,109.9273
24/07/1990,69.1969,99.9103,#N/A N/A,109.6759
25/07/1990,68.705,100.7804,#N/A N/A,109.8178
26/07/1990,68.9735,100.3639,#N/A N/A,111.0405
27/07/1990,68.2466,99.9454,#N/A N/A,110.5086
30/07/1990,68.8969,99.8736,#N/A N/A,110.2383
31/07/1990,69.994,100.2489,#N/A N/A,110.4885
01/08/1990,72.8243,101.0715,#N/A N/A,108.3929
02/08/1990,77.6749,101.819,#N/A N/A,107.7993
03/08/1990,81.8031,101.9648,#N/A N/A,107.0276
06/08/1990,93.2776,103.732,#N/A N/A,108.3038
07/08/1990,93.8859,103.5489,#N/A N/A,108.4069
08/08/1990,87.1171,103.1795,#N/A N/A,108.0345
09/08/1990,86.3607,103.7716,#N/A N/A,108.5415
10/08/1990,88.7898,106.5553,#N/A N/A,109.1632
13/08/1990,91.4392,107.5795,#N/A N/A,107.9966
14/08/1990,90.1094,109.5003,#N/A N/A,108.3138
15/08/1990,90.0289,108.2551,#N/A N/A,108.9809
16/08/1990,92.6493,110.1042,#N/A N/A,109.0624
17/08/1990,96.0198,110.2723,#N/A N/A,109.2946
20/08/1990,99.1551,110.1483,#N/A N/A,109.2646
21/08/1990,100.8226,109.4017,#N/A N/A,109.2689
22/08/1990,105.9289,110.2673,#N/A N/A,110.1653
23/08/1990,111.529,110.4526,#N/A N/A,112.2291
24/08/1990,107.7862,111.3866,#N/A N/A,114.1017
27/08/1990,100.7068,104.2882,#N/A N/A,112.2644
28/08/1990,96.8291,103.6033,#N/A N/A,111.4153
29/08/1990,90.8096,103.5079,#N/A N/A,109.4235
30/08/1990,93.8423,103.6166,#N/A N/A,109.4187
31/08/1990,95.1385,102.4785,#N/A N/A,108.6357
03/09/1990,95.1385,102.4785,#N/A N/A,108.6357
04/09/1990,100.3208,102.5646,#N/A N/A,109.4469
05/09/1990,103.3024,103.1333,#N/A N/A,110.2263
06/09/1990,108.5826,103.9576,#N/A N/A,110.9078
07/09/1990,103.9553,104.0855,#N/A N/A,109.287
10/09/1990,107.2642,101.7471,#N/A N/A,109.8486
11/09/1990,104.9441,102.2286,#N/A N/A,110.3343
12/09/1990,105.5345,102.6702,#N/A N/A,110.2708
13/09/1990,106.5995,102.6519,#N/A N/A,108.5302
14/09/1990,107.2887,102.9441,#N/A N/A,108.3099
17/09/1990,110.566,103.9058,#N/A N/A,108.497
18/09/1990,111.9058,103.7021,#N/A N/A,108.6206
19/09/1990,112.8733,103.2201,#N/A N/A,107.3514
20/09/1990,114.8619,103.8192,#N/A N/A,107.4046
21/09/1990,120.486,103.9562,#N/A N/A,107.3192
24/09/1990,128.3076,107.3942,#N/A N/A,107.5368
25/09/1990,127.9817,106.8174,#N/A N/A,107.9423
26/09/1990,131.0198,107.5941,#N/A N/A,107.745
27/09/1990,133.77,107.0694,#N/A N/A,108.1732
28/09/1990,133.6518,106.4971,#N/A N/A,107.4565
01/10/1990,126.0313,102.6832,#N/A N/A,105.4095
02/10/1990,115.7646,103.3496,#N/A N/A,106.1786
03/10/1990,126.1696,104.3017,#N/A N/A,107.0767
04/10/1990,124.9917,103.8811,#N/A N/A,107.1431
05/10/1990,128.3714,104.1213,#N/A N/A,106.8871
08/10/1990,130.7305,104.4152,#N/A N/A,109.009
09/10/1990,135.1945,102.9616,#N/A N/A,108.6089
10/10/1990,129.676,101.5409,#N/A N/A,107.6842
11/10/1990,134.443,100.8002,#N/A N/A,107.0126
12/10/1990,132.8855,100.7852,#N/A N/A,106.6673
15/10/1990,128.1834,97.3483,#N/A N/A,105.5227
16/10/1990,131.1267,94.8422,#N/A N/A,105.0581
17/10/1990,126.2956,96.071,#N/A N/A,106.07
18/10/1990,123.5792,96.7077,#N/A N/A,105.6559
19/10/1990,116.5199,97.5865,#N/A N/A,105.8148
22/10/1990,106.8691,96.6293,#N/A N/A,106.3762
23/10/1990,103.6923,97.0844,#N/A N/A,106.6553
24/10/1990,110.5794,97.5212,#N/A N/A,106.9042
25/10/1990,117.0893,97.8683,#N/A N/A,106.1373
26/10/1990,116.2969,95.9679,#N/A N/A,105.0706
29/10/1990,120.5264,96.9786,#N/A N/A,104.9535
30/10/1990,120.4349,98.6535,#N/A N/A,105.0826
31/10/1990,122.3371,98.2157,#N/A N/A,104.7545
01/11/1990,122.5102,99.0281,#N/A N/A,104.9539
02/11/1990,118.8345,97.6457,#N/A N/A,104.8094
05/11/1990,115.5711,98.5501,#N/A N/A,103.4634
06/11/1990,115.0414,100.1009,#N/A N/A,103.0819
07/11/1990,119.9425,100.2577,#N/A N/A,103.6578
08/11/1990,124.2688,100.4085,#N/A N/A,104.3828
09/11/1990,119.6425,99.694,#N/A N/A,102.833
12/11/1990,114.5803,98.9751,#N/A N/A,102.9562
13/11/1990,116.6244,99.7457,#N/A N/A,102.3305
14/11/1990,112.4936,97.898,#N/A N/A,101.0745
15/11/1990,112.2516,97.8629,#N/A N/A,101.1565
16/11/1990,108.733,98.0025,#N/A N/A,102.3756
19/11/1990,112.3507,98.4624,#N/A N/A,102.7353
20/11/1990,106.9826,97.5426,#N/A N/A,101.098
21/11/1990,109.1448,97.8791,#N/A N/A,101.844
22/11/1990,109.1448,97.8791,#N/A N/A,101.844
23/11/1990,116.161,98.8408,#N/A N/A,102.4335
26/11/1990,120.2305,99.4551,#N/A N/A,102.0743
27/11/1990,119.8394,99.0249,#N/A N/A,102.2737
28/11/1990,120.9833,99.1262,#N/A N/A,102.966
29/11/1990,120.2026,99.5553,#N/A N/A,103.433
30/11/1990,109.3211,98.6254,#N/A N/A,103.1614
03/12/1990,107.4335,97.3755,#N/A N/A,103.8121
04/12/1990,111.9848,97.855,#N/A N/A,103.9378
05/12/1990,101.1943,96.9413,#N/A N/A,103.3801
06/12/1990,98.2869,96.2685,#N/A N/A,104.0692
07/12/1990,98.4891,95.6687,#N/A N/A,103.923
10/12/1990,100.0657,96.4161,#N/A N/A,104.4018
11/12/1990,97.8312,96.0791,#N/A N/A,104.6627
12/12/1990,93.9761,96.0089,#N/A N/A,104.7251
13/12/1990,96.196,96.2016,#N/A N/A,103.7925
14/12/1990,96.3204,96.2939,#N/A N/A,103.9558
17/12/1990,97.6205,96.5951,#N/A N/A,103.6928
18/12/1990,99.5395,96.4634,#N/A N/A,102.9076
19/12/1990,100.8995,99.1031,#N/A N/A,102.1448
20/12/1990,99.3262,99.4721,#N/A N/A,101.8805
21/12/1990,98.487,98.0074,#N/A N/A,101.2753
24/12/1990,98.5412,98.0613,#N/A N/A,101.3748
25/12/1990,98.5412,98.0613,#N/A N/A,101.3748
26/12/1990,102.0113,99.1045,#N/A N/A,102.0007
27/12/1990,101.7422,99.1438,#N/A N/A,101.0937
28/12/1990,103.8851,101.3489,#N/A N/A,100.8945
31/12/1990,106.9454,101.4164,#N/A N/A,100.8791
01/01/1991,106.9454,101.4164,#N/A N/A,100.8791
02/01/1991,100,100,100,100
03/01/1991,96.899,100.283,99.175,100.19
04/01/1991,94.638,99.586,99.353,100.537
07/01/1991,103.399,102.19,100.291,100.933
08/01/1991,101.509,100.396,99.239,99.383
09/01/1991,103.05,100.526,98.24,99.571
10/01/1991,102.909,100.178,98.181,100.226
11/01/1991,101.666,100.617,98.173,99.51
14/01/1991,113.219,102.76,96.897,99.308
15/01/1991,110.624,102.287,94.735,99.659
16/01/1991,115.045,103.181,93.746,100.547
17/01/1991,84.878,96.312,95.352,101.763
18/01/1991,80.151,96.275,95.062,101.757
21/01/1991,80.151,96.275,95.062,101.757
22/01/1991,88.448,97.443,94.297,102.053
23/01/1991,87.838,96.585,93.149,101.737
24/01/1991,87.037,94.592,92.167,100.92
25/01/1991,86.466,95.3,92.817,101.541
28/01/1991,85.111,95.7,93.281,101.329
29/01/1991,87.664,95.756,93.191,101.225
30/01/1991,85.255,94.032,93.241,100.965
31/01/1991,86.588,93.657,93.307,101.366
01/02/1991,85.718,93.851,93.319,101.484
04/02/1991,85.078,94.333,93.434,102.207
05/02/1991,84.562,93.852,93.503,101.999
06/02/1991,87.238,92.703,94.02,101.497
07/02/1991,86.354,93.791,93.999,100.801
08/02/1991,87.93,94.383,95.436,101.492
11/02/1991,89.944,92.904,95.902,101.158
12/02/1991,90.836,93.264,96.198,101.114
13/02/1991,89.576,93.392,96.316,101.995
14/02/1991,88.744,94.072,95.743,102.487
15/02/1991,84.397,93.005,96.428,102.58
18/02/1991,84.397,93.005,96.428,102.58
19/02/1991,83.658,92.424,95.736,102.905
20/02/1991,85.481,92.345,95.678,102.491
21/02/1991,83.039,91.751,96.261,102.088
22/02/1991,82.24,89.82,96.488,101.719
25/02/1991,82.636,90.78,97.072,102.479
26/02/1991,84.067,90.585,97.541,102.783
27/02/1991,85.671,91.211,98.157,102.403
28/02/1991,86.454,93.337,98.713,103.617
01/03/1991,87.524,93.581,98.117,105.375
04/03/1991,90.271,94.344,97.789,106.038
05/03/1991,91.09,93.669,97.792,106.856
06/03/1991,89.614,94.074,97.608,106.715
07/03/1991,88.751,94.98,97.644,106.545
08/03/1991,88.16,96.774,97.765,106.765
11/03/1991,87.291,95.245,96.415,105.184
12/03/1991,89.436,94.805,96.363,105.797
13/03/1991,91.358,95.856,96.781,106.044
14/03/1991,90.333,94.988,96.246,105.062
15/03/1991,89.291,95.331,96.08,103.422
18/03/1991,88.426,93.972,95.824,103.959
19/03/1991,91.304,94.674,95.526,103.813
20/03/1991,91.951,93.935,95.482,103.466
21/03/1991,93.043,94.302,96.168,103.797
22/03/1991,91.842,94.08,96.259,103.683
25/03/1991,90.193,93.068,95.906,103.28
26/03/1991,90.816,92.444,95.609,102.863
27/03/1991,89.957,91.664,94.364,103.488
28/03/1991,90.934,92.084,94.733,103.685
29/03/1991,90.934,92.084,94.733,103.685
01/04/1991,89.625,93.314,94.835,106.453
02/04/1991,91.178,93.314,96.621,105.795
03/04/1991,89.943,94.125,96.483,105.164
04/04/1991,91.456,93.901,96.857,104.839
05/04/1991,91.527,93.252,96.373,105.463
08/04/1991,92.601,93.816,95.549,106.08
09/04/1991,92.517,94.802,95.245,104.938
10/04/1991,94.652,94.336,96.525,105.327
11/04/1991,93.819,94.022,96.158,105.408
12/04/1991,95.205,93.717,95.987,105.479
15/04/1991,96.909,93.887,95.67,104.81
16/04/1991,96.36,94.071,95.673,105.005
17/04/1991,96.829,94.705,96.565,104.037
18/04/1991,95.437,93.071,97.129,103.639
19/04/1991,95.755,92.63,96.629,103.992
22/04/1991,96.977,92.97,96.126,103.511
23/04/1991,95.817,92.864,95.699,104.056
24/04/1991,95.661,92.618,95.244,103.885
25/04/1991,96.036,92.034,95.017,103.603
26/04/1991,96.218,92.088,94.31,103.21
29/04/1991,96.359,91.914,94.16,101.579
30/04/1991,95.148,92.928,93.773,101.702
01/05/1991,96.379,92.788,93.729,102.038
02/05/1991,95.995,92.907,93.162,101.913
03/05/1991,96.736,92.33,91.389,102.072
06/05/1991,97.995,93.015,91.094,102.145
07/05/1991,97.526,93.492,91.07,101.632
08/05/1991,98.178,93.648,91.396,100.873
09/05/1991,98.935,93.823,91.136,101.358
10/05/1991,96.892,93.472,90.985,100.478
13/05/1991,96.456,93.557,88.908,100.658
14/05/1991,96.007,94.196,88.801,100.771
15/05/1991,96.349,94.487,88.967,100.783
16/05/1991,96.204,93.167,88.484,100.816
17/05/1991,96.752,92.945,88.599,100.884
20/05/1991,96.801,93.503,88.656,101.523
21/05/1991,96.225,93.534,88.887,102.083
22/05/1991,95.178,93.349,88.474,101.859
23/05/1991,95.831,93.158,88.369,101.873
24/05/1991,96.155,93.342,88.173,101.363
27/05/1991,96.155,93.342,88.173,101.363
28/05/1991,96.686,95.563,88.144,100.986
29/05/1991,96.19,95.05,87.344,100.305
30/05/1991,97.191,95.488,86.501,100.5
31/05/1991,96.426,94.868,86.483,100.872
03/06/1991,96.329,95.595,86.337,101.917
04/06/1991,95.929,95.399,87.02,101.65
05/06/1991,93.51,95.563,87.941,101.673
06/06/1991,93.071,97.666,87.401,101.305
07/06/1991,92.635,98.208,87.372,101.715
10/06/1991,91.236,100.17,86.995,100.567
11/06/1991,91.7,99.37,88.993,100.544
12/06/1991,91.979,99.138,88.98,100.511
13/06/1991,91.059,99.272,88.459,100.507
14/06/1991,91.011,98.074,88.492,99.837
17/06/1991,91.192,98.424,89.753,99.548
18/06/1991,90.801,98.532,89.38,99.745
19/06/1991,89.759,98.477,89.07,100.233
20/06/1991,90.681,98.437,89.809,99.718
21/06/1991,90.306,97.56,89.616,98.136
24/06/1991,88.6,96.857,88.681,98.513
25/06/1991,88.741,97.323,89.472,98.773
26/06/1991,89.219,97.432,89.949,98.839
27/06/1991,90.995,97.628,89.428,97.055
28/06/1991,91.979,98.279,90.146,94.437
01/07/1991,92.371,98.394,90.958,95.338
02/07/1991,92.454,98.095,91.825,95.137
03/07/1991,91.806,99.02,91.376,95.125
04/07/1991,91.806,99.02,91.376,95.125
05/07/1991,92.452,99.034,91.702,94.352
08/07/1991,93.643,99.055,91.956,92.896
09/07/1991,93.796,98.546,91.213,93.057
10/07/1991,94.398,98.626,90.053,93.606
11/07/1991,93.946,97.621,89.765,93.222
12/07/1991,95.706,97.931,90.138,94.623
15/07/1991,94.812,97.993,89.434,94.677
16/07/1991,96.024,98.054,89.657,96.327
17/07/1991,97.889,98.496,89.983,96.394
18/07/1991,97.439,98.345,89.844,95.098
19/07/1991,98.665,98.45,90.103,94.823
22/07/1991,97.496,97.493,89.817,96.574
23/07/1991,95.139,97.117,89.387,99.698
24/07/1991,95.861,94.558,88.824,98.267
25/07/1991,96.102,95.023,88.99,98.452
26/07/1991,96.161,95.57,89.66,100.698
29/07/1991,95.467,95.021,89.345,102.893
30/07/1991,96.111,94.72,88.984,102.285
31/07/1991,97.669,95.004,89.429,103.628
01/08/1991,96.372,94.761,89.566,105.969
02/08/1991,96.98,92.526,89.281,107.416
05/08/1991,97.817,92.675,89.555,104.476
06/08/1991,97.31,92.896,89.195,102.556
07/08/1991,97.43,92.922,90.091,101.151
08/08/1991,98.462,92.74,90.343,100.765
09/08/1991,98.792,93.278,90.355,100.647
12/08/1991,98.986,93.094,89.739,100.516
13/08/1991,98.373,92.679,89.754,99.559
14/08/1991,97.606,93.134,89.394,98.125
15/08/1991,98.267,92.745,88.97,99.232
16/08/1991,97.765,93.35,88.693,98.591
19/08/1991,101.951,93.567,88.75,95.466
20/08/1991,102.526,92.67,88.462,95.105
21/08/1991,99.394,92.776,88.815,99.318
22/08/1991,100.298,92.11,88.88,101.027
23/08/1991,100.685,92.183,88.904,100.827
26/08/1991,101.571,92.487,89.084,102.827
27/08/1991,101.673,92.215,89.414,101.86
28/08/1991,101.109,92.179,89.878,101.786
29/08/1991,102.089,90.922,90.107,101.38
30/08/1991,102.64,90.324,89.949,102.581
02/09/1991,102.64,90.324,89.949,102.581
03/09/1991,102.566,91.031,89.985,102.791
04/09/1991,101.118,91.043,89.512,103.485
05/09/1991,101.048,90.484,89.548,103.454
06/09/1991,101.035,91.564,90.685,103.348
09/09/1991,100.361,92.415,90.67,103.6
10/09/1991,100.869,91.809,90.699,102.976
11/09/1991,101.128,90.699,90.881,103.916
12/09/1991,100.639,90.559,89.947,104.854
13/09/1991,101.465,90.806,89.996,104.47
16/09/1991,101.981,90.911,88.977,105.158
17/09/1991,101.086,91.71,87.725,105.578
18/09/1991,101.991,92.219,88.672,106.372
19/09/1991,102.275,92.077,88.604,105.211
20/09/1991,103.419,92.249,89.226,104.843
23/09/1991,103.814,93.227,88.594,103.853
24/09/1991,103.73,94.321,88.188,104.286
25/09/1991,104.062,93.936,89.668,104.102
26/09/1991,104.107,92.81,89.133,103.441
27/09/1991,104.694,92.278,88.99,103.174
30/09/1991,104.569,93.572,88.031,103.17
01/10/1991,104.027,93.753,87.935,103.954
02/10/1991,104.4,93.905,87.784,104.032
03/10/1991,105.628,94.52,87.605,103.297
04/10/1991,105.537,94.415,87.473,103.868
07/10/1991,106.993,94.363,86.44,103.56
08/10/1991,107.579,93.624,87.836,103.064
09/10/1991,108.43,94.174,87.771,102.747
10/10/1991,107.697,93.799,87.065,102.796
11/10/1991,107.877,94.483,87.362,101.515
14/10/1991,107.877,94.483,87.362,101.515
15/10/1991,110.227,93.677,86.564,100.944
16/10/1991,109.697,94.066,87.195,101.828
17/10/1991,110.629,94.397,89.582,101.922
18/10/1991,111.172,95.032,88.894,102.63
21/10/1991,111.185,95.415,88.492,102.174
22/10/1991,109.962,95.393,88.638,103.369
23/10/1991,108.786,94.778,88.604,103.069
24/10/1991,109.469,94.857,88.708,103.072
25/10/1991,108.473,94.443,88.518,102.014
28/10/1991,108.967,93.998,88.672,102.105
29/10/1991,108.652,94.268,89.057,102.987
30/10/1991,108.519,94.157,89.132,102.513
31/10/1991,109.063,93.952,88.643,102.94
01/11/1991,110.736,93.183,88.617,103.463
04/11/1991,111.259,93.577,88.782,102.803
05/11/1991,111.277,92.957,88.643,102.42
06/11/1991,109.863,93.077,88.585,101.044
07/11/1991,109.195,92.415,88.499,100.384
08/11/1991,108.412,92.552,88.242,100.332
11/11/1991,108.412,92.552,88.242,100.332
12/11/1991,105.608,93.124,87.674,99.682
13/11/1991,105.167,93.314,87.948,100.379
14/11/1991,105.158,92.564,88.49,101.166
15/11/1991,107.009,93.72,89.748,99.844
18/11/1991,104.804,94.007,88.838,100.944
19/11/1991,103.238,94.876,88.01,100.969
20/11/1991,103.324,95.028,88.527,101.7
21/11/1991,103.069,96.049,88.708,101.282
22/11/1991,101.085,96.311,88.338,101.206
25/11/1991,101.545,95.709,88.49,101.589
26/11/1991,100.239,95.354,88.773,101.148
27/11/1991,101.469,95.608,88.38,101.533
28/11/1991,101.469,95.608,88.38,101.533
29/11/1991,101.761,95.566,87.692,100.893
02/12/1991,100.38,95.328,87.419,101.782
03/12/1991,98.174,94.41,87.098,102.233
04/12/1991,98.823,94.664,86.618,102.785
05/12/1991,96.801,95.195,86.014,102.396
06/12/1991,94.688,95.508,86.353,101.571
09/12/1991,91.845,95.408,86.127,101.645
10/12/1991,92.147,95.093,85.318,101.047
11/12/1991,91.691,94.177,85.879,101.166
12/12/1991,93.42,91.987,86.328,100.702
13/12/1991,93.685,92.335,85.8,102.065
16/12/1991,92.725,92.213,85.471,102.62
17/12/1991,92.029,91.94,85.927,102.531
18/12/1991,91.462,92.25,85.847,102.605
19/12/1991,90.343,91.914,85.468,102.135
20/12/1991,88.094,92.246,85.584,102.54
23/12/1991,88.495,92.789,86.126,103.707
24/12/1991,89.353,92.763,86.454,103.477
25/12/1991,89.353,92.763,86.454,103.477
26/12/1991,87.486,91.866,86.597,104.148
27/12/1991,88.209,91.409,86.855,103.743
30/12/1991,87.626,91.168,86.656,102.309
31/12/1991,88.767,91.645,86.47,102.665
01/01/1992,88.767,91.645,86.47,102.665
02/01/1992,90.117,91.719,85.759,101.941
03/01/1992,89.612,91.395,85.331,101.579
06/01/1992,89.319,91.17,85.31,102.071
07/01/1992,87.313,91.049,85.139,101.865
08/01/1992,84.919,91.431,84.868,102.802
09/01/1992,84.411,93.766,85.377,102.488
10/01/1992,86.048,93.353,85.623,102.619
13/01/1992,88.307,92.82,85.441,103.056
14/01/1992,87.121,93.06,85.229,102.91
15/01/1992,89.154,93.371,86.077,103.854
16/01/1992,89.843,94.957,88.816,103.743
17/01/1992,89.834,94.189,88.785,104.649
20/01/1992,89.834,94.189,88.785,104.649
21/01/1992,87.308,94.918,88.756,104.582
22/01/1992,87.492,94.963,89.236,104.88
23/01/1992,86.419,93.896,89.765,104.775
24/01/1992,88.287,93.462,91.479,105.461
27/01/1992,90.284,93.58,91.241,104.607
28/01/1992,88.768,93.889,91.078,104.628
29/01/1992,88.274,94.349,91.551,104.506
30/01/1992,88.023,93.2,90.627,104.297
31/01/1992,88.521,94.052,90.22,103.747
03/02/1992,88.731,93.924,89.78,104.15
04/02/1992,90.429,93.861,89.367,104.377
05/02/1992,91.193,93.924,89.624,103.999
06/02/1992,90.962,94.084,89.746,103.831
07/02/1992,92.389,93.756,90.589,103.745
10/02/1992,92.157,93.993,90.74,104.894
11/02/1992,89.643,93.978,90.498,102.615
12/02/1992,89.857,94.523,91.346,102.698
13/02/1992,90.99,94.041,92.293,102.271
14/02/1992,90.044,93.354,93.065,102.607
17/02/1992,90.044,93.354,93.065,102.607
18/02/1992,85.626,92.661,93.327,102.484
19/02/1992,87.297,92.614,92.46,102.916
20/02/1992,87.484,93.115,92.28,103.353
21/02/1992,87.433,92.558,92.349,102.623
24/02/1992,86.381,92.295,94.028,102.247
25/02/1992,86.437,92.048,94.258,102.333
26/02/1992,86.515,92.049,95.345,102.179
27/02/1992,87.399,93.135,95.017,102.128
28/02/1992,87.303,92.945,94.524,102.952
02/03/1992,85.98,92.764,93.704,103.577
03/03/1992,86.873,92.485,93.353,103.166
04/03/1992,87.444,92.585,93.569,103.206
05/03/1992,87.371,92.87,93.734,102.819
06/03/1992,86.589,92.627,93.254,103.261
09/03/1992,87.241,92.58,92.908,104.004
10/03/1992,87.748,92.51,93.038,103.506
11/03/1992,86.921,92.83,92.629,103.621
12/03/1992,88.196,91.804,92.488,103.184
13/03/1992,89.504,91.782,93.495,103.035
16/03/1992,89.812,90.934,93.029,102.775
17/03/1992,90.137,90.221,93.176,102.821
18/03/1992,89.246,89.762,93.698,103.228
19/03/1992,90.084,90.4,93.83,103.672
20/03/1992,88.672,90.233,93.712,102.744
23/03/1992,89.454,90.081,93.341,102.961
24/03/1992,89.648,90.332,93.108,102.734
25/03/1992,90.605,90.569,93.137,102.315
26/03/1992,90.415,90.562,93.45,102.291
27/03/1992,89.889,91.16,93.42,101.977
30/03/1992,90.382,90.982,93.842,101.495
31/03/1992,91.497,91.327,94.032,101.669
01/04/1992,93.6,90.907,94.787,100.298
02/04/1992,92.979,90.404,95.053,100.446
03/04/1992,94.377,90.47,94.945,101.11
06/04/1992,95.023,90.484,94.694,101.278
07/04/1992,93.73,90.001,94.78,100.534
08/04/1992,95.119,89.895,94.909,99.952
09/04/1992,94.047,90.364,94.43,99.98
10/04/1992,94.324,90.637,94.739,99.805
13/04/1992,93.27,90.222,94.628,99.517
14/04/1992,91.774,90.367,94.816,99.579
15/04/1992,92.689,89.047,94.449,99.28
16/04/1992,94.421,89.034,94.359,99.266
17/04/1992,94.421,89.034,94.359,99.266
20/04/1992,94.945,88.933,94.175,99.756
21/04/1992,95.361,89.862,94.337,100.199
22/04/1992,94.63,89.67,94.774,99.181
23/04/1992,94.76,89.56,94.885,100.773
24/04/1992,94.778,88.906,94.732,99.983
27/04/1992,95.086,88.708,94.743,99.587
28/04/1992,95.803,88.723,94.495,99.171
29/04/1992,97.351,88.662,94.374,98.782
30/04/1992,97.464,89.161,93.982,98.498
01/05/1992,97.574,89.495,93.691,99.467
04/05/1992,98.88,89.227,94.003,100.956
05/05/1992,98.45,89.616,93.704,100.534
06/05/1992,98.26,89.635,94.177,100.264
07/05/1992,98.117,89.136,94.297,101.239
08/05/1992,98.475,89.479,94.226,100.524
11/05/1992,99.255,89.735,94.374,100.37
12/05/1992,99.235,89.466,94.222,101.399
13/05/1992,98.824,89.513,94.095,102.802
14/05/1992,98.708,90.079,94.26,102.202
15/05/1992,99.246,90.08,94.289,102.198
18/05/1992,99.054,90.145,94.494,102.454
19/05/1992,98.285,89.903,95.041,100.389
20/05/1992,98.42,89.967,95.347,100.28
21/05/1992,99.04,89.692,95.188,98.548
22/05/1992,99.472,89.963,95.204,98.78
25/05/1992,99.472,89.963,95.204,98.78
26/05/1992,104.56,90.087,95.243,99.85
27/05/1992,103.593,90.032,95.251,100.671
28/05/1992,104.161,89.658,94.997,100.258
29/05/1992,104.875,89.273,95.095,101.382
01/06/1992,104.954,89.687,95.713,101.968
02/06/1992,105.055,90.23,95.926,102.952
03/06/1992,105.55,90.029,95.493,102.797
04/06/1992,105.921,90.137,96.544,102.911
05/06/1992,107.085,90.001,96.196,101.633
08/06/1992,106.301,89.853,95.663,103.31
09/06/1992,105.782,89.881,95.443,104.132
10/06/1992,106.46,89.882,95.281,103.492
11/06/1992,105.637,90.669,95.017,102.819
12/06/1992,104.915,91.268,95.366,102.866
15/06/1992,105.482,91.399,95.323,100.275
16/06/1992,105.766,91.018,95.386,100.276
17/06/1992,105.685,90.737,95.667,101.273
18/06/1992,105.402,91.001,95.365,100.976
19/06/1992,105.406,90.216,94.944,101.083
22/06/1992,105.926,90.862,94.694,100.011
23/06/1992,106.007,90.993,94.927,100.346
24/06/1992,107.408,90.614,96.17,99.764
25/06/1992,106.304,90.541,97.405,100.659
26/06/1992,105.474,90.236,97.376,101.302
29/06/1992,104.57,90.703,99.737,101.143
30/06/1992,102.33,90.714,100.071,100.547
01/07/1992,103.302,90.946,100.087,100.15
02/07/1992,104.468,91.34,100.808,98.993
03/07/1992,104.468,91.34,100.808,98.993
06/07/1992,103.582,91.311,100.656,96.974
07/07/1992,101.957,90.204,101.096,97.414
08/07/1992,102.363,90.52,101.623,97.92
09/07/1992,102.509,90.99,100.345,97.069
10/07/1992,102.134,90.878,100.999,97.689
13/07/1992,103.428,91.037,100.632,97.195
14/07/1992,103.395,91.547,101.089,96.456
15/07/1992,104.405,92.103,102.212,96.518
16/07/1992,104.413,91.607,102.79,96.157
17/07/1992,103.55,92.907,102.635,95.928
20/07/1992,104.688,93.194,102.618,94.724
21/07/1992,104.818,92.785,102.67,95.075
22/07/1992,105.948,93.206,103.386,95.264
23/07/1992,105.982,93.075,103.383,94.433
24/07/1992,107.229,93.234,103.356,94.113
27/07/1992,108.149,92.887,103.259,93.827
28/07/1992,107.767,93.048,102.792,94.269
29/07/1992,107.886,92.233,102.138,93.726
30/07/1992,107.631,92.468,101.82,93.295
31/07/1992,107.378,92.657,101.312,92.206
03/08/1992,105.759,91.448,101.365,92.51
04/08/1992,105.012,91.423,101.677,92.289
05/08/1992,104.182,90.831,101.672,91.776
06/08/1992,105.716,90.966,101.542,91.309
07/08/1992,105.074,91.557,101.87,90.239
10/08/1992,104.842,91.553,101.536,90.34
11/08/1992,104.396,90.529,101.252,90.488
12/08/1992,104.914,88.094,100.637,89.853
13/08/1992,105.373,87.177,100.569,90.284
14/08/1992,104.879,87.44,100.375,90.219
17/08/1992,105.029,87.818,101.885,90.595
18/08/1992,105.571,87.538,101.994,90.417
19/08/1992,104.57,87.933,101.626,89.742
20/08/1992,104.813,87.535,101.526,89.885
21/08/1992,103.969,87.473,101.423,90.194
24/08/1992,106.182,88.238,101.993,91.624
25/08/1992,104.922,87.956,101.421,91.929
26/08/1992,104.552,87.31,101.415,91.192
27/08/1992,104.401,87.702,101.278,90.38
28/08/1992,106.482,87.642,100.701,89.854
31/08/1992,107.696,88.555,100.584,89.902
01/09/1992,107.885,88.1,101.057,90.031
02/09/1992,107.638,87.532,101.102,90.916
03/09/1992,108.273,88.162,100.42,91.259
04/09/1992,108.891,88.099,100.664,91.637
07/09/1992,108.891,88.099,100.664,91.637
08/09/1992,108.854,88.324,99.535,91.986
09/09/1992,109.629,88.245,98.823,91.135
10/09/1992,110.093,88.2,97.334,90.914
11/09/1992,110.768,87.803,97.473,90.404
14/09/1992,112.593,89.509,98.122,89.968
15/09/1992,113.028,89.672,98.396,91.245
16/09/1992,113.349,90.389,98.206,91.235
17/09/1992,112.176,89.683,97.876,90.49
18/09/1992,112.223,90.808,97.768,90.251
21/09/1992,113.217,89.901,98.136,90.406
22/09/1992,114.054,90.28,97.219,89.774
23/09/1992,115.841,90.054,96.855,89.446
24/09/1992,113.545,90.252,97.355,89.859
25/09/1992,113.156,90.179,97.23,89.999
28/09/1992,113.138,89.433,95.886,89.348
29/09/1992,113.591,89.499,95.658,89.693
30/09/1992,113.68,89.506,95.531,89.918
01/10/1992,114.261,89.293,94.548,89.55
02/10/1992,114.474,89.524,93.257,88.783
05/10/1992,112.563,90.088,92.249,88.877
06/10/1992,113.321,89.872,92.102,89.143
07/10/1992,113.126,89.961,91.673,89.373
08/10/1992,112.656,89.798,91.288,88.836
09/10/1992,114.6,90.043,91.404,89.014
12/10/1992,114.6,90.043,91.404,89.014
13/10/1992,112.2,88.449,89.676,90.274
14/10/1992,113.53,88.18,89.948,90.816
15/10/1992,114.849,87.819,90.159,90.394
16/10/1992,114.648,88.199,89.03,89.964
19/10/1992,115.174,88.328,88.262,90.54
20/10/1992,114.599,88.953,88.505,91.258
21/10/1992,112.168,89.076,89.257,90.632
22/10/1992,110.851,88.813,89.11,91.189
23/10/1992,110.269,88.828,88.591,90.266
26/10/1992,109.829,88.221,88.788,89.817
27/10/1992,109.467,87.508,89.026,90.068
28/10/1992,110.258,88.024,88.743,89.94
29/10/1992,107.931,88.017,89.113,90.352
30/10/1992,107.752,87.986,88.828,91.004
02/11/1992,109.339,88.298,87.669,92.276
03/11/1992,109.116,87.793,87.363,92.499
04/11/1992,107.401,88.136,87.315,91.607
05/11/1992,108.281,88.555,86.268,90.954
06/11/1992,106.706,88.089,85.105,91.931
09/11/1992,107.949,86.361,84.07,91.502
10/11/1992,108.015,85.427,84.843,91.867
11/11/1992,108.015,85.427,84.843,91.867
12/11/1992,107.035,86.942,85.16,93.151
13/11/1992,105.997,87.118,84.191,94.237
16/11/1992,106.782,86.882,84.57,94.022
17/11/1992,106.264,87.028,84.45,94.336
18/11/1992,104.344,87.235,84.947,93.938
19/11/1992,105.762,87.261,84.918,94.257
20/11/1992,105.757,87.211,85.069,93.68
23/11/1992,103.767,86.983,85.171,94.332
24/11/1992,102.971,86.947,85.753,94.334
25/11/1992,103.133,86.844,85.84,94.347
26/11/1992,103.133,86.844,85.84,94.347
27/11/1992,102.85,86.817,88.281,94.057
30/11/1992,102.407,86.939,88.007,94.139
01/12/1992,98.654,87.045,87.037,93.983
02/12/1992,98.942,87.215,86.981,94.102
03/12/1992,97.95,87.202,86.485,94.478
04/12/1992,97.723,87.247,86.605,94.027
07/12/1992,98.576,87.378,87.348,93.579
08/12/1992,97.422,87.157,87.737,93.371
09/12/1992,97.943,86.496,87.035,93.931
10/12/1992,100.144,86.735,87.097,94.551
11/12/1992,99.146,86.909,87.109,94.812
14/12/1992,99.024,86.801,87.508,94.817
15/12/1992,99.015,86.692,87.862,94.662
16/12/1992,100.901,87.58,88.036,94.205
17/12/1992,102.335,87.964,88.22,93.94
18/12/1992,102.285,87.628,88.547,94.071
21/12/1992,102.627,86.846,89.426,94.47
22/12/1992,102.055,86.191,89.951,94.788
23/12/1992,103.056,86.343,89.172,94.764
24/12/1992,102.79,86.219,89.819,94.798
25/12/1992,102.79,86.219,89.819,94.798
28/12/1992,101.745,86.229,89.688,94.642
29/12/1992,100.981,85.974,90.011,93.679
30/12/1992,100.924,86.206,90.104,93.399
31/12/1992,100.648,86.196,90.324,93.956
01/01/1993,100.648,86.196,90.324,93.956
04/01/1993,97.758,85.11,92.139,93.394
05/01/1993,99.125,85.506,91.732,93.32
06/01/1993,98.213,85.836,90.969,93.724
07/01/1993,97.737,85.375,90.894,95.014
08/01/1993,97.25,85.568,91.278,94.996
11/01/1993,96.965,85.142,90.769,94.927
12/01/1993,95.311,85.533,87.733,95.775
13/01/1993,95.721,85.306,88.394,96.114
14/01/1993,96.607,85.112,88.178,95.871
15/01/1993,97.51,85.018,87.769,95.647
18/01/1993,97.51,85.018,87.769,95.647
19/01/1993,95.964,85.508,87.936,96.228
20/01/1993,95.252,86.036,87.555,95.912
21/01/1993,96.524,85.833,87.601,95.759
22/01/1993,96.521,85.592,87.519,95.461
25/01/1993,100.398,85.527,87.258,93.638
26/01/1993,100.551,86.008,87.98,93.243
27/01/1993,100.338,85.641,88.193,93.496
28/01/1993,103.454,85.95,88.895,92.62
29/01/1993,102.876,85.565,88.016,92.679
01/02/1993,103.281,85.686,87.87,92.909
02/02/1993,101.268,85.654,87.759,92.701
03/02/1993,101.28,85.391,87.95,92.806
04/02/1993,103.017,85.408,88.501,92.38
05/02/1993,103.42,85.28,88.64,91.731
08/02/1993,103.499,85.386,89.321,91.023
09/02/1993,102.674,85.704,89.12,91.885
10/02/1993,103.341,86.885,88.5,92.901
11/02/1993,103.762,86.669,88.527,92.67
12/02/1993,102.09,85.739,88.122,92.689
15/02/1993,102.09,85.739,88.122,92.689
16/02/1993,101.014,86.536,88.09,93.396
17/02/1993,100.612,85.8,88.381,93.59
18/02/1993,101.354,85.675,88.405,93.439
19/02/1993,102.313,85.139,88.355,93.337
22/02/1993,104.837,84.487,88.225,93.438
23/02/1993,105.192,85.384,87.75,93.638
24/02/1993,105.49,85.023,86.583,93.869
25/02/1993,106.476,84.941,85.887,93.285
26/02/1993,106.268,84.882,85.89,93.545
01/03/1993,105.715,84.84,84.397,94.137
02/03/1993,105.522,85.103,84.039,94.387
03/03/1993,105.376,84.902,84.584,94.291
04/03/1993,107.962,84.89,84.27,94.385
05/03/1993,107.332,85.145,84.668,93.571
08/03/1993,106.838,84.429,84.676,93.141
09/03/1993,107.764,84.476,84.578,92.958
10/03/1993,106.558,84.454,84.663,93.444
11/03/1993,105.705,84.955,85.401,92.963
12/03/1993,106.462,85.129,85.778,93.013
15/03/1993,106.037,85.641,84.634,94.439
16/03/1993,105.791,85.564,84.696,93.99
17/03/1993,106.794,85.445,84.409,94.439
18/03/1993,107.332,86.027,84.887,95.218
19/03/1993,106.477,86.272,85.232,96.277
22/03/1993,104.344,86.459,85.653,95.648
23/03/1993,106.248,86.113,85.39,95.663
24/03/1993,107.618,86.418,84.884,96.231
25/03/1993,108.033,86.641,85.286,95.886
26/03/1993,107.603,86.691,84.423,95.404
29/03/1993,107.928,86.795,84.325,95.503
30/03/1993,107.84,88.685,83.986,95.66
31/03/1993,108.753,88.732,84.127,95.953
01/04/1993,108.798,89.025,84.199,96.263
02/04/1993,109.172,89.806,83.795,96.681
05/04/1993,109.613,89.256,83.512,96.32
06/04/1993,109.035,88.53,82.192,95.348
07/04/1993,109.571,88.691,80.681,95.395
08/04/1993,109.76,88.351,81.414,95.618
09/04/1993,109.76,88.351,81.414,95.618
12/04/1993,111.822,88.517,81.795,95.733
13/04/1993,111.914,88.636,82.334,95.851
14/04/1993,112.218,89.464,81.25,95.36
15/04/1993,111.372,88.564,80.257,95.069
16/04/1993,111.198,89.235,78.833,94.458
19/04/1993,110.828,89.411,78.538,94.637
20/04/1993,111.033,89.45,77.866,95.049
21/04/1993,112.122,89.244,78.369,94.519
22/04/1993,112.014,89.416,78.293,94.89
23/04/1993,112.824,90.843,79.336,94.833
26/04/1993,111.71,92.769,79.603,95.946
27/04/1993,110.8,92.613,79.585,95.885
28/04/1993,111.065,93.657,78.642,95.149
29/04/1993,112.515,95.361,78.247,95.341
30/04/1993,112.278,95.577,79.046,95.989
03/05/1993,111.696,94.584,78.647,95.499
04/05/1993,111.256,94.5,78.226,94.181
05/05/1993,110.665,94.623,78.653,94.589
06/05/1993,110.289,95.549,76.553,95.366
07/05/1993,110.15,94.792,76.781,95.563
10/05/1993,109.473,94.745,77.024,95.099
11/05/1993,109.785,94.732,77.516,95.427
12/05/1993,109.59,96.373,78.335,95.478
13/05/1993,108.121,98.368,78.67,95.219
14/05/1993,107.39,98.059,76.477,95.849
17/05/1993,108.251,97.775,76.31,95.1
18/05/1993,107.63,100.608,76.598,95.728
19/05/1993,107.079,99.72,76.673,94.918
20/05/1993,108.042,99.755,77.284,95.399
21/05/1993,107.152,101.387,77.03,95.982
24/05/1993,105.343,99.828,76.679,94.72
25/05/1993,106.751,101.305,77.098,94.61
26/05/1993,106.478,100.172,77.294,94.718
27/05/1993,107.357,102.2,75.997,93.741
28/05/1993,107.447,101.118,76.27,93.902
31/05/1993,107.447,101.118,76.27,93.902
01/06/1993,108.808,98.047,76.121,91.902
02/06/1993,107.245,97.717,76.795,91.927
03/06/1993,106.028,99.323,78.141,91.717
04/06/1993,105.999,99.672,77.607,91.627
07/06/1993,104.255,98.98,77.526,92.077
08/06/1993,105.488,98.857,77.593,91.791
09/06/1993,105.957,98.033,77.896,91.647
10/06/1993,104.355,97.439,77.512,91.644
11/06/1993,103.909,96.019,77.593,90.836
14/06/1993,103.902,96.036,77.208,90.877
15/06/1993,102.449,97.292,77.499,90.656
16/06/1993,103.606,97.728,77.68,90.373
17/06/1993,103.709,97.919,77.779,92.06
18/06/1993,103.768,97.639,78.883,92.371
21/06/1993,103.438,97.384,79.091,93.074
22/06/1993,102.415,96.961,78.263,93.455
23/06/1993,102.044,98.945,78.488,94.307
24/06/1993,102.631,99.051,78.719,94.123
25/06/1993,102.788,100.08,79.068,93.244
28/06/1993,103.356,99.456,79.158,93.384
29/06/1993,103.384,100.851,79.502,93.501
30/06/1993,102.628,100.751,80.087,95.762
01/07/1993,100.537,103.827,80.225,97.117
02/07/1993,98.506,104.167,80.952,98.428
05/07/1993,98.506,104.167,80.952,98.428
06/07/1993,99.751,106.947,80.008,102.536
07/07/1993,99.07,107.849,80.418,102.62
08/07/1993,97.803,107.118,80.937,101.729
09/07/1993,98.696,106.185,80.563,102.005
12/07/1993,98.91,107.077,79.194,100.29
13/07/1993,99.033,106.88,77.797,100.246
14/07/1993,95.761,105.624,78.541,101.229
15/07/1993,96.338,106.824,78.069,100.674
16/07/1993,94.802,106.681,78.022,102.197
19/07/1993,97.252,106.582,77.74,103.506
20/07/1993,95.521,106.516,77.914,103.153
21/07/1993,96.627,105.388,77.594,102.618
22/07/1993,95.475,106.058,77.669,103.205
23/07/1993,96.159,105.596,78.427,103.223
26/07/1993,97.694,107.005,78.153,101.538
27/07/1993,99.009,106.564,78.701,101.425
28/07/1993,98.622,107.54,78.944,100.444
29/07/1993,98.622,108.691,79.093,100.379
30/07/1993,97.964,111.621,79.209,99.911
02/08/1993,98.288,111.776,79.322,101.753
03/08/1993,97.515,110.824,79.024,102.53
04/08/1993,97.526,109.247,79.153,101.637
05/08/1993,97.039,101.901,78.693,100.215
06/08/1993,95.941,100.41,77.687,100.225
09/08/1993,97.13,102.679,76.858,99.066
10/08/1993,97.34,102.47,76.536,99.5
11/08/1993,99.286,100.887,76.101,99.607
12/08/1993,100.726,98.63,76.585,96.819
13/08/1993,100.926,99.383,76.503,97.194
16/08/1993,100.756,100.964,76.38,97.208
17/08/1993,100.915,100.4,75.866,97.992
18/08/1993,100.137,100.92,75.242,97.973
19/08/1993,100.147,100.015,75.657,98.397
20/08/1993,100.682,101.32,76.185,98.443
23/08/1993,101.119,100.956,76.426,99.751
24/08/1993,100.61,100.65,76.346,99.435
25/08/1993,100.414,100.775,75.533,99.492
26/08/1993,100.968,99.501,75.441,98.504
27/08/1993,102.516,100.25,75.785,99.528
30/08/1993,102.15,101.057,75.841,99.577
31/08/1993,100.324,101.555,75.886,98.49
01/09/1993,99.29,100.332,74.949,97.685
02/09/1993,99.63,98.024,75.967,98.034
03/09/1993,98.763,97.87,75.852,98.208
06/09/1993,98.763,97.87,75.852,98.208
07/09/1993,95.372,93.473,75.529,97.217
08/09/1993,95.408,93.4,75.083,97.708
09/09/1993,95.21,94.076,73.957,98.1
10/09/1993,93.977,92.159,74.15,97.353
13/09/1993,94.436,89.709,73.839,98.529
14/09/1993,94.112,90.547,73.659,97.7
15/09/1993,93.52,91.073,73.496,98.46
16/09/1993,93.009,92.611,73.12,98.459
17/09/1993,94.42,92.109,72.014,99.753
20/09/1993,97.022,92.954,71.174,99.665
21/09/1993,97.291,95.333,71.42,98.574
22/09/1993,95.473,92.706,71.388,99.443
23/09/1993,95.667,94.226,71.104,100.913
24/09/1993,95.284,93.845,71.637,101.061
27/09/1993,95.866,92.702,71.287,99.541
28/09/1993,96.978,93.203,70.235,99.013
29/09/1993,99.945,92.3,70.055,98.333
30/09/1993,100.222,93.063,69.55,98.882
01/10/1993,99.602,92.901,69.877,98.313
04/10/1993,97.871,92.584,69.894,97.126
05/10/1993,97.431,92.695,70.271,96.923
06/10/1993,97.563,94.667,70.321,96.988
07/10/1993,97.351,95.365,70.432,97.235
08/10/1993,97.854,95.776,70.903,97.646
11/10/1993,97.854,95.776,70.903,97.646
12/10/1993,98.549,97.762,70.665,98.289
13/10/1993,98.54,97.427,72.072,98.253
14/10/1993,97.681,96.688,71.69,98.343
15/10/1993,97.008,96.668,72.046,98.469
18/10/1993,96.157,97.785,70.797,99.108
19/10/1993,96.448,97.956,70.486,99.097
20/10/1993,96.62,99.361,70.438,99.206
21/10/1993,96.579,99.097,70.612,100.362
22/10/1993,95.635,98.331,70.365,99.937
25/10/1993,93.836,97.956,70.205,99.952
26/10/1993,93.692,97.782,68.722,99.625
27/10/1993,94.664,98.275,68.858,100.073
28/10/1993,93.884,97.727,69.305,99.671
29/10/1993,92.051,97.491,69.464,100.637
01/11/1993,94.486,95.184,68.747,100.336
02/11/1993,93.196,95.239,69.22,101.113
03/11/1993,94.508,96.838,68.898,101.145
04/11/1993,94.152,98.16,69.785,101.743
05/11/1993,92.785,99.986,70.299,101.925
08/11/1993,91.304,99.519,69.955,100.612
09/11/1993,91.003,99.93,69.834,100.338
10/11/1993,90.342,100.42,70.008,103.821
11/11/1993,90.342,100.42,70.008,103.821
12/11/1993,90.202,99.325,70.181,104.803
15/11/1993,90.667,100.015,69.611,105.838
16/11/1993,90.594,99.853,68.989,105.799
17/11/1993,92.412,100.618,69.19,106.746
18/11/1993,91.364,101.022,69.314,107.076
19/11/1993,91.276,101.531,69.949,107.295
22/11/1993,92.075,101.528,70.149,106.412
23/11/1993,89.869,101.096,69.729,106.493
24/11/1993,89.044,100.943,69.773,106.877
25/11/1993,89.044,100.943,69.773,106.877
26/11/1993,87.086,99.898,69.624,107.618
29/11/1993,84.156,98.252,69.374,107.559
30/11/1993,84.149,98.17,69.738,106.042
01/12/1993,83.691,100.511,70.752,106.669
02/12/1993,81.168,100.104,71.088,107.536
03/12/1993,81.378,101.974,70.899,108.197
06/12/1993,78.581,101.899,71.997,107.892
07/12/1993,79.191,102.765,72.84,108.769
08/12/1993,78.059,104.406,72.751,108.971
09/12/1993,77.752,104.069,73.222,108.524
10/12/1993,79.61,104.587,75.029,108.946
13/12/1993,77.497,105.991,76.293,107.934
14/12/1993,78.251,105.736,74.283,108.946
15/12/1993,77.805,105.819,73.352,108.823
16/12/1993,77.601,105.035,73.724,109.033
17/12/1993,76.739,105.336,74.396,109.613
20/12/1993,76.584,106.309,75.084,109.088
21/12/1993,75.323,105.743,75.138,109.202
22/12/1993,76.617,105.185,75.028,110.06
23/12/1993,76.31,105.137,75.198,110.217
24/12/1993,76.31,105.137,75.198,110.217
27/12/1993,76.129,105.958,75.375,110.963
28/12/1993,75.87,105.757,75.457,111.074
29/12/1993,76.862,106.596,76.107,111.186
30/12/1993,75.598,106.438,76.429,111.159
31/12/1993,75.85,106.795,75.839,111.159
03/01/1994,76.603,107.873,74.997,111.175
04/01/1994,77.424,107.824,74.753,110.666
05/01/1994,80.666,106.318,75.363,110.973
06/01/1994,80.836,106.3,74.963,111.58
07/01/1994,80.968,105.03,74.782,111.181
10/01/1994,78.62,105.017,76.31,110.05
11/01/1994,79.968,106.062,76.322,110.431
12/01/1994,78.352,105.511,76.866,110.885
13/01/1994,78.554,106.881,77.506,112.956
14/01/1994,80.258,106.969,79.228,113.024
17/01/1994,80.258,106.969,79.228,113.024
18/01/1994,79.899,108.343,80.39,111.567
19/01/1994,80.405,108.177,80.281,110.282
20/01/1994,79.639,106.83,79.851,110.299
21/01/1994,80.089,104.714,79.553,110.323
24/01/1994,81.843,104.7,79.637,111.175
25/01/1994,81.762,104.641,80,111.01
26/01/1994,83.977,105.446,80.991,110.769
27/01/1994,84.184,103.113,80.998,110.317
28/01/1994,84.669,103.26,80.295,109.389
31/01/1994,84.285,104.857,80.493,109.7
01/02/1994,88.129,106.264,82.662,109.283
02/02/1994,88.86,106.675,83.794,109.281
03/02/1994,86.614,107.955,83.969,109.818
04/02/1994,85.366,107.526,83.35,109.673
07/02/1994,83.522,104.972,83.202,109.346
08/02/1994,84.156,105.82,81.9,109.556
09/02/1994,81.758,106.523,81.555,110.326
10/02/1994,81.796,106.055,80.885,110.471
11/02/1994,82.33,105.298,79.965,110.921
14/02/1994,80.189,106.649,79.714,110.958
15/02/1994,80.126,106.122,80.468,109.968
16/02/1994,79.759,106.198,81.55,110.085
17/02/1994,80.225,105.737,83.031,109.501
18/02/1994,80.152,104.892,82.181,110.089
21/02/1994,80.152,104.892,82.181,110.089
22/02/1994,80.946,104.687,82.258,110.361
23/02/1994,80.577,104.733,81.821,110.847
24/02/1994,82.296,104.154,82.508,110.723
25/02/1994,81.758,104.891,81.847,110.284
28/02/1994,80.759,106.199,81.948,110.008
01/03/1994,81.511,105.105,81.449,110.106
02/03/1994,81.583,105.029,81.01,109.328
03/03/1994,81.417,104.716,81.203,108.142
04/03/1994,80.951,104.773,82.373,108.87
07/03/1994,79.075,104.1,81.287,109.227
08/03/1994,79.176,104.431,81.12,108.441
09/03/1994,79.344,105.526,81.001,108.923
10/03/1994,79.051,107.604,81.388,108.946
11/03/1994,80.028,107.107,82.963,108.996
14/03/1994,79.929,107.751,82.613,110.702
15/03/1994,81.533,107.928,83.234,110.463
16/03/1994,82.614,107.045,84.456,111.411
17/03/1994,81.477,106.404,84.481,110.87
18/03/1994,81.465,107.66,85.066,110.94
21/03/1994,82.698,107.468,83.748,110.491
22/03/1994,82.726,109.176,83.915,110.239
23/03/1994,81.737,108.957,84.07,111.211
24/03/1994,81.862,110.408,83.241,111.243
25/03/1994,82.28,110.607,83.974,110.464
28/03/1994,77.641,109.431,83.953,110.361
29/03/1994,78.82,108.798,83.185,109.813
30/03/1994,79.305,108.728,81.51,110.045
31/03/1994,81.572,110.7,81.437,109.037
01/04/1994,81.572,110.7,81.437,109.037
04/04/1994,86.014,108.519,81.913,106.887
05/04/1994,85.158,107.923,81.531,106.315
06/04/1994,85.394,107.747,80.758,107.802
07/04/1994,84.373,107.251,81.219,107.61
08/04/1994,84.195,107.507,81.322,107.164
11/04/1994,85.441,104.958,81.813,106.046
12/04/1994,84.938,105.301,81.861,106.674
13/04/1994,85.671,105.292,81.695,106.954
14/04/1994,86.95,105.366,81.357,106.254
15/04/1994,88.476,104.766,81.362,105.664
18/04/1994,88.175,104.793,81.003,106.134
19/04/1994,86.748,103.45,80.8,105.727
20/04/1994,87.271,103.85,80.27,106.104
21/04/1994,88.28,103.881,80.687,106.612
22/04/1994,90.142,102.598,81.229,106.313
25/04/1994,90.701,103.356,81.334,107.106
26/04/1994,89.295,103.71,81.137,107.109
27/04/1994,88.497,104.051,81.947,107.886
28/04/1994,87.688,104.412,82.975,108.649
29/04/1994,88.822,105.194,82.982,109.819
02/05/1994,89.268,104.914,83.661,109.663
03/05/1994,88.093,104.438,84.32,109.424
04/05/1994,88.069,104.253,84.326,110.132
05/05/1994,89.39,103.268,84.369,109.556
06/05/1994,90.605,107.12,85.947,110.712
09/05/1994,90.668,106.55,86.907,110.72
10/05/1994,90.137,105.324,85.999,110.737
11/05/1994,90.18,106.811,86.81,111.199
12/05/1994,91.338,106.014,87.03,112.05
13/05/1994,91.444,106.397,89.764,112.504
16/05/1994,90.72,107.831,90.382,115.491
17/05/1994,89.808,107.191,91.873,114.592
18/05/1994,91.268,107.506,91.856,116.67
19/05/1994,92.181,107.176,91.487,117.366
20/05/1994,92.949,108.736,90.8,117.733
23/05/1994,92.207,110.255,93.435,122.259
24/05/1994,91.274,108.794,92.585,118.298
25/05/1994,90.367,108.329,91.118,116.178
26/05/1994,90.561,107.28,90.176,113.995
27/05/1994,91.612,107.446,90.469,114.572
30/05/1994,91.612,107.446,90.469,114.572
31/05/1994,93.545,108.383,90.962,118.36
01/06/1994,93.165,106.501,89.088,117.999
02/06/1994,93.516,106.816,89.723,118.52
03/06/1994,92.889,105.67,90.713,116.743
06/06/1994,92.608,105.384,90.134,113.624
07/06/1994,91.219,105.748,92.449,114.7
08/06/1994,93.245,106.189,93.591,116.308
09/06/1994,93.898,106.554,94.107,115.924
10/06/1994,93.572,106.616,94.453,116.921
13/06/1994,94.348,106.719,95.851,119.854
14/06/1994,94.999,106.928,95.686,119.697
15/06/1994,98.698,108.22,95.301,121.421
16/06/1994,98.298,107.577,96.281,120.439
17/06/1994,100.557,109.58,98.361,121.577
20/06/1994,100.278,108.375,97.495,117.393
21/06/1994,98.897,110.147,97.28,116.911
22/06/1994,98.376,107.891,97.907,114.08
23/06/1994,98.912,107.994,98.185,113.84
24/06/1994,98.711,108.372,97.582,113.857
27/06/1994,97.631,106.223,96.502,116.339
28/06/1994,98.77,106.798,93.511,120.39
29/06/1994,97.139,106.264,94.35,120.587
30/06/1994,98.84,107.218,95.196,120.641
01/07/1994,99.399,107.533,97.245,119.926
04/07/1994,99.399,107.533,97.245,119.926
05/07/1994,99.002,106.849,97.625,115.773
06/07/1994,97.463,105.884,96.782,116.666
07/07/1994,96.524,105.974,96.492,116.519
08/07/1994,97.558,106.123,96.91,117.105
11/07/1994,99.598,107.048,97.552,123.135
12/07/1994,100.677,106.331,97.582,124.106
13/07/1994,100.16,105.226,97.786,124.398
14/07/1994,100.509,105.538,98.8,122.712
15/07/1994,99.423,106.356,99.019,124.083
18/07/1994,98.078,106.339,98.588,124.944
19/07/1994,98.807,106.951,100.205,122.912
20/07/1994,98.499,106.482,99.855,120.318
21/07/1994,98.943,105.895,99.214,120.948
22/07/1994,99.862,106.186,98.303,119.958
25/07/1994,98.872,106.379,99.058,118.98
26/07/1994,98.445,106.923,96.634,119.238
27/07/1994,99.308,107.345,95.571,119.308
28/07/1994,100.506,106.683,95.623,118.249
29/07/1994,103.229,106.193,96.449,118.526
01/08/1994,104.559,106.218,95.421,119.15
02/08/1994,102.628,104.577,95.527,119.42
03/08/1994,102.025,104.204,94.091,118.477
04/08/1994,101.989,104.176,94.093,118.097
05/08/1994,97.943,104.021,93.489,118.071
08/08/1994,98.296,103.709,94.491,114.71
09/08/1994,98.694,103.985,93.505,115.143
10/08/1994,98.124,103.98,94.299,114.8
11/08/1994,96.7,104.605,95.168,116.087
12/08/1994,94.645,103.362,94.471,115.421
15/08/1994,95.16,103.586,93.834,116.713
16/08/1994,94.207,103.905,93.559,117.11
17/08/1994,95.816,103.861,94.319,115.815
18/08/1994,93.892,104.835,94.747,116.601
19/08/1994,92.416,105.349,94.262,116.509
22/08/1994,89.996,105.344,93.628,116.59
23/08/1994,90.476,105.284,94.421,117.971
24/08/1994,91.92,105.97,95.942,117.997
25/08/1994,91.668,105.858,95.803,118.493
26/08/1994,90.555,105.607,96.875,120.331
29/08/1994,92.365,107.663,97.48,120.6
30/08/1994,91.334,107.134,97.945,120.2
31/08/1994,91.571,107.568,99.793,120.396
01/09/1994,91.351,107.579,99.754,120.768
02/09/1994,91.484,107.565,99.596,120.579
05/09/1994,91.484,107.565,99.596,120.579
06/09/1994,92.126,108.054,99.676,122.163
07/09/1994,92.967,108.68,100.036,122.851
08/09/1994,92.68,108.428,100.006,122.305
09/09/1994,92.148,108.966,100.419,122.591
12/09/1994,92.005,108.658,101.817,124.133
13/09/1994,90.254,108.536,100.95,123.936
14/09/1994,88.508,108.019,101.183,122.078
15/09/1994,88.102,107.535,100.587,120.663
16/09/1994,88.723,108.111,102.484,121.487
19/09/1994,90.456,108.106,102.253,121.981
20/09/1994,89.757,110.004,102.69,122.763
21/09/1994,88.905,110.088,102.568,122.765
22/09/1994,90.504,110.761,102.637,122.291
23/09/1994,90.629,110.921,103.539,123.091
26/09/1994,89.429,110.217,102.926,122.463
27/09/1994,88.89,111.444,103.021,121.098
28/09/1994,89.686,110.137,103.345,119.792
29/09/1994,91.343,110.511,102.062,119.8
30/09/1994,92.731,110.149,100.503,118.892
03/10/1994,91.917,110.532,101.457,119.284
04/10/1994,91.435,109.74,102.398,119.622
05/10/1994,90.945,109.728,102.991,119.504
06/10/1994,91.946,109.799,103.708,118.062
07/10/1994,92.067,109.456,103.04,116.159
10/10/1994,92.067,109.456,103.04,116.159
11/10/1994,90.317,108.13,102.519,115.477
12/10/1994,88.15,108.134,103.301,116.668
13/10/1994,87.979,106.997,102.996,116.621
14/10/1994,87.654,107.294,103.874,116.882
17/10/1994,88.259,108.026,103.966,119.249
18/10/1994,88.362,107.574,104.873,117.953
19/10/1994,88.512,107.918,107.111,118.648
20/10/1994,89.443,108.303,107.536,119.965
21/10/1994,88.509,107.574,106.782,118.528
24/10/1994,89.381,107.446,106.922,119.709
25/10/1994,89.689,107.293,108.31,119.12
26/10/1994,91.063,107.81,111.251,118.788
27/10/1994,91.244,107.875,112.439,119.124
28/10/1994,91.287,107.128,112.012,118.398
31/10/1994,90.994,105.817,111.446,117.397
01/11/1994,92.667,106.181,114.381,117.354
02/11/1994,93.091,106.393,114.821,117.119
03/11/1994,92.902,105.911,114.459,117.251
04/11/1994,92.542,105.837,115.288,117.86
07/11/1994,90.429,105.274,113.653,118.417
08/11/1994,91.421,105.699,113.933,119.287
09/11/1994,90.264,105.022,112.735,118.995
10/11/1994,90.333,105.645,113.041,118.614
11/11/1994,90.333,105.645,113.041,118.614
14/11/1994,87.967,105.591,115.929,117.526
15/11/1994,88.468,106.279,116.271,117.32
16/11/1994,86.665,106.274,119.039,117.432
17/11/1994,87.339,106.192,118.987,117.459
18/11/1994,87.331,105.366,119.843,117.01
21/11/1994,87.307,105.298,120.627,115.575
22/11/1994,88.797,105.303,119.374,115.991
23/11/1994,90.353,105.452,118.35,115.329
24/11/1994,90.353,105.452,118.35,115.329
25/11/1994,90.305,105.255,117.31,116.171
28/11/1994,90.234,104.963,115.851,116.952
29/11/1994,89.087,104.524,119.045,115.671
30/11/1994,88.373,103.313,121.003,115.386
01/12/1994,87.049,102.962,122.186,115.418
02/12/1994,83.231,101.055,123.454,116.22
05/12/1994,83.174,100.399,120.728,116.727
06/12/1994,83.583,100.738,120.173,116.856
07/12/1994,84.254,100.71,119.58,117.353
08/12/1994,86.035,101.063,121.933,117.461
09/12/1994,86.221,101.293,121.085,117.137
12/12/1994,85.363,101.829,119.668,117.541
13/12/1994,84.612,101.629,118.95,115.669
14/12/1994,85.228,102.024,120.733,114.712
15/12/1994,84.418,102.46,122.352,116.152
16/12/1994,84.091,102.067,123.031,117.771
19/12/1994,83.545,102.156,121.51,117.315
20/12/1994,83.89,102.949,121.418,118.145
21/12/1994,83.985,102.741,122.583,119.814
22/12/1994,84.13,102.395,123.198,120.152
23/12/1994,84.293,102.277,122.736,121.382
26/12/1994,84.293,102.277,122.736,121.382
27/12/1994,86.575,102.652,124.342,121.901
28/12/1994,87.417,103.66,125.692,121.809
29/12/1994,87.24,103.279,126.057,121.306
30/12/1994,87.814,103.442,126.387,120.36
02/01/1995,87.814,103.442,126.387,120.36
03/01/1995,86.137,101.917,125.578,119.518
04/01/1995,86.043,100.099,124.09,120.51
05/01/1995,86.52,100.937,126.333,120.988
06/01/1995,85.758,99.629,127.623,121.293
09/01/1995,84.495,100.248,128.974,119.818
10/01/1995,84.092,100.447,129.018,120.092
11/01/1995,85.183,101.185,127.963,119.823
12/01/1995,84.736,102.761,129.123,120.21
13/01/1995,83.625,102.12,129.352,119.107
16/01/1995,83.625,102.12,129.352,119.107
17/01/1995,87.583,102.747,130.641,119.826
18/01/1995,87.925,103.266,131.681,119.955
19/01/1995,87.164,103.472,133.858,119.555
20/01/1995,87.691,103.916,134.235,119.471
23/01/1995,85.961,102.615,133.758,119.459
24/01/1995,86.923,102.792,134.775,119.275
25/01/1995,86.46,102.313,132.213,119.092
26/01/1995,86.302,102.436,132.63,119.102
27/01/1995,85.457,100.751,131.587,118.844
30/01/1995,85.863,101.153,130.411,118.215
31/01/1995,86.618,100.437,130.498,117.878
01/02/1995,87.49,100.687,127.467,117.695
02/02/1995,88.002,101.035,128.574,118.761
03/02/1995,89.699,100.75,126.095,117.878
06/02/1995,89.742,100.904,123.443,117.907
07/02/1995,88.234,100.467,120.76,117.583
08/02/1995,87.499,101.008,117.434,117.917
09/02/1995,87.728,101.359,119.959,118.537
10/02/1995,88.19,101.306,121.296,119.614
13/02/1995,87.065,101.065,120.155,119.524
14/02/1995,87.528,101.359,119.964,120.522
15/02/1995,87.513,101.25,119.603,120.459
16/02/1995,88.063,101.254,121.013,120.252
17/02/1995,88.857,101.932,120.939,120.595
20/02/1995,88.857,101.932,120.939,120.595
21/02/1995,88.722,101.803,121.706,121.051
22/02/1995,89.084,102.588,120.029,121.178
23/02/1995,88.483,102.314,119.451,121.335
24/02/1995,89.257,100.706,119.757,122.001
27/02/1995,88.818,99.877,118.948,122.153
28/02/1995,88.782,100.102,115.375,121.858
01/03/1995,87.726,98.846,116.571,122.679
02/03/1995,87.46,99.327,118.233,122.174
03/03/1995,88.153,99.171,121.12,122.063
06/03/1995,87.985,100.183,119.038,123.694
07/03/1995,88.274,102.365,118.528,124.367
08/03/1995,87.357,100.711,120.042,123.99
09/03/1995,86.574,101.405,120.122,123.94
10/03/1995,86.093,101.451,119.889,123.835
13/03/1995,87.082,102.844,120.525,124.409
14/03/1995,86.178,102.864,120.089,123.983
15/03/1995,87.476,103.231,118.46,124.408
16/03/1995,88.744,102.912,118.139,123.15
17/03/1995,88.969,102.491,118.309,123.479
20/03/1995,89.637,102.206,117.742,123.558
21/03/1995,89.403,101.5,118.188,123.053
22/03/1995,92,102.026,122.042,123.175
23/03/1995,91.966,102.308,122.433,122.62
24/03/1995,91.153,101.538,122.94,122.263
27/03/1995,92.494,101.567,122.296,122.112
28/03/1995,92.276,102.539,121.808,122.021
29/03/1995,93.057,102.569,120.83,121.353
30/03/1995,93.217,106.085,122.272,121.01
31/03/1995,93.094,107.635,122.021,121.319
03/04/1995,92.51,107.74,123.384,122.07
04/04/1995,93.476,107.777,123.73,122.323
05/04/1995,94.544,108.854,123.553,122.689
06/04/1995,95.614,108.829,122.256,122.671
07/04/1995,95.26,108.523,122.735,123.165
10/04/1995,94.82,107.145,122.218,123.446
11/04/1995,96.028,107.779,121.683,124.378
12/04/1995,95.006,107.699,121.519,123.993
13/04/1995,93.727,107.923,120.662,122.28
14/04/1995,93.727,107.923,120.662,122.28
17/04/1995,96.471,110.89,120.932,121.661
18/04/1995,96.999,112.025,121.33,121.708
19/04/1995,97.194,111.553,118.744,121.967
20/04/1995,97.293,110.41,119.136,122.886
21/04/1995,97.613,109.984,121.318,122.917
24/04/1995,96.788,110.009,120.079,123.558
25/04/1995,97.352,110.19,117.177,123.61
26/04/1995,96.837,108.478,116.797,123.164
27/04/1995,97.849,109.913,118.203,123.183
28/04/1995,97.8,109.516,118.091,123.503
01/05/1995,98.616,110.609,116.029,124.941
02/05/1995,97.271,111.066,116.14,124.738
03/05/1995,96.546,111.603,116.584,124.305
04/05/1995,97.967,112.781,114.648,123.569
05/05/1995,98.274,112.287,114.282,122.049
08/05/1995,98.344,111.78,114.259,121.872
09/05/1995,96.179,107.229,114.504,122.084
10/05/1995,96.917,106.892,114.148,122.547
11/05/1995,95.662,106.446,115.399,121.894
12/05/1995,96.246,106.322,115.378,122.549
15/05/1995,98.305,107.215,115.219,121.826
16/05/1995,99.075,107.152,116.245,122.346
17/05/1995,98.688,106.618,115.541,122.36
18/05/1995,99.452,106.647,115.917,124.121
19/05/1995,99.65,106.362,116.404,123.507
22/05/1995,99.535,105.85,116.896,125.662
23/05/1995,99.663,106.757,119.602,126.256
24/05/1995,98.022,107.609,120.353,126.491
25/05/1995,97.471,107.5,120.057,126.693
26/05/1995,94.721,107.56,120.432,128.25
29/05/1995,94.721,107.56,120.432,128.25
30/05/1995,94.58,106.357,120.189,125.396
31/05/1995,94.862,106.408,120.634,125.378
01/06/1995,95.054,106.894,122.361,127.229
02/06/1995,95.63,105.901,121.678,126.985
05/06/1995,96.49,106.696,120.957,126.084
06/06/1995,95.337,106.518,119.787,126.6
07/06/1995,95.641,107.207,120.865,125.963
08/06/1995,94.871,107.011,119.902,127.073
09/06/1995,94.499,108.006,121.464,126.215
12/06/1995,94.989,107.55,121.347,124.752
13/06/1995,95.04,107.256,119.989,125.601
14/06/1995,95.622,107.259,120.74,126.926
15/06/1995,94.609,108.69,122.705,127.966
16/06/1995,93.343,108.296,123.429,127.256
19/06/1995,91.065,109.156,122.551,130.097
20/06/1995,90.894,108.856,123.83,130.234
21/06/1995,88.808,108.475,124.978,131.022
22/06/1995,88.967,107.889,127.723,130.555
23/06/1995,88.254,107.926,126.621,130.829
26/06/1995,88.878,107.723,125.934,127.457
27/06/1995,89.667,107.513,124.121,126.912
28/06/1995,90.113,106.547,124.51,128.5
29/06/1995,88.503,107.044,125.438,127.999
30/06/1995,88,104.686,125.231,127.287
03/07/1995,87.336,104.75,126.116,128.46
04/07/1995,87.336,104.75,126.116,128.46
05/07/1995,86.905,104.781,125.044,128.402
06/07/1995,87.547,104.949,124.881,129.02
07/07/1995,86.568,105.772,125.721,127.767
10/07/1995,88.17,105.679,126.755,128.051
11/07/1995,87.413,105.744,128.318,128.918
12/07/1995,87.951,107.092,130.415,129.372
13/07/1995,86.628,106.653,129.355,129.412
14/07/1995,87.021,106.844,130.552,130.897
17/07/1995,86.442,107.693,130.249,133.721
18/07/1995,87.219,107.566,129.562,133.238
19/07/1995,86.681,106.462,127.583,131.303
20/07/1995,85.368,105.686,126.709,131.856
21/07/1995,85.196,106.115,125.382,134.503
24/07/1995,85.424,106.225,125.89,134.005
25/07/1995,85.643,105.862,125.862,133.855
26/07/1995,88.185,106.079,126.33,134.198
27/07/1995,88.492,105.105,126.674,132.635
28/07/1995,88.627,104.731,127.077,132.407
31/07/1995,90.132,104.408,127.295,130.162
01/08/1995,89.136,105.173,126.7,129.966
02/08/1995,89.227,104.916,129.839,128.447
03/08/1995,88.98,105.532,130.663,128.775
04/08/1995,89.197,105.339,130.57,127.45
07/08/1995,89.383,105.614,129.587,126.987
08/08/1995,89.846,106.096,128.218,128.623
09/08/1995,90.459,106.112,128.552,128.245
10/08/1995,90.59,106.197,128.564,128.097
11/08/1995,90.245,105.674,128.842,128.55
14/08/1995,89.368,106.701,128.764,129.33
15/08/1995,89.138,106.888,130.382,128.747
16/08/1995,89.244,106.487,131.889,128.332
17/08/1995,89.612,107.982,132.567,128.824
18/08/1995,90.079,108.853,132.529,129.756
21/08/1995,91.514,109.452,131.149,132.051
22/08/1995,91.444,108.354,131.013,132.085
23/08/1995,91.98,108.33,131.096,131.98
24/08/1995,91.671,108.112,132.137,131.666
25/08/1995,91.497,108.025,130.845,132.33
28/08/1995,90.969,108.196,130.725,133.345
29/08/1995,91.352,107.489,128.817,132.734
30/08/1995,91.509,105.586,125.696,132.637
31/08/1995,92.552,106.266,125.326,134.283
01/09/1995,93.434,105.621,124.792,135.023
04/09/1995,93.434,105.621,124.792,135.023
05/09/1995,95.061,105.024,124.402,134.335
06/09/1995,93.805,105.665,125.74,133.639
07/09/1995,93.063,106.721,125.408,134.221
08/09/1995,93.868,106.224,124.569,133.965
11/09/1995,94.065,107.233,125.334,133.341
12/09/1995,94.683,107.877,124.327,134.28
13/09/1995,94.629,107.054,122.86,133.926
14/09/1995,95.045,107.864,122.524,134.658
15/09/1995,95.028,107.542,123.494,135.861
18/09/1995,94.809,108.149,123.245,139.73
19/09/1995,94.608,107.828,124.318,138.399
20/09/1995,92.802,107.07,124.405,138.764
21/09/1995,90.964,107.6,126.878,140.508
22/09/1995,89.752,106.809,126.41,138.173
25/09/1995,91.026,106.955,125.983,136.577
26/09/1995,90.506,107.317,126.597,137.015
27/09/1995,91.139,107.134,124.637,136.877
28/09/1995,92.117,107.387,124.978,137.547
29/09/1995,91.178,107.227,125.045,138.395
02/10/1995,93.124,105.871,123.558,138.025
03/10/1995,91.87,105.945,123.111,137.742
04/10/1995,90.969,106.263,123.934,138.051
05/10/1995,88.781,105.969,122.305,137.465
06/10/1995,89.405,106.572,122.092,136.928
09/10/1995,89.405,106.572,122.092,136.928
10/10/1995,90.797,107.379,118.211,138.719
11/10/1995,90.283,107.326,118.565,140.079
12/10/1995,89.603,106.979,119.943,139.243
13/10/1995,90.643,106.892,119.961,140.04
16/10/1995,90.398,106.656,119.535,141.315
17/10/1995,90.329,106.622,117.791,140.021
18/10/1995,89.926,106.679,116.249,141.041
19/10/1995,89.046,106.092,118.436,142.883
20/10/1995,89.692,106.397,117.073,143.573
23/10/1995,90.174,106.415,118.603,142.864
24/10/1995,90.25,106.461,118.892,142.403
25/10/1995,90.224,107.042,119.713,142.461
26/10/1995,91.379,106.927,120.927,142.453
27/10/1995,91.429,106.163,119.996,142.146
30/10/1995,91.847,106.332,119.877,142.601
31/10/1995,92.046,106.547,121.294,143.285
01/11/1995,92.313,106.204,123.567,144.44
02/11/1995,93.368,106.437,126.176,144.113
03/11/1995,93.019,106.082,125.985,143.324
06/11/1995,92.081,106.006,125.365,144.526
07/11/1995,91.984,107.143,125.531,144.343
08/11/1995,92.91,107.018,124.093,144.103
09/11/1995,92.824,107.442,124.254,142.639
10/11/1995,93.288,108.375,125.17,143.282
13/11/1995,93.247,107.2,123.966,142.316
14/11/1995,93.075,106.946,123.453,141.827
15/11/1995,93.531,106.886,122.274,141.689
16/11/1995,94.864,106.81,123.303,142.346
17/11/1995,96.52,107.35,123.13,143.129
20/11/1995,96.471,107.268,124.343,142.152
21/11/1995,96.087,106.562,124.527,141.579
22/11/1995,96.803,105.191,124.672,142.343
23/11/1995,96.803,105.191,124.672,142.343
24/11/1995,97.414,105.51,125.135,142.277
27/11/1995,98.322,105.996,124.789,141.52
28/11/1995,97.475,106.623,123.647,141.031
29/11/1995,97.19,106.312,123.644,142.364
30/11/1995,96.636,106.519,123.237,142.295
01/12/1995,97.923,106.152,122.871,142.792
04/12/1995,99.573,106.15,122.087,142.775
05/12/1995,100.915,106.679,121.597,144.412
06/12/1995,101.141,107.141,120.295,144.443
07/12/1995,101.302,107.025,122.014,144.226
08/12/1995,102.506,107.152,121.888,145.438
11/12/1995,101.766,106.889,123.171,146.225
12/12/1995,102.465,106.53,122.131,146.015
13/12/1995,103.869,105.846,123.297,146.861
14/12/1995,104.473,105.85,125.512,147.12
15/12/1995,104.956,105.924,123.577,146.572
18/12/1995,106.344,106.377,122.838,147.503
19/12/1995,107.37,106.158,122.711,148.088
20/12/1995,108.258,106.539,123.111,147.048
21/12/1995,108.268,106.338,122.957,145.928
22/12/1995,107.133,106.319,122.462,147.385
25/12/1995,107.133,106.319,122.462,147.385
26/12/1995,107.841,106.489,122.464,147.677
27/12/1995,110.591,106.221,122.472,147.242
28/12/1995,108.228,106.225,122.039,147.766
29/12/1995,109.188,106.513,121.396,149.251
01/01/1996,109.188,106.513,121.396,149.251
02/01/1996,111.29,108.427,119.291,150.453
03/01/1996,112.196,109.251,118.163,151.308
04/01/1996,112.422,109.254,116.325,150.255
05/01/1996,114.312,110.34,118.151,149.314
08/01/1996,114.451,110.477,116.795,146.584
09/01/1996,114.478,110.524,115.65,148.443
10/01/1996,112.853,111.557,116.823,148.19
11/01/1996,107.916,110.858,117.534,147.28
12/01/1996,104.421,109.968,115.307,148.783
15/01/1996,104.421,109.968,115.307,148.783
16/01/1996,101.397,110.583,114.991,146.415
17/01/1996,104.048,110.995,115.029,146.546
18/01/1996,105.109,110.263,117.43,147.36
19/01/1996,104.042,110.812,116.004,148.707
22/01/1996,103.424,112.36,115.157,148.105
23/01/1996,103.638,112.342,117.252,149.129
24/01/1996,104.558,112.027,118.224,149.3
25/01/1996,101.162,113.027,116.389,149.213
26/01/1996,102.494,112.657,115.486,150.991
29/01/1996,103.239,112.744,115.264,153.334
30/01/1996,105.426,112.503,117.543,153.741
31/01/1996,107.851,112.959,118.23,154.513
01/02/1996,106.565,115.183,120.772,154.146
02/02/1996,107.097,116.25,120.231,154.132
05/02/1996,102.839,115.799,119.465,152.145
06/02/1996,105.63,115.341,118.951,152.401
07/02/1996,106.566,114.339,120.219,151.328
08/02/1996,106.67,114.471,120.072,151.952
09/02/1996,107.455,113.41,120.107,152.619
12/02/1996,107.745,112.578,119.836,152.306
13/02/1996,112.318,113.227,117.881,153.36
14/02/1996,112.418,113.622,118.196,155.19
15/02/1996,111.978,112.963,118.312,155.278
16/02/1996,111.148,113.773,118.038,155.2
19/02/1996,111.148,113.773,118.038,155.2
20/02/1996,114.705,111.468,118.265,154.84
21/02/1996,116.747,112.343,118.293,154.432
22/02/1996,117.307,111.543,119.038,153.479
23/02/1996,114.032,110.826,119.076,153.624
26/02/1996,116.019,111.157,117.784,154.789
27/02/1996,116.816,110.826,118.066,154.287
28/02/1996,115.167,111.515,116.888,154.615
29/02/1996,115.798,111.407,118.38,154.347
01/03/1996,114.745,111.195,119.495,152.916
04/03/1996,113.517,109.546,119.961,152.131
05/03/1996,114.419,109.288,119.087,151.453
06/03/1996,116.499,109.359,119.07,151.533
07/03/1996,115.844,110.046,119.626,152.797
08/03/1996,115.348,110.807,122.177,152.222
11/03/1996,117.287,110.571,121.497,153.043
12/03/1996,118.926,111.154,122.603,152.606
13/03/1996,120.104,111.419,122.007,152.961
14/03/1996,121,110.998,120.709,153.783
15/03/1996,122.83,111.178,121.02,152.504
18/03/1996,127.068,110.867,121.346,153.592
19/03/1996,127.732,110.653,121.337,152.45
20/03/1996,128.179,111.014,121.768,153.29
21/03/1996,129.318,111.691,122.419,153.43
22/03/1996,132.913,111.859,121.032,154.542
25/03/1996,134.665,111.927,121.237,155.321
26/03/1996,133.186,112.58,122.058,156.822
27/03/1996,132.556,112.434,121.58,156.938
28/03/1996,130.465,110.875,121.874,156.619
29/03/1996,130.941,110.688,121.849,157.735
01/04/1996,133.856,110.651,120.318,159.461
02/04/1996,136.709,110.261,119.04,159.257
03/04/1996,134.77,110.344,118.472,161.687
04/04/1996,137.432,110.026,118.834,162.214
05/04/1996,137.432,110.026,118.834,162.214
08/04/1996,139.317,111.442,118.9,163.889
09/04/1996,139.903,110.184,118.655,163.604
10/04/1996,144.214,110.423,119.9,167.022
11/04/1996,147.622,110.998,121.91,167.382
12/04/1996,143.985,110.525,121.943,168.799
15/04/1996,145.358,110.038,120.543,168.084
16/04/1996,141.18,108.567,120.505,164.898
17/04/1996,140.211,108.568,120.657,166.3
18/04/1996,138.962,108.242,120.855,170.293
19/04/1996,139.92,108.265,122.046,169.168
22/04/1996,142.569,108.874,121.791,174.037
23/04/1996,146.482,108.804,121.822,175.113
24/04/1996,145.256,108.537,122.31,176.016
25/04/1996,144.779,109.484,122.804,178.289
26/04/1996,145.322,108.286,122.738,177.629
29/04/1996,146.292,108.114,122.396,173.385
30/04/1996,142.282,108.774,121.566,170.609
01/05/1996,140.303,109.551,122.936,175.363
02/05/1996,139.821,109.698,122.892,172.907
03/05/1996,140.886,109.678,124.401,172.842
06/05/1996,140.681,110.157,124.037,172.526
07/05/1996,141.595,110.334,126.278,174.41
08/05/1996,141.751,109.874,127.262,177.326
09/05/1996,141.268,109.727,126.488,177.29
10/05/1996,142.452,108.837,126.198,175.807
13/05/1996,144.318,109.151,126.499,176.871
14/05/1996,144.093,109.254,125.112,176.794
15/05/1996,143.801,109.476,124.578,176.337
16/05/1996,139.893,109.313,124.603,178.31
17/05/1996,138.372,109.003,120.317,178.887
20/05/1996,145.824,108.34,117.118,176.991
21/05/1996,144.171,108.505,117.357,175.598
22/05/1996,147.736,108.954,118.333,173.357
23/05/1996,146.864,108.884,118.544,174.257
24/05/1996,147.657,108.672,117.709,174.232
27/05/1996,147.657,108.672,117.709,174.232
28/05/1996,146.626,109.031,118.256,171.728
29/05/1996,145.251,108.837,119.916,167.895
30/05/1996,140.437,108.817,119.638,168.622
31/05/1996,139.369,109.253,119.014,169.705
03/06/1996,139.905,109.009,118.075,166.609
04/06/1996,142.349,107.359,116.245,164.623
05/06/1996,139.211,106.825,111.531,162.737
06/06/1996,140.62,106.968,111.727,164.369
07/06/1996,142.384,106.699,113.87,167.192
10/06/1996,142.333,106.946,114.229,170.249
11/06/1996,141.72,106.201,110.584,168.842
12/06/1996,141.407,106.14,112.207,168.441
13/06/1996,141.763,105.868,112.299,167.733
14/06/1996,143.257,106.694,107.86,166.078
17/06/1996,148.633,106.843,107.373,165.909
18/06/1996,146.9,106.903,108.473,168.95
19/06/1996,144.818,106.322,109.738,167.253
20/06/1996,146.298,106.354,108.136,166.728
21/06/1996,146.07,106.389,106.376,168.016
24/06/1996,145.759,106.567,105.615,168.176
25/06/1996,145.039,106.426,103.419,167.829
26/06/1996,148.044,105.739,105.558,166.432
27/06/1996,150.789,105.137,106.827,165.313
28/06/1996,151.674,104.725,107.347,167.255
01/07/1996,153.542,105.257,105.62,170.403
02/07/1996,152.141,105.562,105.671,167.552
03/07/1996,153.581,105.519,105.96,167.917
04/07/1996,153.581,105.519,105.96,167.917
05/07/1996,154.015,105.367,106.312,165.919
08/07/1996,154.691,105.156,106.981,166.81
09/07/1996,155.128,105.723,106.921,168.392
10/07/1996,156.47,105.71,105.9,169.379
11/07/1996,157.977,106.133,103.708,173.504
12/07/1996,158.292,106.06,104.582,175.099
15/07/1996,161.104,106.552,102.459,172.712
16/07/1996,160.228,104.999,103.657,169.19
17/07/1996,156.575,105.11,104.333,166.963
18/07/1996,154.49,105.43,104.143,163.89
19/07/1996,151.283,105.367,104.26,162.465
22/07/1996,149.507,105.714,104.688,160.183
23/07/1996,152.567,105.475,106.822,160.916
24/07/1996,150.227,105.914,106.917,159.395
25/07/1996,150.284,105.701,108.073,158.688
26/07/1996,146.153,106.371,107.589,157.703
29/07/1996,145.51,106.041,107.56,159.704
30/07/1996,147.147,106.076,107.746,158.807
31/07/1996,148.463,107.099,107.687,159.112
01/08/1996,152.767,106.702,107.276,161.051
02/08/1996,155.154,106.738,106.398,160.321
05/08/1996,153.247,107.209,105.546,159.229
06/08/1996,151.518,106.811,106.673,159.824
07/08/1996,152.949,106.806,107.228,159.595
08/08/1996,153.644,107.197,107.239,162.69
09/08/1996,153.966,106.667,107.156,163.762
12/08/1996,156.821,106.888,106.369,168.281
13/08/1996,157.789,106.969,106.692,168.733
14/08/1996,156.977,106.467,107.272,168.843
15/08/1996,155.87,106.719,106.708,168.182
16/08/1996,160.087,106.618,105.969,166.641
19/08/1996,163.063,107.616,106.8,166.665
20/08/1996,159.985,107.731,105.926,167.248
21/08/1996,158.089,107.297,106.407,167.518
22/08/1996,160.105,107.733,106.547,168.464
23/08/1996,158.93,107.757,106.57,168.599
26/08/1996,156.424,108.376,106.425,170.617
27/08/1996,155.459,108.202,106.426,170.64
28/08/1996,156.397,107.646,106.699,168.628
29/08/1996,159.372,107.565,107.395,169.466
30/08/1996,159.168,107.333,110.113,169.317
02/09/1996,159.168,107.333,110.113,169.317
03/09/1996,163.9,106.998,110.323,168.934
04/09/1996,162.764,106.979,109.808,166.637
05/09/1996,165.052,106.765,106.785,167.165
06/09/1996,168.194,106.423,106.914,167.65
09/09/1996,168.162,105.98,106.955,166.825
10/09/1996,169.471,106.001,106.687,168.291
11/09/1996,172.714,105.959,104.46,166.416
12/09/1996,174.138,105.363,103.743,167.282
13/09/1996,172.337,105.298,104.332,164.877
16/09/1996,167.267,105.664,103.353,163.291
17/09/1996,167.329,105.599,104.134,163.106
18/09/1996,171.329,105.767,105.642,163.154
19/09/1996,169.363,104.748,105.591,162.33
20/09/1996,169.133,103.988,103.982,163.072
23/09/1996,168.428,104.312,103.133,163.748
24/09/1996,173.117,104.813,103.841,163.327
25/09/1996,175.948,104.675,104.199,163.951
26/09/1996,174.765,104.141,105.09,162.561
27/09/1996,177.86,104.196,105.112,161.609
30/09/1996,176.596,103.538,103.504,159.066
01/10/1996,175.684,103.839,102.032,158.481
02/10/1996,175.768,104.209,103.077,157.571
03/10/1996,182.285,104.178,102.378,157.016
04/10/1996,182.394,104.002,102.86,156.568
07/10/1996,186.304,104.119,101.744,158.249
08/10/1996,188.221,104.35,104.106,158.575
09/10/1996,185.556,104.81,102.719,158.777
10/10/1996,179.847,105.519,103.96,157.953
11/10/1996,182.539,105.302,103.496,154.738
14/10/1996,182.539,105.302,103.496,154.738
15/10/1996,187.255,105.266,102.776,154.357
16/10/1996,185.414,105.079,102.029,153.227
17/10/1996,186.856,104.342,103.678,152.632
18/10/1996,188.997,104.228,103.741,150.897
21/10/1996,189.94,104.858,104.363,151.1
22/10/1996,191.658,105.615,104.642,152.457
23/10/1996,187.481,105.578,105.774,153.806
24/10/1996,184.528,104.994,107.326,151.753
25/10/1996,187.721,104.989,108.942,151.816
28/10/1996,187.779,105.061,108.191,151.994
29/10/1996,185.924,103.848,105.347,151.292
30/10/1996,185.921,103.849,107.167,150.735
31/10/1996,179.604,103.309,106.81,147.618
01/11/1996,177.457,103.286,107.014,147.488
04/11/1996,175.387,103.467,107.197,147.865
05/11/1996,175.361,103.396,106.693,147.273
06/11/1996,176.287,102.774,107.099,149.008
07/11/1996,176.873,103.653,109.577,150.521
08/11/1996,181.826,103.877,108.518,150.748
11/11/1996,181.826,103.877,108.518,150.748
12/11/1996,181.031,104.764,110.225,150.21
13/11/1996,186.08,105.056,109.752,151.628
14/11/1996,189.731,104.268,108.478,151.671
15/11/1996,189.027,104.684,111.013,152.219
18/11/1996,187.289,104.138,111.56,152.291
19/11/1996,193.657,103.805,113.131,152.066
20/11/1996,189.951,104.399,114.175,153.805
21/11/1996,193.804,103.288,114.281,153.081
22/11/1996,194.425,103.215,114.741,153.468
25/11/1996,193.603,102.215,114.912,153.368
26/11/1996,194.962,102.332,116.689,154.02
27/11/1996,195.089,101.987,117.063,153.846
28/11/1996,195.089,101.987,117.063,153.846
29/11/1996,196.548,101.6,115.274,152.912
02/12/1996,198.642,100.996,113.655,151.558
03/12/1996,201.252,101.496,114.012,150.109
04/12/1996,201.587,102.026,115.131,149.449
05/12/1996,209.075,102.311,114.265,150.734
06/12/1996,205.823,101.391,113.503,150.629
09/12/1996,200.687,101.224,112.189,149.946
10/12/1996,196.842,101.768,112.527,150.356
11/12/1996,191.432,101.733,113.345,151.098
12/12/1996,193.924,101.787,113.179,152.504
13/12/1996,199.993,101.664,112.347,152.867
16/12/1996,208.207,101.52,110.83,153.303
17/12/1996,206.865,101.984,111.331,153.174
18/12/1996,208.381,102.158,112.657,153.853
19/12/1996,210.563,102.086,113.746,153.797
20/12/1996,209.345,101.826,113.579,153.562
23/12/1996,206.204,101.916,112.903,153.183
24/12/1996,208.84,101.987,113.28,154.065
25/12/1996,208.84,101.987,113.28,154.065
26/12/1996,204.949,102.429,113.722,153.947
27/12/1996,202.724,102.358,112.926,153.57
30/12/1996,200.203,101.861,112.599,152.076
31/12/1996,204.849,101.332,113.539,152.354
01/01/1997,204.849,101.332,113.539,152.354
02/01/1997,205.891,100.508,114.941,153.768
03/01/1997,207.112,99.332,114.982,153.082
06/01/1997,216.791,98.524,115.131,152.697
07/01/1997,213.699,99.069,117.657,154.048
08/01/1997,217.692,98.216,118.13,153.766
09/01/1997,214.988,99.062,119.614,153.561
10/01/1997,210.862,99.538,119.084,156.462
13/01/1997,205.902,99.211,119.908,157.297
14/01/1997,206.544,97.974,119.692,157.979
15/01/1997,213.019,97.753,121.268,159.31
16/01/1997,207.182,98.449,120.37,159.098
17/01/1997,204.114,98.929,120.563,158.713
20/01/1997,204.114,98.929,120.563,158.713
21/01/1997,199.213,98.094,121.001,158.378
22/01/1997,200.315,97.743,121.964,158.318
23/01/1997,198.52,98.843,122.473,158.606
24/01/1997,198.14,99.645,121.855,159.409
27/01/1997,198.421,100.912,121.56,160.161
28/01/1997,197.148,99.735,121.176,160.017
29/01/1997,199.526,99.119,118.684,160.73
30/01/1997,202.964,98.101,118.436,159.491
31/01/1997,197.128,97.61,121.03,158.25
03/02/1997,195.884,98.035,120.748,158.981
04/02/1997,196.935,97.365,121.655,158.875
05/02/1997,194.835,97.469,124.178,159.269
06/02/1997,188.606,97.136,124.228,158.795
07/02/1997,181.375,97.443,122.842,159.385
10/02/1997,183.075,97.414,122.325,160.235
11/02/1997,183.682,96.46,120.689,161.79
12/02/1997,178.949,98.957,122.343,163.304
13/02/1997,178.537,98.54,123.354,164.273
14/02/1997,180.342,99.94,122.675,163.968
17/02/1997,180.342,99.94,122.675,163.968
18/02/1997,180.524,99.965,123.816,165.427
19/02/1997,182.198,99.804,125.953,166.158
20/02/1997,177.494,101.041,125.857,168.246
21/02/1997,175.799,101.111,127.119,168.778
24/02/1997,170.512,101.442,128.682,167.65
25/02/1997,173.2,101.795,127.272,169.794
26/02/1997,173.771,101.616,130.166,170.139
27/02/1997,172.304,102.897,129.305,170.328
28/02/1997,168.765,104.109,129.034,171.624
03/03/1997,168.087,103.776,131.688,174.521
04/03/1997,172.262,102.69,131.47,175.681
05/03/1997,170.776,101.352,129.568,175.577
06/03/1997,174.036,101.131,131.082,177.34
07/03/1997,178.149,100.163,130.465,177.657
10/03/1997,174.176,101.381,129.101,182.65
11/03/1997,172.492,101.857,129.883,182.688
12/03/1997,175.507,101.179,129.09,177.612
13/03/1997,175.608,101.974,129.216,176.629
14/03/1997,178.61,101.534,130.6,179.793
17/03/1997,175.524,100.383,129.724,176.041
18/03/1997,181.28,100.562,128.259,175.665
19/03/1997,182.097,101.29,128.701,176.436
20/03/1997,181.903,101.047,130.341,178.509
21/03/1997,179.481,100.987,130.587,176.025
24/03/1997,176.408,100.652,129.68,174.552
25/03/1997,177.065,99.713,130.591,177.56
26/03/1997,173.891,100.588,128.474,179.172
27/03/1997,174.917,100.298,129.839,181.166
28/03/1997,174.917,100.298,129.839,181.166
31/03/1997,172.932,100.22,130.455,180.953
01/04/1997,171.312,99.953,129.16,183.582
02/04/1997,165.905,98.644,128.705,183.126
03/04/1997,166.995,97.68,125.414,178.948
04/04/1997,165.753,97.826,125.83,176.117
07/04/1997,166.438,98.038,122.976,178.445
08/04/1997,166.696,98.012,124.221,177.335
09/04/1997,166.206,97.838,125.33,178.587
10/04/1997,168.514,97.993,124.734,180.477
11/04/1997,168.119,97.325,123.1,178.727
14/04/1997,170.064,97.267,122.651,181.361
15/04/1997,169.403,96.24,123.657,180.456
16/04/1997,167.084,96.513,123.007,179.806
17/04/1997,168.305,96.274,123.026,181.442
18/04/1997,169.898,96.219,123.828,183.908
21/04/1997,172.074,96.676,124.178,183.612
22/04/1997,169.934,96.274,126.673,183.625
23/04/1997,169.681,96.328,128.274,183.784
24/04/1997,172.081,96.032,127.591,183.135
25/04/1997,172.109,96.444,128.728,184.613
28/04/1997,171.078,95.332,128.592,183.594
29/04/1997,174.858,95.457,128.129,183.716
30/04/1997,174.597,95.53,129.563,187.233
01/05/1997,174.073,96.093,128.243,187.299
02/05/1997,171.753,95.847,128.391,186.222
05/05/1997,171.577,96.662,128.55,186.236
06/05/1997,172.963,95.912,128.272,184.878
07/05/1997,173.447,96.254,130.186,184.703
08/05/1997,176.343,97.354,131.933,185.023
09/05/1997,176.38,98.382,132.001,186.3
12/05/1997,181.863,98.036,132.997,184.964
13/05/1997,181.713,98.661,132.862,186.516
14/05/1997,182.452,97.983,132.831,185.078
15/05/1997,181.42,98.156,134.405,186.779
16/05/1997,187.959,96.494,134.682,187.235
19/05/1997,186.088,96.084,134.22,186.845
20/05/1997,184.403,96.334,134.919,182.774
21/05/1997,186.044,96.299,134.964,184.85
22/05/1997,186.01,96.093,135.269,184.86
23/05/1997,185.632,96.446,134.952,183.192
26/05/1997,185.632,96.446,134.952,183.192
27/05/1997,180.769,96.857,134.281,183.671
28/05/1997,180.314,96.862,135.015,188.595
29/05/1997,180.799,97.721,134.234,191.919
30/05/1997,179.981,96.54,133.814,188.103
02/06/1997,179.255,96.523,131.667,186.051
03/06/1997,174.686,96.558,131.474,186.743
04/06/1997,173.704,95.988,131.359,181.68
05/06/1997,171.265,96.816,132.693,180.148
06/06/1997,165.354,96.926,132.689,180.898
09/06/1997,163.977,96.827,132.791,181.678
10/06/1997,163.975,96.831,134.497,177.178
11/06/1997,162.851,96.825,135.592,177.562
12/06/1997,163.308,96.144,135.085,177.734
13/06/1997,164.377,95.866,135.012,177.126
16/06/1997,165.074,96.313,135.509,174.78
17/06/1997,166.362,96.559,135.476,176.702
18/06/1997,163.876,95.638,135.73,173.336
19/06/1997,163.89,96.227,135.525,173.415
20/06/1997,163.631,95.45,133.964,172.195
23/06/1997,165.075,96.43,134.29,171.626
24/06/1997,165.005,95.762,130.989,173.038
25/06/1997,167.691,95.713,129.485,172.72
26/06/1997,164,95.794,131.148,170.091
27/06/1997,166.93,94.648,131.749,169.531
30/06/1997,168.57,94.107,132.059,167.832
01/07/1997,170.33,94.261,131.606,165.147
02/07/1997,170.986,93.523,133.056,164.083
03/07/1997,166.43,91.684,132.751,163.347
04/07/1997,166.43,91.684,132.751,163.347
07/07/1997,166.509,88.798,130.974,160.935
08/07/1997,168.504,89.506,128.294,162.974
09/07/1997,166.851,89.007,127.025,166.413
10/07/1997,165.784,89.763,128.199,162.867
11/07/1997,166.454,89.925,128.809,162.966
14/07/1997,164.814,89.147,130.058,167.048
15/07/1997,168.805,88.938,128.473,168.321
16/07/1997,168.468,88.223,127.99,166.372
17/07/1997,170.602,89.81,130.051,164.905
18/07/1997,166.465,90.954,131.202,167.104
21/07/1997,165.566,90.213,132.036,164.523
22/07/1997,166.416,90.436,131.583,167.198
23/07/1997,167.986,89.91,132.073,169.148
24/07/1997,169.203,89.873,134.209,168.987
25/07/1997,170.603,90.695,138.705,168.342
28/07/1997,170.891,91.629,139.563,172.386
29/07/1997,170.998,90.737,137.708,174.859
30/07/1997,175.223,91.195,134.668,174.725
31/07/1997,174.856,91.515,136.323,177.192
01/08/1997,177.613,91.467,136.666,177.315
04/08/1997,183.25,91.57,136.488,176.445
05/08/1997,183.636,89.744,136.142,175.229
06/08/1997,180.613,89.452,136.779,177.378
07/08/1997,178.369,90.366,138.772,175.223
08/08/1997,175.214,91.285,137.502,176.375
11/08/1997,176.555,92.126,136.729,173.147
12/08/1997,177.871,91.716,134.147,174.015
13/08/1997,179.971,92.204,133.524,174.148
14/08/1997,179.016,91.072,134.316,173.771
15/08/1997,178.871,92.312,132.612,172.842
18/08/1997,178.232,91.063,130.314,173.262
19/08/1997,180.651,91.489,131.009,175.25
20/08/1997,179.449,91.023,130.56,173.031
21/08/1997,174.728,91.505,130.355,177.509
22/08/1997,176.008,93.197,131.212,176.994
25/08/1997,173.005,92.479,130.808,176.539
26/08/1997,173.212,92.946,131.623,175.874
27/08/1997,176.238,92.818,131.735,178.742
28/08/1997,177.079,92.515,130.009,179.106
29/08/1997,177.863,92.438,131.146,179.987
01/09/1997,177.863,92.438,131.146,179.987
02/09/1997,179.462,92.039,128.214,181.93
03/09/1997,179.59,92.164,129.712,182.336
04/09/1997,176.102,92.058,129.821,182.947
05/09/1997,178.138,92.407,130.319,180.642
08/09/1997,177.219,92.122,129.27,179.679
09/09/1997,177.294,92.384,129.321,180.186
10/09/1997,176.492,92.325,129.495,179.97
11/09/1997,177.196,92.932,127.843,181.229
12/09/1997,177.539,92.926,127.404,177.384
15/09/1997,176.687,92.562,127.539,177.601
16/09/1997,178.434,91.348,126.833,178.441
17/09/1997,176.78,91.182,127.08,178.909
18/09/1997,178.606,91.774,128.928,177.513
19/09/1997,177.865,91.966,128.944,177.574
22/09/1997,181.658,91.832,129.557,176.56
23/09/1997,182.265,92.194,129.352,176.584
24/09/1997,183.161,92.902,128.611,177.034
25/09/1997,189.392,93.806,128.331,176.162
26/09/1997,192.34,93.942,129.048,174.887
29/09/1997,191.738,95.958,131.871,174.375
30/09/1997,191.917,98.019,129.106,173.507
01/10/1997,191.183,97.592,130.347,173.128
02/10/1997,195.791,97.001,128.342,174.01
03/10/1997,202.167,98.486,126.968,176.487
06/10/1997,194.764,97.494,126.533,178.338
07/10/1997,193.393,97.22,126.637,181.078
08/10/1997,195.384,97.797,125.883,182.098
09/10/1997,195.237,95.972,126.665,182.681
10/10/1997,197.088,96.802,126.234,185.4
13/10/1997,197.088,96.802,126.234,185.4
14/10/1997,188.323,95.786,126.696,185.256
15/10/1997,187.946,95.483,127.518,185.943
16/10/1997,192.447,94.293,126.368,183.953
17/10/1997,190.648,94.476,126.441,181.578
20/10/1997,193.825,94.117,126.486,182.189
21/10/1997,193.945,94.193,124.671,183.313
22/10/1997,198.614,94.478,124.897,184.498
23/10/1997,195.357,94.136,123.882,183.157
24/10/1997,195.512,90.035,121.972,184.247
27/10/1997,198.454,90.836,120.448,183.57
28/10/1997,191.193,91.771,121.447,182.354
29/10/1997,192.971,91.307,123.46,181.794
30/10/1997,196.61,92.31,123.286,181.246
31/10/1997,196.378,90.526,123.143,182.046
03/11/1997,193.868,91.671,122.514,184.403
04/11/1997,192.737,91.782,122.116,182.901
05/11/1997,191.055,91.887,122.032,184.306
06/11/1997,191.291,91.787,120.632,184.225
07/11/1997,192.405,91.119,120.764,185.941
10/11/1997,192.211,91.211,121.926,183.444
11/11/1997,192.211,91.211,121.926,183.444
12/11/1997,193.15,90.939,121.135,184.54
13/11/1997,192.319,92.444,121.093,185.082
14/11/1997,191.94,91.225,121.557,183.975
17/11/1997,186.539,91.602,121.294,185.027
18/11/1997,185.195,92.106,118.837,184.533
19/11/1997,183.2,92.334,119.668,183.651
20/11/1997,177.47,92.162,119.861,181.517
21/11/1997,179.163,93.702,118.855,182.012
24/11/1997,178.845,93.094,118.034,182.285
25/11/1997,178.175,91.695,117.711,181.46
26/11/1997,172.83,90.976,118.452,183.369
27/11/1997,172.83,90.976,118.452,183.369
28/11/1997,172.424,90.907,117.169,183.634
01/12/1997,171.894,90.751,115.558,184.586
02/12/1997,172.13,90.821,115.428,183.679
03/12/1997,171.183,90.406,114.089,183.572
04/12/1997,168.295,89.123,115.282,181.979
05/12/1997,168.882,90.273,113.672,184.116
08/12/1997,169.43,90.013,114.276,185.476
09/12/1997,169.133,89.335,114.708,185.785
10/12/1997,164.371,92.658,115.579,186.551
11/12/1997,163.866,91.764,114.574,184.273
12/12/1997,164.181,91.949,114.518,182.545
15/12/1997,163.362,92.47,112.084,182.916
16/12/1997,164.453,92.647,111.286,179.662
17/12/1997,165.083,93.809,112.648,180.039
18/12/1997,167.239,94.079,112.965,178.745
19/12/1997,166.454,94.361,112.945,177.92
22/12/1997,163.521,94.538,112.311,176.643
23/12/1997,162.23,96.425,111.707,178.003
24/12/1997,162.783,97.732,111.046,178.747
25/12/1997,162.783,97.732,111.046,178.747
26/12/1997,161.895,97.254,110.997,179.254
29/12/1997,158.843,96.441,110.423,178.433
30/12/1997,158.418,95.399,112.271,178.487
31/12/1997,158.488,93.883,111.532,176.881
01/01/1998,158.488,93.883,111.532,176.881
02/01/1998,156.532,93.611,110.378,176.309
05/01/1998,153.506,92.126,108.605,177.827
06/01/1998,153.223,92.92,108.621,175.312
07/01/1998,152.028,93.126,108.392,176.401
08/01/1998,152.234,91.078,108.402,174.683
09/01/1998,150.232,89.761,107.474,173.935
12/01/1998,148.479,88.866,106.386,172.837
13/01/1998,148.137,90.986,109.084,176.419
14/01/1998,148.167,90.698,109.804,176.26
15/01/1998,147.977,92.185,109.744,177.086
16/01/1998,150.295,93.157,109.317,176.965
19/01/1998,150.295,93.157,109.317,176.965
20/01/1998,148.812,92.796,108.758,179.522
21/01/1998,147.213,93.819,109.166,178.671
22/01/1998,146.137,93.042,110.513,179.097
23/01/1998,143.755,95.958,112.374,178.904
26/01/1998,150.497,95.428,111.646,179.927
27/01/1998,151.376,97.024,112.866,179.907
28/01/1998,153.351,98.119,111.507,180.557
29/01/1998,158.217,97.312,112.149,179.909
30/01/1998,155.372,97.672,110.974,178.563
02/02/1998,154.859,98.345,110.957,180.443
03/02/1998,150.651,98.154,108.476,181.122
04/02/1998,149.181,100.875,109.142,180.492
05/02/1998,151.757,101.914,109.086,180.552
06/02/1998,152.462,100.8,108.891,179.301
09/02/1998,150.332,100.711,107.824,179.997
10/02/1998,149.835,101.579,108.632,180.349
11/02/1998,147.905,101.093,109.128,177.984
12/02/1998,147.356,100.789,109.083,178.461
13/02/1998,146.943,101.48,108.382,177.71
16/02/1998,146.943,101.48,108.382,177.71
17/02/1998,144.513,99.644,106.219,175.704
18/02/1998,149.229,98.673,105.336,176.32
19/02/1998,148.297,100.156,106.022,176.623
20/02/1998,146.945,98.497,105.272,175.639
23/02/1998,141.642,97.584,103.491,175.63
24/02/1998,141.498,96.662,103.347,173.147
25/02/1998,142.919,95.409,105.261,174.098
26/02/1998,142.067,96.606,106.16,173.471
27/02/1998,142.842,98.945,106.71,174.354
02/03/1998,141.851,99.47,108.721,174.956
03/03/1998,140.931,98.197,107.021,173.711
04/03/1998,140.911,97.658,107.027,173.594
05/03/1998,139.864,97.106,108.835,173.173
06/03/1998,137.298,96.082,108.472,174.183
09/03/1998,133.857,96.174,108.087,174.739
10/03/1998,132.976,97.475,109.008,175.477
11/03/1998,133,96.38,108.59,176.796
12/03/1998,132.664,96.658,111.151,176.411
13/03/1998,132.01,96.639,110.417,174.701
16/03/1998,127.123,96.316,111.39,174.032
17/03/1998,126.191,94.528,111.296,174.814
18/03/1998,134.833,94.741,109.194,174.154
19/03/1998,135.238,94.68,108.979,172.868
20/03/1998,136.104,95.821,109.011,172.097
23/03/1998,149.076,98.673,110.279,173.547
24/03/1998,144.692,98.629,109.199,172.958
25/03/1998,148.754,97.885,108.868,172.262
26/03/1998,150.903,99.225,108.983,171.873
27/03/1998,149.972,99.353,109.154,171.485
30/03/1998,147.044,99.027,109.477,172.707
31/03/1998,144.513,99.66,109.041,170.681
01/04/1998,143.617,98.741,106.16,168.889
02/04/1998,145.198,100.191,106.466,169.21
03/04/1998,146.907,101.821,105.76,167.044
06/04/1998,142.856,101.216,106.35,165.308
07/04/1998,143.19,101.402,107.599,164.506
08/04/1998,145.64,101.275,107.637,164.798
09/04/1998,145.358,101.109,109.72,165.313
10/04/1998,145.358,101.109,109.72,165.313
13/04/1998,142.164,101.603,110.483,164.44
14/04/1998,141.624,100.569,110.552,165.102
15/04/1998,144.178,100.521,112.764,166.371
16/04/1998,146.338,100.67,111.404,166.367
17/04/1998,144.301,100.373,111.78,166.176
20/04/1998,144.467,100.409,110.932,166.515
21/04/1998,146.187,101.495,112.334,167.88
22/04/1998,141.562,101.921,113.355,165.665
23/04/1998,139.51,102.248,113.377,165.49
24/04/1998,139.023,101.616,112.319,166.201
27/04/1998,139.378,100.629,113.436,166.068
28/04/1998,142.24,100.056,113.539,165.554
29/04/1998,139.831,100.928,112.266,164.862
30/04/1998,140.2,100.028,111.331,163.92
01/05/1998,144.742,98.689,112.27,163.654
04/05/1998,144.671,99.57,112.189,164.238
05/05/1998,141.866,98.779,111.995,166.239
06/05/1998,139.902,97.244,109.976,168.335
07/05/1998,139.305,97.04,107.198,168.653
08/05/1998,138.761,97.254,107.532,167.496
11/05/1998,139.337,96.403,105.312,165.367
12/05/1998,140.295,95.137,106.387,165.281
13/05/1998,137.998,95.079,105.228,165.897
14/05/1998,138.48,95.329,105.569,165.574
15/05/1998,135.29,95.935,104.624,164.409
18/05/1998,133.299,94.317,101.101,164.767
19/05/1998,133.118,93.587,102.789,163.323
20/05/1998,128.116,94.067,103.227,164.376
21/05/1998,129.26,94.607,104.069,163.432
22/05/1998,130.174,94.229,103.983,164.576
25/05/1998,130.174,94.229,103.983,164.576
26/05/1998,129.929,92.586,101.611,161.255
27/05/1998,130.471,92.432,103.1,159.444
28/05/1998,129.529,91.782,103.968,159.75
29/05/1998,132.736,91.832,104.164,159.998
01/06/1998,131.399,90.681,101.89,159.442
02/06/1998,130.339,91.805,100.715,160.288
03/06/1998,128.988,92.356,102.623,159.484
04/06/1998,129.782,92.625,101.54,159.52
05/06/1998,129.428,92.403,101.443,158.584
08/06/1998,126.284,94.215,101.656,156.965
09/06/1998,122.503,93.113,101.405,156.632
10/06/1998,121.054,93.025,102.352,156.84
11/06/1998,119.077,90.82,101.099,157.551
12/06/1998,119.914,90.273,100.157,158.45
15/06/1998,116.744,90.041,98.538,156.83
16/06/1998,116.524,91.313,98.584,158.034
17/06/1998,119.828,93.288,100.502,160.837
18/06/1998,117.461,92.765,99.808,161.034
19/06/1998,119.184,94.644,101.248,163.955
22/06/1998,122.138,93.698,100.981,163.117
23/06/1998,126.301,93.6,100.611,165.845
24/06/1998,125.645,92.745,99.976,168.101
25/06/1998,122.934,93.289,99.192,166.55
26/06/1998,123.191,93.075,98.705,165.527
29/06/1998,122.689,93.143,97.978,160.663
30/06/1998,123.846,94.775,98.571,162.415
01/07/1998,124.522,94.357,96.985,160.832
02/07/1998,125.062,93.17,97.053,159.544
03/07/1998,125.062,93.17,97.053,159.544
06/07/1998,121.369,93.093,96.735,158.624
07/07/1998,119.909,93.785,96.963,161.605
08/07/1998,120.701,93.206,96.794,162.075
09/07/1998,120.61,92.78,96.081,160.247
10/07/1998,119.541,92.36,96.617,157.63
13/07/1998,118.938,92.71,98.549,157.085
14/07/1998,122.254,93.061,99.537,154.504
15/07/1998,122.685,93.294,100.555,153.313
16/07/1998,119.594,93.153,101.266,153.894
17/07/1998,117.485,93.568,101.955,157.656
20/07/1998,112.762,94.408,103.895,155.45
21/07/1998,113.17,94.496,102.966,153.512
22/07/1998,113.343,94.827,103.671,152.89
23/07/1998,111.475,95.279,103.881,152.565
24/07/1998,112.242,94.313,106.872,151.492
27/07/1998,113.494,93.844,104.943,150.738
28/07/1998,113.081,94.296,104.181,150.672
29/07/1998,111.613,93.525,103.456,150.963
30/07/1998,111.809,92.913,103.71,152.026
31/07/1998,111.348,92.043,101.705,151.083
03/08/1998,109.037,91.04,99.276,149.409
04/08/1998,109.93,92.54,99.021,148.718
05/08/1998,109.04,92.177,98.987,148.435
06/08/1998,109.614,92.206,99.089,148.726
07/08/1998,110.243,91.315,99.669,148.99
10/08/1998,105.877,91.705,98.268,150.037
11/08/1998,103.56,90.362,96.996,148.6
12/08/1998,103.566,89.932,97.834,147.487
13/08/1998,106.076,90.741,97.728,146.748
14/08/1998,106.663,90.258,97.902,147.229
17/08/1998,107.053,90.4,98.088,148.665
18/08/1998,105.087,90.212,97.645,148.391
19/08/1998,104.7,89.795,98.277,149.244
20/08/1998,107.289,90.577,99.502,148.024
21/08/1998,104.892,90.616,98.066,146.105
24/08/1998,105.869,90.443,99.261,146.43
25/08/1998,105.716,89.564,98.766,146.548
26/08/1998,104.255,89.143,98.333,144.578
27/08/1998,101.633,87.315,98.154,143.696
28/08/1998,102.541,85.9,97.534,142.393
31/08/1998,102.426,86.095,97.066,141.437
01/09/1998,105.076,87.376,100.751,142.239
02/09/1998,103.388,87.89,100.357,143.746
03/09/1998,109.408,89.538,101.565,144.189
04/09/1998,109.573,90.326,101.367,144.272
07/09/1998,109.573,90.326,101.367,144.272
08/09/1998,109.351,89.646,102.505,145.624
09/09/1998,108.303,89.399,102.305,144.09
10/09/1998,112.988,91.357,101.427,144.537
11/09/1998,111.177,91.963,100.66,143.838
14/09/1998,112.071,90.913,100.083,144.414
15/09/1998,114.139,90.809,101.126,145.364
16/09/1998,114.706,90.102,100.008,144.265
17/09/1998,115.366,91.178,98.573,143.219
18/09/1998,119.996,91.216,98.697,143.156
21/09/1998,119.426,90.109,98.144,143.882
22/09/1998,120.43,90.017,97.335,145.159
23/09/1998,119.751,91.178,98.582,144.372
24/09/1998,121.138,92.595,98.446,145.096
25/09/1998,119.685,92.627,99.073,144.81
28/09/1998,118.465,93.627,98.622,145.952
29/09/1998,120.495,93.691,99.037,144.892
30/09/1998,122.316,94.197,97.243,143.459
01/10/1998,118.208,94.65,97.486,141.964
02/10/1998,120.01,94.435,96.444,142.759
05/10/1998,118.47,92.945,95.041,144.693
06/10/1998,118.839,92.902,95.577,145.116
07/10/1998,116.232,94.205,96.763,148.097
08/10/1998,111.256,93.382,95.782,148.909
09/10/1998,111.456,91.693,96.154,150.916
12/10/1998,109.901,91.823,96.647,149.091
13/10/1998,109.014,91.913,96.719,150.758
14/10/1998,107.708,91.714,96.001,150.34
15/10/1998,107.969,92.343,95.787,149.951
16/10/1998,108.674,93.187,97.834,149.777
19/10/1998,105.219,92.008,97.377,148.848
20/10/1998,106.045,92.018,97.153,148.118
21/10/1998,108.474,91.792,96.511,148.308
22/10/1998,107.684,91.038,96.117,149.244
23/10/1998,108.12,91.154,95.866,148.547
26/10/1998,110.227,91.522,94.38,148.747
27/10/1998,108.132,91.647,94.425,147.946
28/10/1998,108.357,92.021,93.804,148.643
29/10/1998,108.309,92.247,94.537,148.191
30/10/1998,108.684,91.855,95.388,149.226
02/11/1998,109.266,91.167,96.464,148.759
03/11/1998,109.06,90.404,95.923,149.682
04/11/1998,108.184,91.01,96.776,149.511
05/11/1998,108.549,92.189,96.947,150.115
06/11/1998,107.891,91.856,97.05,150.349
09/11/1998,104.541,91.86,96.413,150.696
10/11/1998,105.611,91.873,95.546,151.87
11/11/1998,105.21,91.801,95.865,152.419
12/11/1998,106.616,93.295,96.639,152.302
13/11/1998,105.462,92.599,95.936,150.666
16/11/1998,100.71,91.993,95.286,150.089
17/11/1998,98.228,91.844,95.94,150.473
18/11/1998,97.113,92.815,96.316,151.536
19/11/1998,97.206,92.212,95.838,150.634
20/11/1998,97.576,92.015,96.726,149.896
23/11/1998,94.608,92.235,95.754,147.492
24/11/1998,92.948,92.085,95.574,147.41
25/11/1998,91.1,92.307,95.299,148.365
26/11/1998,91.1,92.307,95.299,148.365
27/11/1998,91.123,92.33,96.047,149.624
30/11/1998,85.048,91.091,95.582,150.438
01/12/1998,84.573,91.402,95.33,148.911
02/12/1998,84.56,90.405,94.39,149.649
03/12/1998,85.12,90.396,92.704,148.081
04/12/1998,85.015,90.513,92.249,147.749
07/12/1998,87.716,91.252,92.055,147.201
08/12/1998,85.335,90.92,91.44,146.432
09/12/1998,84.235,90.935,92.159,145.156
10/12/1998,82.425,91.059,91.746,145.312
11/12/1998,82.944,90.248,90.552,144.707
14/12/1998,85.549,90.736,90.335,144.619
15/12/1998,86.762,91.101,90.394,144.604
16/12/1998,90.403,92.444,91.478,145.134
17/12/1998,84.24,91.095,90.056,143.342
18/12/1998,83.894,90.459,89.749,142.68
21/12/1998,81.471,90.259,90.039,142.398
22/12/1998,81.488,90.045,90.293,142.235
23/12/1998,82.159,89.753,89.588,141.819
24/12/1998,81.63,89.767,89.736,142.365
25/12/1998,81.63,89.767,89.736,142.365
28/12/1998,82.131,89.904,90.098,141.91
29/12/1998,83.183,90.196,91.005,142.411
30/12/1998,83.644,90.443,90.618,140.695
31/12/1998,85.458,90.647,90.497,140.753
01/01/1999,85.458,90.647,90.497,140.753
04/01/1999,88.189,90.124,88.834,142.081
05/01/1999,85.685,90.472,88.257,143.585
06/01/1999,89.011,91.196,88.542,145.136
07/01/1999,89.297,92.463,88.9,143.975
08/01/1999,89.166,92.594,90.552,145.122
11/01/1999,90.754,93.304,92.276,143.881
12/01/1999,88.481,91.811,91.853,142.356
13/01/1999,84.776,91.036,90.745,141.288
14/01/1999,83.847,91.075,90.188,141.294
15/01/1999,83.476,90.886,90.782,140.72
18/01/1999,83.476,90.886,90.782,140.72
19/01/1999,83.32,90.803,90.992,137.593
20/01/1999,81.513,91.112,89.955,138.128
21/01/1999,84.634,91.039,90.202,138.194
22/01/1999,85.215,90.62,90.268,137.054
25/01/1999,83.158,91.298,89.901,135.668
26/01/1999,81.62,90.61,89.75,135.536
27/01/1999,83.938,89.908,88.996,135.274
28/01/1999,84.878,90.856,88.949,135.965
29/01/1999,85.786,91.2,89.033,135.816
01/02/1999,83.498,92.194,89.481,135.286
02/02/1999,84.007,92.869,89.926,136.006
03/02/1999,83.705,92.884,90.17,134.79
04/02/1999,82.103,94.309,91.884,134.712
05/02/1999,80.623,93.63,92.672,135.647
08/02/1999,80.092,93.768,94.649,134.986
09/02/1999,80.238,92.771,92.827,133.365
10/02/1999,79.75,92.599,92.217,134.038
11/02/1999,80.252,93.099,91.967,132.48
12/02/1999,80.104,93.896,91.374,131.5
15/02/1999,80.104,93.896,91.374,131.5
16/02/1999,77.942,92.081,88.797,130.051
17/02/1999,78.357,91.73,89.236,130.359
18/02/1999,80.539,92.304,88.957,130.22
19/02/1999,79.272,93.39,89.373,129.434
22/02/1999,79.665,92.588,88.098,128.446
23/02/1999,81.417,92.647,89.141,128.962
24/02/1999,81.995,92.375,89.531,126.243
25/02/1999,82.47,93.131,90.318,125.527
26/02/1999,80.214,93.22,89.841,124.018
01/03/1999,80.66,92.646,88.898,125.134
02/03/1999,81.795,91.828,89.465,127.349
03/03/1999,84.165,91.563,89.685,126.182
04/03/1999,86.634,91.983,89.939,126.558
05/03/1999,87.304,91.683,89.445,127.266
08/03/1999,89.2,92.853,89.013,128.406
09/03/1999,90.49,92.816,88.996,128.73
10/03/1999,94.733,93.141,89.828,129.957
11/03/1999,91.976,93.812,89.458,130.453
12/03/1999,92.738,93.206,89.068,129.241
15/03/1999,92.229,90.909,89.133,128.262
16/03/1999,92.089,89.827,89.049,130.585
17/03/1999,95.85,89.872,89.799,131.089
18/03/1999,95.135,89.63,90.101,130.039
19/03/1999,96.593,90.058,90.536,131.043
22/03/1999,99.64,90.415,93.089,132.552
23/03/1999,98.338,90.415,93.801,131.407
24/03/1999,97.296,90.129,93.189,130.477
25/03/1999,99.638,90.038,93.961,133.12
26/03/1999,102.579,89.156,93.422,133.995
29/03/1999,103.996,89.441,90.888,134.32
30/03/1999,106.676,88.718,89.218,134.742
31/03/1999,107.056,88.723,89.801,131.256
01/04/1999,106.332,89.016,90.077,129.865
02/04/1999,106.332,89.016,90.077,129.865
05/04/1999,107.843,88.168,90.216,129.255
06/04/1999,107.144,88.667,90.194,128.69
07/04/1999,102.571,88.849,91.873,128.314
08/04/1999,101.825,88.62,91.872,126.947
09/04/1999,105.423,88.992,92.019,127.263
12/04/1999,105.203,89.135,91.556,125.831
13/04/1999,106.906,89.45,94.174,126.307
14/04/1999,105.356,88.693,93.436,127.265
15/04/1999,107.033,89.845,95.587,127.439
16/04/1999,108.893,90.065,97.234,126.235
19/04/1999,110.536,90.743,98.6,126.519
20/04/1999,109.041,90.552,96.719,128.159
21/04/1999,110.778,90.602,96.771,127.626
22/04/1999,112.185,90.595,97.94,125.346
23/04/1999,111.152,90.419,97.553,125.931
26/04/1999,110.565,89.693,97.422,124.577
27/04/1999,111.3,90.265,98.481,124.021
28/04/1999,113.904,90.73,99.191,124.512
29/04/1999,114.534,92.154,100.825,124.903
30/04/1999,114.659,92.36,101.149,125.217
03/05/1999,115.866,92.145,101.533,125.242
04/05/1999,116.77,91.723,100.753,125.479
05/05/1999,117.367,92.435,100.319,125.092
06/05/1999,113.998,92.923,101.453,124.782
07/05/1999,112.835,91.535,100.624,124.064
10/05/1999,114.566,90.243,100.216,124.645
11/05/1999,112.268,90.292,101.049,124.808
12/05/1999,109.826,89.924,100.53,124.274
13/05/1999,112.33,90.82,100.866,123.637
14/05/1999,112.301,89.606,100.982,122.955
17/05/1999,111.807,89.285,100.05,123.524
18/05/1999,107.172,88.924,99.565,124.201
19/05/1999,106.579,88.51,98.033,124.152
20/05/1999,106.792,88.916,97.327,123.2
21/05/1999,108.47,88.128,96.265,122.044
24/05/1999,106.091,87.377,96.055,119.892
25/05/1999,106.819,86.89,96.173,120.877
26/05/1999,107.683,86.571,95.252,120.831
27/05/1999,107.635,86.377,90.997,121.252
28/05/1999,106.388,86.14,89.723,122.445
31/05/1999,106.388,86.14,89.723,122.445
01/06/1999,104.02,85.993,90.901,121.984
02/06/1999,106.564,85.405,90.171,122.743
03/06/1999,106.432,85.356,90.186,125.161
04/06/1999,109.779,85.281,90.482,124.326
07/06/1999,112.391,85.493,91.254,124.402
08/06/1999,111.337,84.521,92.514,124.235
09/06/1999,113.51,84.279,92.855,123.542
10/06/1999,112.018,84.356,93.649,123.333
11/06/1999,115.423,84.973,93.987,122.958
14/06/1999,115.41,84.912,94.906,123.158
15/06/1999,116.665,84.45,92.993,121.726
16/06/1999,113.759,84.115,92.66,121.565
17/06/1999,115.178,84.328,93.357,121.181
18/06/1999,113.988,84.048,95.514,123.365
21/06/1999,112.206,84.184,96.459,123.015
22/06/1999,111.624,84.212,96.887,122.42
23/06/1999,115.064,84.963,96.234,121.743
24/06/1999,114.967,85.223,96.847,120.407
25/06/1999,115.057,84.547,98.611,120.014
28/06/1999,114.69,85.217,99.789,119.024
29/06/1999,116.619,85.385,100.16,118.866
30/06/1999,120.91,86.133,103.469,119.482
01/07/1999,120.403,86.401,103.08,117.247
02/07/1999,121.628,86.75,103.15,114.605
05/07/1999,121.628,86.75,103.15,114.605
06/07/1999,121.503,84.571,102.697,110.635
07/07/1999,121.562,84.719,105.406,110.248
08/07/1999,121.973,84.748,106.492,109.37
09/07/1999,123.062,84.823,106.207,108.244
12/07/1999,123.208,84.454,106.78,108.026
13/07/1999,124.694,84.066,105.619,107.895
14/07/1999,123.302,83.452,107.146,108.796
15/07/1999,125.321,83.492,108.521,109.969
16/07/1999,126.649,83.357,107.607,108.238
19/07/1999,126.333,83.069,107.202,110.143
20/07/1999,122.108,83.18,105.838,112.013
21/07/1999,122.062,83.953,103.985,115.384
22/07/1999,124.702,84.171,104.07,115.965
23/07/1999,129.263,83.895,104.343,119.219
26/07/1999,128.845,83.707,104.467,116.341
27/07/1999,128.379,83.78,105.071,112.669
28/07/1999,129.617,84.15,103.899,112.098
29/07/1999,131.677,85.604,102.913,113.521
30/07/1999,129.057,85.536,105.079,113.995
02/08/1999,129.681,84.975,103.695,119.493
03/08/1999,129.382,85.495,104.77,120.437
04/08/1999,130.85,85.722,106.172,123.02
05/08/1999,131.646,85.279,107.494,121.867
06/08/1999,134.037,85.329,108.578,121.831
09/08/1999,135.833,85.192,108.856,122.67
10/08/1999,135.752,85.342,107.861,123.562
11/08/1999,136.558,86.066,109.484,121.979
12/08/1999,136.427,86.244,109.268,117.332
13/08/1999,137.247,86.102,109.29,117.858
16/08/1999,136.389,85.733,109.541,118.867
17/08/1999,138.713,86.101,109.444,119.884
18/08/1999,138.516,85.547,107.687,119.559
19/08/1999,140.75,85.228,107.749,120.093
20/08/1999,140.972,85.003,107.084,118.76
23/08/1999,142.197,83.741,106.987,118.15
24/08/1999,140.617,83.432,109.053,117.311
25/08/1999,135.966,83.142,109.033,118.459
26/08/1999,136.887,83.445,108.693,116.732
27/08/1999,137.762,83.589,108.855,116.756
30/08/1999,141.65,83.681,108.523,116.741
31/08/1999,141.101,84.352,111.642,118.948
01/09/1999,140.028,83.804,113.025,120.143
02/09/1999,135.399,84.389,113.66,120.894
03/09/1999,138.381,83.749,113.489,121.187
06/09/1999,138.381,83.749,113.489,121.187
07/09/1999,142.7,84.454,116.077,123.858
08/09/1999,142.78,84.56,115.77,122.08
09/09/1999,147.288,84.852,116.556,121.519
10/09/1999,148.534,84.63,115.891,122.232
13/09/1999,150.21,84.447,115.38,121.963
14/09/1999,147.557,84.432,114.036,120.975
15/09/1999,148.097,84.05,115.108,118.254
16/09/1999,148.183,84.175,115.163,118.753
17/09/1999,149.077,83.775,117.439,118.012
20/09/1999,146.984,83.78,116.237,117.89
21/09/1999,146.169,85.935,116.711,117.449
22/09/1999,147.379,86.862,115.41,117.251
23/09/1999,153.447,87.234,114.337,116.858
24/09/1999,153.049,87.75,112.84,117.717
27/09/1999,152.953,91.563,112.341,118.599
28/09/1999,151.168,99.672,115.091,120.022
29/09/1999,152.367,97.05,114.04,120.253
30/09/1999,151.008,96.503,115.475,118.058
01/10/1999,151.432,97.749,114.538,116.235
04/10/1999,146.085,101.027,113.53,116.248
05/10/1999,144.269,102.644,114.163,115.626
06/10/1999,143.292,102.51,113.758,116.238
07/10/1999,139.393,102.41,113.426,115.499
08/10/1999,132.327,101.602,109.314,115.495
11/10/1999,135.49,101.228,108.014,116.082
12/10/1999,141.622,100.898,111.876,117.652
13/10/1999,144.832,101.918,112.709,119.56
14/10/1999,141.828,98.95,112.456,118.063
15/10/1999,144.93,99.479,112.711,117.542
18/10/1999,144.258,97.957,113.434,116.957
19/10/1999,143.232,97.37,113.647,117.489
20/10/1999,143.717,96.777,115.16,116.438
21/10/1999,144.455,96.487,114.768,115.174
22/10/1999,148.093,96.052,115.543,114.813
25/10/1999,147.205,95.482,115.17,116.59
26/10/1999,146.927,92.844,113.849,114.634
27/10/1999,146.873,93.756,112.809,114.877
28/10/1999,138.969,95.575,114.668,114.518
29/10/1999,139.204,95.114,114.891,114.941
01/11/1999,142.364,93.23,114.7,115.209
02/11/1999,141.22,93.481,115.519,115.011
03/11/1999,142.592,93.719,116.215,115.656
04/11/1999,144.386,93.805,115.846,115.88
05/11/1999,144.367,92.554,114.712,115.159
08/11/1999,144.043,92.479,114.195,115.653
09/11/1999,147.411,93.146,115.396,115.225
10/11/1999,150.3,94.78,114.194,113.283
11/11/1999,149.106,93.685,113.006,113.425
12/11/1999,153.029,92.875,111.524,113.098
15/11/1999,153.317,93.17,112.94,114.466
16/11/1999,154.401,94.18,113.539,114.05
17/11/1999,157.416,94.033,113.383,113.121
18/11/1999,153.73,94.101,113.34,110.899
19/11/1999,157.093,94.126,113.731,111.225
22/11/1999,159.652,94.462,114.309,112.025
23/11/1999,156.987,95.688,114.154,111.985
24/11/1999,158.641,95.657,114.977,111.187
25/11/1999,158.641,95.657,114.977,111.187
26/11/1999,158.641,95.657,114.977,111.187
29/11/1999,154.517,93.542,116.356,111.62
30/11/1999,147.331,93.58,116.884,113.153
01/12/1999,149.812,93.232,115.458,113.046
02/12/1999,154.635,91.725,115.084,112.665
03/12/1999,153.113,90.589,117.121,112.85
06/12/1999,156.197,89.742,117.608,113.285
07/12/1999,154.708,91.647,115.765,113.443
08/12/1999,156.499,91.223,115.642,111.649
09/12/1999,154.115,90.273,115.968,109.761
10/12/1999,151.507,90.507,115.137,110.325
13/12/1999,153.602,90.799,115.695,108.56
14/12/1999,155.932,91.091,116.437,109.162
15/12/1999,157.389,91.704,119.417,109.449
16/12/1999,160.934,91.639,120.252,109.675
17/12/1999,161.517,92.113,120.31,110.266
20/12/1999,161.129,92.151,120.382,111.462
21/12/1999,160.34,92.702,119.22,109.927
22/12/1999,156.904,92.971,121.762,110.509
23/12/1999,157.57,92.846,121.854,111.498
24/12/1999,157.57,92.846,121.854,111.498
27/12/1999,158.725,93.25,122.194,110.715
28/12/1999,161.202,93.613,122.243,110.419
29/12/1999,160.101,94.625,123.054,110.463
30/12/1999,155.294,94.139,123.622,111.838
31/12/1999,155.294,94.139,123.622,111.838
03/01/2000,155.386,94.195,123.696,110.119
04/01/2000,154.976,92.44,122.002,110.559
05/01/2000,152.376,91.323,122.916,111.556
06/01/2000,152.356,91.214,122.794,111.504
07/01/2000,149.662,91.474,122.908,112.716
10/01/2000,151.547,91.445,121.947,112.703
11/01/2000,156.531,91.89,121.591,112.599
12/01/2000,159.871,91.498,123.478,114.13
13/01/2000,160.97,91.902,122.488,116.198
14/01/2000,168.393,91.877,123.307,115.912
17/01/2000,168.393,91.877,123.307,115.912
18/01/2000,172.705,93.097,125.134,116.349
19/01/2000,173.811,93.334,127.172,117.446
20/01/2000,176.931,93.58,126.139,117.391
21/01/2000,176.209,93.678,125.925,117.098
24/01/2000,174.012,93.506,124.379,118.103
25/01/2000,177.236,93.271,123.36,118.781
26/01/2000,174.189,93.141,123.187,118.017
27/01/2000,172.489,94.024,123.42,119.555
28/01/2000,172.05,92.694,123.018,118.785
31/01/2000,175.916,92.73,124.073,116.575
01/02/2000,180.076,92.229,123.845,116.603
02/02/2000,177.865,92.698,121.93,116.337
03/02/2000,179.681,93.463,122.563,115.366
04/02/2000,183.966,100.209,122.418,116.173
07/02/2000,178.859,96.828,122.274,116.576
08/02/2000,175.323,96.492,121.379,115.367
09/02/2000,179.402,98.54,122.036,116.279
10/02/2000,182.776,100.836,124.787,118.077
11/02/2000,182.813,99.326,124.945,116.797
14/02/2000,186.326,98.384,124.663,116.078
15/02/2000,187.208,96.777,122.751,115.821
16/02/2000,188.347,97.263,122.604,115.598
17/02/2000,186.225,96.822,123.568,115.561
18/02/2000,184.509,97.738,123.44,116.319
21/02/2000,184.509,97.738,123.44,116.319
22/02/2000,185.153,97.942,123.697,116.162
23/02/2000,186.392,96.603,124.558,114.192
24/02/2000,187.861,95.812,124.475,114.467
25/02/2000,190.524,93.748,123.027,111.833
28/02/2000,191.631,93.816,118.383,111.95
29/02/2000,194.68,93.821,118.799,112.745
01/03/2000,201.775,93.761,121.731,113.296
02/03/2000,201.364,92.588,120.749,113.934
03/03/2000,201.137,93.211,121.057,114.81
06/03/2000,204.474,92.798,121.633,115.816
07/03/2000,212.84,93.874,120.842,115.337
08/03/2000,197.123,93.167,119.873,116.137
09/03/2000,201.18,93.793,121.268,116.348
10/03/2000,199.656,93.035,120.966,115.721
13/03/2000,201.371,93.42,120.082,117.746
14/03/2000,198.488,93.134,121.169,119.395
15/03/2000,195.202,93.298,121.66,118.749
16/03/2000,196.478,92.491,122.584,119.17
17/03/2000,194.688,92.078,122.933,120.95
20/03/2000,186.202,92.163,122.305,118.083
21/03/2000,188.407,93.556,122.561,117.603
22/03/2000,187.867,93.13,121.757,118.284
23/03/2000,188.688,92.267,121.989,116.596
24/03/2000,192.082,92.344,121.366,116.909
27/03/2000,192.53,91.173,120.434,117.1
28/03/2000,190.958,90.871,120.681,115.807
29/03/2000,186.32,89.447,120.572,115.997
30/03/2000,186.731,89.568,120.603,117.597
31/03/2000,189.226,90.43,119.838,119.67
03/04/2000,185.886,90.308,118.933,119.218
04/04/2000,178.967,92.3,117.524,117.969
05/04/2000,181.727,91.53,117.536,118.612
06/04/2000,182.423,91.268,114.926,116.689
07/04/2000,179.663,91.184,114.507,117.621
10/04/2000,174.045,91.812,116.047,116.203
11/04/2000,174.643,91.645,117.358,115.434
12/04/2000,182.917,91.629,117.023,116.666
13/04/2000,183.411,91.696,116.244,117.806
14/04/2000,181.398,92.024,113.69,117.028
17/04/2000,184.191,91.82,113.12,117.091
18/04/2000,184.3,91.535,114.782,117.567
19/04/2000,188.903,91.399,115.621,118.095
20/04/2000,189.306,90.517,115.212,117.918
21/04/2000,189.306,90.517,115.212,117.918
24/04/2000,191.155,90.286,115.285,117.887
25/04/2000,188.191,90.316,117.366,118.246
26/04/2000,185.207,89.359,118.233,117.198
27/04/2000,188.343,89.758,117.417,115.646
28/04/2000,190.517,88.928,118.012,115.066
01/05/2000,192.894,89.317,118.316,119.748
02/05/2000,198.323,89.834,120.094,120.05
03/05/2000,196.459,90.328,118.663,120.745
04/05/2000,197.345,91.309,118.808,121.296
05/05/2000,197.241,90.46,120.553,120.676
08/05/2000,204.543,89.991,119.836,118.723
09/05/2000,208.093,90.257,119.865,118.753
10/05/2000,208.387,90.36,119.897,120.949
11/05/2000,214.02,89.771,119.547,121.543
12/05/2000,215.83,89.866,121.216,121.554
15/05/2000,218.735,89.831,121.664,119.706
16/05/2000,219.481,90.244,123.795,119.412
17/05/2000,222.504,89.144,123.17,118.634
18/05/2000,226.849,89.214,123.224,119.222
19/05/2000,225.574,89.281,122.89,120.678
22/05/2000,218.962,89.784,122.108,121.957
23/05/2000,220.09,89.435,122.412,121.503
24/05/2000,230.567,89.121,122.67,120.613
25/05/2000,236.181,88.055,121.438,119.012
26/05/2000,233.315,88.511,121.547,119.911
29/05/2000,233.315,88.511,121.547,119.911
30/05/2000,237.709,88.605,117.003,116.651
31/05/2000,231.074,88.548,117.195,116.46
01/06/2000,233.966,88.699,117.368,116.735
02/06/2000,234.194,91.163,115.371,118.405
05/06/2000,236.158,92.249,116.006,116.693
06/06/2000,234.719,93.268,116.048,116.635
07/06/2000,231.002,92.925,113.717,115.516
08/06/2000,232.724,92.094,115.189,116.101
09/06/2000,234.503,91.835,115.357,116.566
12/06/2000,242.123,92.397,113.765,113.904
13/06/2000,244.643,92.095,115.387,113.912
14/06/2000,245.517,93.849,116.225,112.387
15/06/2000,246.566,93.313,118.586,112.145
16/06/2000,241.948,93.16,119.026,112.244
19/06/2000,235.635,92.261,119.325,112.287
20/06/2000,239.901,92.262,117.688,111.911
21/06/2000,246.334,91.948,118.648,112.204
22/06/2000,253.651,91.804,118.662,112.21
23/06/2000,252.927,91.172,117.425,110.522
26/06/2000,251.85,91.517,119.59,109.279
27/06/2000,256.269,91.836,118.87,110.055
28/06/2000,251.728,93.555,119.732,109.847
29/06/2000,256.208,92.852,118.833,110.956
30/06/2000,255.814,93.18,119.349,107.362
03/07/2000,255.814,93.18,119.349,107.362
04/07/2000,255.814,93.18,119.349,107.362
05/07/2000,241.813,91.613,119.676,106.29
06/07/2000,237.096,91.536,118.598,104.725
07/07/2000,241.228,91.447,118.553,105.527
10/07/2000,239.907,91.665,119.239,105.48
11/07/2000,241.916,91.088,120.515,105.48
12/07/2000,241.068,90.733,120.834,105.981
13/07/2000,247.335,90.671,120.499,106.956
14/07/2000,246.323,91.017,119.901,104.984
17/07/2000,241.173,91.696,121.339,105.925
18/07/2000,246.153,91.479,121.883,108.035
19/07/2000,242.393,90.497,121.857,108.006
20/07/2000,238.979,90.733,121.947,108.383
21/07/2000,231.246,90.431,122.793,109.186
24/07/2000,225.753,90.298,123.312,107.398
25/07/2000,224.703,90.546,123.132,106.803
26/07/2000,226.686,90.429,121.596,106.725
27/07/2000,229.082,90.274,122.299,107.036
28/07/2000,230.15,90.127,121.914,107.052
31/07/2000,225.937,90.144,122.432,106.278
01/08/2000,232.094,90.107,122.095,105.713
02/08/2000,237.822,90.006,121.931,106.73
03/08/2000,239.947,89.182,121.26,106.143
04/08/2000,247.035,88.672,121.513,105.049
07/08/2000,241.37,88.971,121.351,104.453
08/08/2000,244.483,88.714,120.385,105.481
09/08/2000,251.087,88.326,120.64,104.845
10/08/2000,257.654,88.458,120.532,104.708
11/08/2000,256.191,89.19,120.666,105.411
14/08/2000,256.765,88.897,121.945,105.958
15/08/2000,254.949,88.778,122.685,105.915
16/08/2000,258.19,89.356,122.038,106.942
17/08/2000,260.483,89.475,122.552,106.275
18/08/2000,263.282,89.137,122.258,106.275
21/08/2000,270.828,88.871,121.527,106.572
22/08/2000,264.167,88.409,123.006,105.943
23/08/2000,270.706,87.577,122.957,105.434
24/08/2000,267.819,88.32,123.338,106.105
25/08/2000,270.347,88.76,123.343,106.938
28/08/2000,276.137,88.98,123.249,107.768
29/08/2000,275.226,88.857,125.541,109.7
30/08/2000,281.371,88.875,126.613,109.033
31/08/2000,280.58,90.085,126.286,109.905
01/09/2000,282.143,89.839,126.329,110.08
04/09/2000,282.143,89.839,126.329,110.08
05/09/2000,286.913,89.593,128.049,110.951
06/09/2000,294.572,89.133,128.274,108.991
07/09/2000,297.638,88.869,128.562,108.987
08/09/2000,285.992,88.628,129.721,110.514
11/09/2000,297.612,88.491,129.5,110.324
12/09/2000,292.858,88.59,131.315,109.772
13/09/2000,289.21,88.504,131.051,109.028
14/09/2000,293.32,88.421,130.547,107.611
15/09/2000,301.437,88.286,129.68,106.109
18/09/2000,307.043,88.168,129.319,106.436
19/09/2000,305.096,88.332,129.116,105.591
20/09/2000,305.95,87.417,127.309,105.179
21/09/2000,299.917,87.878,129.123,105.449
22/09/2000,289.132,88.454,129.23,106.631
25/09/2000,286.306,89.025,130.104,106.574
26/09/2000,286.335,89.066,128.671,106.96
27/09/2000,286.88,90.252,128.714,106.977
28/09/2000,273.721,89.559,128.043,107.65
29/09/2000,277.249,88.837,127.984,107.867
02/10/2000,288.203,88.782,125.347,108.199
03/10/2000,287.84,88.492,125.334,108.969
04/10/2000,283.27,87.939,124.85,109.156
05/10/2000,275.459,88.078,126.059,109.144
06/10/2000,274.924,87.744,125.066,109.309
09/10/2000,283.059,87.982,123.316,109.504
10/10/2000,291.22,88.671,124.464,110.886
11/10/2000,298.429,87.956,124.124,110.832
12/10/2000,315.085,89.571,122.148,110.507
13/10/2000,303.843,88.449,123.369,109.479
16/10/2000,291.66,88.278,122.192,110.207
17/10/2000,292.059,87.98,120.314,110.383
18/10/2000,289.194,87.855,119.729,109.648
19/10/2000,281.413,87.655,120.267,109.279
20/10/2000,286.066,87.898,119.57,108.822
23/10/2000,293.172,87.41,120.03,107.384
24/10/2000,287.361,87.516,120.009,107.8
25/10/2000,281.989,86.388,118.331,106.964
26/10/2000,284.938,85.933,115.672,105.293
27/10/2000,276.13,85.866,117.016,105.127
30/10/2000,273.838,85.835,117.488,105.221
31/10/2000,273.178,86.029,118.599,105.949
01/11/2000,278.146,85.92,117.623,105.949
02/11/2000,275.972,85.719,118.101,107.536
03/11/2000,279.305,85.937,118.637,108.003
06/11/2000,278.951,86.064,117.574,108.37
07/11/2000,286.944,85.731,117.998,108.655
08/11/2000,290.868,86.001,119.071,108.484
09/11/2000,298.015,86.206,118.841,106.645
10/11/2000,297.868,85.687,117.994,106.606
13/11/2000,304.574,85.522,116.092,106.216
14/11/2000,312.7,85.596,117.648,105.622
15/11/2000,322.29,85.625,117.482,106.129
16/11/2000,312.314,85.72,116.139,106.518
17/11/2000,320.207,85.629,116.605,107.471
20/11/2000,324.469,85.805,116.73,107.89
21/11/2000,327.613,85.503,117.603,107.392
22/11/2000,330.716,85.649,117.182,107.858
23/11/2000,330.716,85.649,117.182,107.858
24/11/2000,330.716,85.649,117.182,107.858
27/11/2000,328.481,86.938,120.115,108.411
28/11/2000,315.777,86.878,120.765,108.134
29/11/2000,318.837,85.83,120.407,107.585
30/11/2000,321.882,86.989,119.287,108.314
01/12/2000,312.117,86.503,120.509,108.62
04/12/2000,322.756,87.355,120.765,108.8
05/12/2000,312.463,87.194,121.458,107.968
06/12/2000,334.371,88.38,122.276,108.051
07/12/2000,329.11,87.965,124.057,107.113
08/12/2000,325.693,87.345,125.389,108.204
11/12/2000,347.244,86.974,126.146,107.755
12/12/2000,330.072,87.022,124.875,107.005
13/12/2000,318.885,86.387,124.215,106.83
14/12/2000,309.956,86.339,125.299,106.419
15/12/2000,324.555,86.474,123.892,106.708
18/12/2000,329.51,86.353,123.525,107.493
19/12/2000,330.961,86.42,123.294,108.09
20/12/2000,320.125,87.102,121.462,108.596
21/12/2000,322.591,87.345,120.874,109.023
22/12/2000,319.002,87.376,121.273,108.816
25/12/2000,319.002,87.376,121.273,108.816
26/12/2000,326.045,87.586,121.738,108.467
27/12/2000,330.785,87.619,120.267,108.648
28/12/2000,328.61,86.85,120.766,108.486
29/12/2000,342.212,86.83,120.305,108.975
01/01/2001,342.212,86.83,120.305,108.975
02/01/2001,326.127,85.853,117.511,107.707
03/01/2001,327.129,85.418,115.943,108.555
04/01/2001,340.194,85.436,116.034,108.213
05/01/2001,343.958,85.692,117.091,107.906
08/01/2001,347.984,85.68,119.005,108.404
09/01/2001,350.196,85.578,118.761,108.731
10/01/2001,353.575,84.851,119.391,108.811
11/01/2001,348.061,84.776,120.043,107.739
12/01/2001,349.955,85.09,121.414,107.393
15/01/2001,349.955,85.09,121.414,107.393
16/01/2001,344.499,85.272,118.904,107.469
17/01/2001,327.786,85.415,120.296,108.067
18/01/2001,336.839,86.112,123.014,107.665
19/01/2001,351.271,85.908,121.925,107.323
22/01/2001,349.225,86.576,122.156,108.411
23/01/2001,343.144,86.521,122.413,107.574
24/01/2001,338.065,85.971,121.358,108.019
25/01/2001,342.586,86.119,121.759,106.965
26/01/2001,345.643,85.758,122.043,106.46
29/01/2001,332.367,85.784,121.869,105.41
30/01/2001,331.457,86.415,123.011,105.692
31/01/2001,322.952,86.4,123.143,105.489
01/02/2001,338.643,86.998,122.32,106.229
02/02/2001,355.723,86.575,122.068,106.668
05/02/2001,341.494,85.701,120.754,106.056
06/02/2001,340.86,85.11,120.834,106.362
07/02/2001,354.059,84.768,120.708,105.45
08/02/2001,356.788,83.878,121.456,104.034
09/02/2001,351.4,83.804,119.601,104.243
12/02/2001,345.08,83.982,119.565,103.964
13/02/2001,346.398,83.822,120.294,104.235
14/02/2001,338.249,83.427,119.74,104.891
15/02/2001,331.789,82.485,120.278,104.314
16/02/2001,333.521,82.999,120.61,104.558
19/02/2001,333.521,82.999,120.61,104.558
20/02/2001,329.288,82.169,119.849,104.929
21/02/2001,325.012,82.524,117.999,105.247
22/02/2001,327.099,82.663,117.126,104.2
23/02/2001,330.026,83.27,116.624,103.989
26/02/2001,325.505,84.45,118.673,102.987
27/02/2001,326.677,84.681,118.468,103.43
28/02/2001,320.012,84.833,119.341,105.01
01/03/2001,321.231,84.054,119.767,105.474
02/03/2001,324.367,83.485,120.098,105.993
05/03/2001,330.967,83.592,120.746,106.166
06/03/2001,329.593,82.96,121.54,106.15
07/03/2001,337.097,83.418,120.103,105.619
08/03/2001,331.805,84.508,118.626,105.286
09/03/2001,326.797,85.798,119.232,104.743
12/03/2001,327.67,85.604,118.827,104.813
13/03/2001,323.034,84.618,118.224,104.534
14/03/2001,311.503,83.63,117.581,103.063
15/03/2001,313.019,82.494,117.113,101.101
16/03/2001,315.042,81.873,114.905,100.433
19/03/2001,310.31,82.293,116.02,100.518
20/03/2001,310.54,82.659,116.299,100.768
21/03/2001,316.48,82.937,115.886,99.762
22/03/2001,316.916,82.803,114.984,98.294
23/03/2001,325.361,82.924,115.376,98.806
26/03/2001,327.728,83.135,114.174,100.462
27/03/2001,333.685,83.211,115.621,100.423
28/03/2001,318.437,82.562,113.623,99.972
29/03/2001,318.152,82.109,114.089,99.306
30/03/2001,315.913,81.634,112.622,97.209
02/04/2001,309.142,81.18,112.434,97.895
03/04/2001,316.655,81.473,112.769,97.83
04/04/2001,327.756,81.967,113.385,98.721
05/04/2001,331.631,81.977,114.044,98.636
06/04/2001,329.372,82.299,112.039,98.361
09/04/2001,333.585,81.835,113.433,98.276
10/04/2001,346.925,81.671,115.013,97.297
11/04/2001,344.558,82.209,114.328,98.071
12/04/2001,344.777,82.538,114.8,98.302
13/04/2001,344.777,82.538,114.8,98.302
16/04/2001,353.266,83.687,114.907,98.079
17/04/2001,348.401,82.803,114.739,97.567
18/04/2001,345.784,82.831,116.42,97.922
19/04/2001,343.409,84.066,115.566,96.805
20/04/2001,338.425,83.998,116.232,96.317
23/04/2001,338.529,83.766,114.721,96.139
24/04/2001,333.441,83.93,114.662,95.89
25/04/2001,336.212,82.972,115.944,96.044
26/04/2001,343.373,83.496,115.821,97.269
27/04/2001,342.665,83.39,115.734,96.548
30/04/2001,342.809,83.215,116.414,97.899
01/05/2001,346.119,83.458,117.022,98.362
02/05/2001,335.633,83.748,118.419,98.354
03/05/2001,343.337,83.801,118.289,98.187
04/05/2001,343.928,83.738,117.268,98.2
07/05/2001,336.641,83.589,117.364,98.003
08/05/2001,335.354,83.414,116.006,98.293
09/05/2001,340.392,84.969,115.708,97.674
10/05/2001,342.524,84.427,115.417,97.161
11/05/2001,339.099,84.113,117.159,96.866
14/05/2001,338.132,84.313,115.608,98.011
15/05/2001,342.916,84.079,115.717,98.242
16/05/2001,338.368,85.71,116.653,98.443
17/05/2001,339.838,86.275,117.395,98.38
18/05/2001,351.076,89.871,118.776,98.236
21/05/2001,350.22,89.279,119.783,96.559
22/05/2001,348.526,89.315,118.431,96.011
23/05/2001,346.778,89.048,117.992,96.097
24/05/2001,336.336,88.204,118.786,96.13
25/05/2001,333.289,87.743,118.696,94.67
28/05/2001,333.289,87.743,118.696,94.67
29/05/2001,332.209,86.641,116.181,94.097
30/05/2001,332.321,84.396,116.049,93.492
31/05/2001,330.248,84.104,114.918,94.303
01/06/2001,325.848,84.432,114.607,95.755
04/06/2001,326.755,83.647,114.524,94.923
05/06/2001,326.347,83.835,115.779,94.924
06/06/2001,320.408,83.804,115.371,95.685
07/06/2001,320.557,83.854,114.66,95.39
08/06/2001,325.815,85.685,113.166,96.042
11/06/2001,333.132,84.269,112.708,96.08
12/06/2001,337.336,85.317,112.283,96.146
13/06/2001,332.898,85.648,111.796,96.149
14/06/2001,333.88,86.693,112.463,95.643
15/06/2001,328.86,85.398,111.274,93.973
18/06/2001,319.658,85.795,111.102,95.101
19/06/2001,319.902,85.919,111.455,94.855
20/06/2001,305.794,85.396,109.745,93.431
21/06/2001,304.58,85.338,109.708,93.878
22/06/2001,305.786,85.171,109.527,92.876
25/06/2001,306.529,85.481,109.333,92.002
26/06/2001,303.854,86.278,109.848,92.977
27/06/2001,289.401,85.103,110.277,93.358
28/06/2001,288.593,84.422,108.448,93.243
29/06/2001,291.105,84.699,108.21,95.29
02/07/2001,288.785,84.36,108.955,95.5
03/07/2001,292.012,83.788,107.927,95.885
04/07/2001,292.012,83.788,107.927,95.885
05/07/2001,296.386,83.024,106.905,96.818
06/07/2001,306.258,83.358,107.514,96.726
09/07/2001,301.751,83.356,106.903,97.894
10/07/2001,300.576,83.403,107.922,98.693
11/07/2001,297.687,83.872,107.62,100.441
12/07/2001,298.542,83.537,107.087,103.78
13/07/2001,292.417,83.89,106.695,102.479
16/07/2001,289.481,83.327,106.573,100.621
17/07/2001,288.248,83.83,107.755,102.952
18/07/2001,280.719,84.548,106.904,101.357
19/07/2001,276.842,84.098,105.784,101.498
20/07/2001,286.884,84.22,105.949,98.628
23/07/2001,287.761,84.102,104.806,99.614
24/07/2001,289.34,84.314,104.424,99.763
25/07/2001,298.602,83.676,103.521,100.654
26/07/2001,298.021,83.387,103.88,100.475
27/07/2001,299.346,83.55,103.524,101.289
30/07/2001,297.927,82.933,103.286,100.211
31/07/2001,293.877,83.409,103.433,101.293
01/08/2001,295.49,83.693,103.316,99.941
02/08/2001,306.498,83.712,103.148,98.251
03/08/2001,303.435,83.796,102.783,97.487
06/08/2001,304.677,83.425,101.904,98.619
07/08/2001,306.233,83.326,101.385,99.475
08/08/2001,303.55,83.408,100.108,99.911
09/08/2001,304.436,85.006,100.531,100.458
10/08/2001,308.611,84.767,100.33,100.556
13/08/2001,307.307,85.213,99.591,101.677
14/08/2001,309.657,85.626,100.9,100.742
15/08/2001,308.87,85.232,100.828,100.77
16/08/2001,305.571,85.355,101.923,99.474
17/08/2001,295.239,86.651,104.087,100.094
20/08/2001,298.217,85.317,102.733,97.995
21/08/2001,303.218,85.266,101.765,98.652
22/08/2001,298.657,85.326,102.932,98.451
23/08/2001,300.769,85.483,103.431,98.587
24/08/2001,303.808,84.666,103.565,97.957
27/08/2001,301.547,84.759,104.283,98.516
28/08/2001,305.53,84.579,103.459,97.824
29/08/2001,304.265,84.914,103.939,98.424
30/08/2001,300.078,85.164,102.113,97.24
31/08/2001,305.935,84.982,102.079,97.949
03/09/2001,305.935,84.982,102.079,97.949
04/09/2001,302.095,84.258,101.245,97.003
05/09/2001,304.377,84.388,100.765,96.448
06/09/2001,309.981,84.574,99.231,95.147
07/09/2001,316.289,84.578,98.273,95.123
10/09/2001,312.246,84.337,98.432,95.013
11/09/2001,312.246,84.337,98.432,95.013
12/09/2001,312.246,84.337,98.432,95.013
13/09/2001,312.246,84.337,98.432,95.013
14/09/2001,331.7489,89.3111,99.5111,95.013
17/09/2001,324.334,89.596,98.124,94.862
18/09/2001,309.902,89.513,98.339,93.657
19/09/2001,297.868,91.558,97.116,92.681
20/09/2001,295.347,89.879,96.629,93.422
21/09/2001,288.149,91.025,97.214,93.028
24/09/2001,248.838,90.474,96.544,92.957
25/09/2001,247.214,90.428,96.139,92.76
26/09/2001,253.094,91.477,96.683,93.5
27/09/2001,256.216,91.083,96.686,93.224
28/09/2001,261.979,91.628,95.888,91.789
01/10/2001,260.553,91.422,95.964,91.201
02/10/2001,256.284,90.815,95.842,90.711
03/10/2001,251.084,90.9,94.993,91.161
04/10/2001,256.661,91.066,94.907,91.673
05/10/2001,251.445,91.383,94.486,91.663
08/10/2001,252.322,91.525,95.301,91.131
09/10/2001,253.6,90.051,95.034,90.476
10/10/2001,254.631,88.788,94.713,90.756
11/10/2001,261.515,87.782,95.02,90.681
12/10/2001,251.944,88.732,95.628,88.989
15/10/2001,249.218,87.656,94.795,87.916
16/10/2001,248.152,87.45,95.219,88.459
17/10/2001,245.042,87.839,95.065,89.627
18/10/2001,241.362,86.319,93.394,89.03
19/10/2001,249.652,86.582,91.882,88.393
22/10/2001,250.716,85.35,91.946,87.246
23/10/2001,246.064,85.489,92.743,87.779
24/10/2001,252.681,85.299,91.725,88.15
25/10/2001,248.977,85.763,91.928,88.515
26/10/2001,248.854,85.764,92.972,88.573
29/10/2001,251.033,86.248,92.405,88.384
30/10/2001,246.578,86.7,92.83,89.389
31/10/2001,241.679,86.343,91.535,89.25
01/11/2001,234.652,86.297,91.402,89.474
02/11/2001,232.797,85.807,90.295,88.906
05/11/2001,228.301,85.462,90.953,89.477
06/11/2001,226.875,85.733,90.745,89.398
07/11/2001,228.313,86.041,89.901,90.417
08/11/2001,240.117,84.825,90.883,90.346
09/11/2001,249.861,84.986,94.411,91.514
12/11/2001,238.831,85.42,97.305,91.662
13/11/2001,242.53,85.406,100.978,92.094
14/11/2001,223.85,85.432,100.476,93.063
15/11/2001,203.128,84.665,99.317,92.785
16/11/2001,208.736,84.515,101.064,93.927
19/11/2001,210.908,83.883,100.355,93.957
20/11/2001,217.923,83.912,99.306,93.496
21/11/2001,215.945,83.832,99.405,93.912
22/11/2001,215.945,83.832,99.405,93.912
23/11/2001,215.945,83.832,99.405,93.912
26/11/2001,212.628,83.682,100.626,92.766
27/11/2001,219.952,83.921,101.999,92.455
28/11/2001,215.166,84.507,101.995,91.304
29/11/2001,208.587,84.181,103.937,92.072
30/11/2001,216.779,84.551,104.657,93.884
03/12/2001,222.363,85.618,101.962,93.674
04/12/2001,217.279,84.864,101.227,92.91
05/12/2001,214.358,84.733,101.17,92.747
06/12/2001,205.966,85.031,100.077,92.442
07/12/2001,210.227,85.127,98.211,92.744
10/12/2001,206.229,84.62,97.246,92.119
11/12/2001,204.139,84.772,98.103,92.478
12/12/2001,205.93,85.086,96.835,91.651
13/12/2001,205.025,85.193,96.654,91.477
14/12/2001,214.695,86.542,96.567,92.428
17/12/2001,213.258,86.502,97.598,91.985
18/12/2001,213.771,87.391,99.463,90.945
19/12/2001,215.995,85.684,98.693,91.445
20/12/2001,211.981,86.293,98.613,91.216
21/12/2001,214.749,87.09,99.803,90.901
24/12/2001,214.749,87.09,99.803,90.901
25/12/2001,214.749,87.09,99.803,90.901
26/12/2001,230.575,87.785,100.226,90.025
27/12/2001,225.049,86.957,99.387,90.683
28/12/2001,221.817,86.917,98.896,90.389
31/12/2001,215.135,87.91,97.855,90.102
01/01/2002,215.135,87.91,97.855,90.102
02/01/2002,224.473,87.681,97.268,90.319
03/01/2002,217.743,87.916,98.113,91.283
04/01/2002,228.612,88.304,99.561,92.756
07/01/2002,226.754,88.339,104.91,93.581
08/01/2002,224.676,88.267,104.084,93.946
09/01/2002,215.488,89.671,104.827,94.302
10/01/2002,217.537,90.469,102.851,93.455
11/01/2002,213.325,90.531,103.051,94.098
14/01/2002,207.531,89.094,103.75,93.659
15/01/2002,208.732,89.085,102.489,93.864
16/01/2002,212.194,89.807,103.691,94.54
17/01/2002,203.243,88.527,102.584,93.792
18/01/2002,202.828,87.701,101.526,92.53
21/01/2002,202.828,87.701,101.526,92.53
22/01/2002,201.484,87.07,101.625,91.939
23/01/2002,204.437,86.267,102.866,91.594
24/01/2002,206,86.25,103.722,91.328
25/01/2002,208.465,86.584,102.419,91.017
28/01/2002,205.01,86.165,100.931,90.354
29/01/2002,203.975,87.068,100.767,89.72
30/01/2002,200.866,87.175,100.99,89.243
31/01/2002,205.979,86.804,103.628,89.104
01/02/2002,212.726,88.175,104.319,89.355
04/02/2002,209.408,88.84,103.552,89.957
05/02/2002,207.764,91.433,104.307,89.853
06/02/2002,205.994,91.085,103.403,89.278
07/02/2002,206.181,91.504,103.691,89.803
08/02/2002,211.707,92.959,103.664,89.694
11/02/2002,222.29,91.943,102.573,89.314
12/02/2002,218.353,92.439,103.303,89.944
13/02/2002,219.182,92.26,105.267,90.066
14/02/2002,217.412,92.417,104.316,89.606
15/02/2002,218.987,92.159,103.426,89.185
18/02/2002,218.987,92.159,103.426,89.185
19/02/2002,219.079,90.621,101.258,88.973
20/02/2002,214.52,90.034,101.942,89.88
21/02/2002,218.887,90.366,102.425,89.912
22/02/2002,220.112,90.247,100.934,89.565
25/02/2002,212.491,89.968,101.552,88.782
26/02/2002,219.621,91.486,101.587,88.45
27/02/2002,220.416,91.138,103.701,88.429
28/02/2002,222.215,91.642,103.459,88.117
01/03/2002,227.38,92.209,104.653,89.811
04/03/2002,230.569,92.115,106.091,89.602
05/03/2002,235.441,91.255,105.534,90.615
06/03/2002,238.387,91.012,106.367,90.639
07/03/2002,248.065,89.976,107.177,91.329
08/03/2002,250.275,90.069,107.372,91.849
11/03/2002,259.98,90.202,107.183,92.696
12/03/2002,259.274,90.857,106.532,93.045
13/03/2002,256.266,91.022,106.129,92.824
14/03/2002,259.599,90.311,106.973,93.681
15/03/2002,263.432,90.029,107.842,93.858
18/03/2002,274.133,90.594,108.908,92.021
19/03/2002,271.792,90.865,109.658,92.515
20/03/2002,265.785,90.787,109.674,92.231
21/03/2002,278.075,90.816,108.316,92.112
22/03/2002,272.278,92.012,106.233,92.491
25/03/2002,272.45,92.286,105.334,92.128
26/03/2002,273.202,92.113,106.355,92.623
27/03/2002,274.579,93.828,106.753,93.936
28/03/2002,276.819,93.763,107.593,93.356
29/03/2002,276.819,93.763,107.593,93.356
01/04/2002,287.429,94.163,107.668,93.686
02/04/2002,296.506,95.055,108.189,93.609
03/04/2002,290.865,93.837,106.241,92.385
04/04/2002,279.687,93.277,105.546,91.7
05/04/2002,276.028,92.813,104.297,91.952
08/04/2002,280.483,92.842,104.027,90.805
09/04/2002,272.87,92.376,104.876,91.06
10/04/2002,273.49,93.435,104.446,91.167
11/04/2002,263.195,93.316,104.477,90.499
12/04/2002,253.097,93.352,103.977,90.383
15/04/2002,269.463,92.101,104.218,89.804
16/04/2002,267.412,91.592,105.75,90.781
17/04/2002,277.529,92.586,107.013,91.847
18/04/2002,278.629,93.397,105.762,91.492
19/04/2002,280.831,92.929,106.42,91.113
22/04/2002,282.063,93.297,107.395,91.27
23/04/2002,283.477,93.679,106.297,91.597
24/04/2002,276.958,93.68,106.625,91.601
25/04/2002,275.931,94.857,105.978,90.094
26/04/2002,280.323,95.832,106.565,89.095
29/04/2002,287.728,95.624,106.518,88.233
30/04/2002,292.335,94.544,105.993,88.957
01/05/2002,287.434,94.567,104.13,88.652
02/05/2002,282.373,94.46,104.948,88.097
03/05/2002,286.248,95.628,103.95,87.924
06/05/2002,278.82,95.399,103.482,88.056
07/05/2002,283.741,95.601,104.202,88.562
08/05/2002,290.602,94.583,104.991,89.088
09/05/2002,289.336,95.107,104.634,89.573
10/05/2002,292.91,95.682,104.708,89.586
13/05/2002,295.985,95.286,104.252,91.347
14/05/2002,303.921,94.544,104.69,91.414
15/05/2002,289.499,95.026,104.563,92.307
16/05/2002,289.01,95.372,103.926,92.357
17/05/2002,289.704,95.638,102.692,92.032
20/05/2002,287.528,97.422,101.789,92.721
21/05/2002,279.368,97.819,101.723,92.721
22/05/2002,281.38,98.296,102.148,92.324
23/05/2002,279.378,99.705,102.793,92.378
24/05/2002,275.902,99.02,103.014,91.958
27/05/2002,275.902,99.02,103.014,91.958
28/05/2002,268.958,99.886,104.927,93.117
29/05/2002,276.052,100.522,104.741,93.863
30/05/2002,260.402,100.718,104.64,94.374
31/05/2002,264.219,101.21,106.347,95.779
03/06/2002,263.498,101.473,106.98,95.008
04/06/2002,267.616,101.968,107.549,95.001
05/06/2002,263.471,99.491,108.196,95.165
06/06/2002,261.197,100.602,108.157,94.784
07/06/2002,261.161,100.436,107.507,93.72
10/06/2002,256.41,98.749,107.883,92.858
11/06/2002,255.198,98.82,106.535,92.73
12/06/2002,256.65,99.14,106.487,92.841
13/06/2002,267.195,98.112,106.207,93.664
14/06/2002,272.366,98.507,106.405,93.042
17/06/2002,273.72,97.992,106.117,93
18/06/2002,268.561,98.482,106.366,92.574
19/06/2002,268.003,98.612,105.831,92.904
20/06/2002,267.511,99.542,104.774,93.857
21/06/2002,266.169,99.784,104.569,93.897
24/06/2002,274.988,99.772,103.976,95.981
25/06/2002,274.092,98.642,105.311,96.393
26/06/2002,272.271,98.833,105.363,96.531
27/06/2002,270.791,98.672,105.575,97.689
28/06/2002,271.484,97.155,107.365,98.939
01/07/2002,270.498,97.458,107.674,100.775
02/07/2002,269.471,97.523,106.267,100.351
03/07/2002,269.274,97.123,105.872,100.222
04/07/2002,269.274,97.123,105.872,100.222
05/07/2002,269.274,97.123,105.872,100.222
08/07/2002,259.898,97.552,106.671,99.489
09/07/2002,261.552,98.882,106.708,101.149
10/07/2002,262.684,98.531,106.819,101.553
11/07/2002,262.524,99.335,106.775,101.433
12/07/2002,265.943,98.811,106.668,100.474
15/07/2002,262.933,100.011,106.422,101.519
16/07/2002,269.823,99.021,106.189,103.041
17/07/2002,270.027,98.899,105.587,102.378
18/07/2002,269.98,98.768,105.242,102.995
19/07/2002,270.695,100.697,103.907,103.485
22/07/2002,263.337,100.445,101.976,106.191
23/07/2002,258.779,97.102,99.909,103.816
24/07/2002,266.613,96.668,99.396,104.484
25/07/2002,262.187,96.284,99.378,103.29
26/07/2002,260.794,93.808,99.175,102.444
29/07/2002,261.045,93.529,99.991,99.654
30/07/2002,266.366,93.969,99.403,101.553
31/07/2002,265.508,93.472,98.268,104.184
01/08/2002,258.233,93.577,98.7,104.78
02/08/2002,261.07,94.313,98.118,104.923
05/08/2002,254.45,94.675,96.739,103.898
06/08/2002,258.873,94.053,97.632,103.954
07/08/2002,253.01,96.376,97.265,104.16
08/08/2002,256.219,95.302,97.838,103.127
09/08/2002,257.261,96.335,98.333,103.706
12/08/2002,267.569,95.893,97.787,106.962
13/08/2002,267.814,95.85,97.603,108.452
14/08/2002,267.662,94.658,96.743,109.709
15/08/2002,278.157,95.377,99.187,109.308
16/08/2002,279.749,95.281,97.823,108.373
19/08/2002,283.992,93.082,97.842,107.242
20/08/2002,281.778,93.872,98.731,105.12
21/08/2002,286.639,93.537,98.241,105.677
22/08/2002,291.078,93.55,99.288,106.016
23/08/2002,289.211,93.325,98.883,106.706
26/08/2002,297.3,94.022,99.055,106.531
27/08/2002,291.973,95.038,99.642,106.903
28/08/2002,286.89,94.339,99.446,107.298
29/08/2002,286.962,95.304,98.843,106.746
30/08/2002,289.234,94.721,98.662,107.637
02/09/2002,289.234,94.721,98.662,107.637
03/09/2002,277.956,95.077,97.879,108.829
04/09/2002,283.32,95.474,98.061,110.111
05/09/2002,291.134,96.49,97.594,110.728
06/09/2002,293.312,96.852,98.268,112.245
09/09/2002,298.319,97.494,99.621,114.848
10/09/2002,298.899,96.597,101.205,114.467
11/09/2002,296.816,96.228,101.396,115.415
12/09/2002,292.985,96.992,100.94,113.662
13/09/2002,302.279,96.301,100.119,111.765
16/09/2002,301.88,96.378,98.456,112.964
17/09/2002,300.965,96.464,98.693,112.938
18/09/2002,306.357,97.506,97.483,112.779
19/09/2002,307.654,98.092,97.187,111.031
20/09/2002,305.392,97.885,97.768,110.299
23/09/2002,315.621,98.091,96.736,108.405
24/09/2002,309.422,98.914,95.903,110.172
25/09/2002,305.16,97.731,96.584,109.532
26/09/2002,306.431,96.905,97.055,110.485
27/09/2002,311.058,96.667,95.992,110.312
30/09/2002,312.787,97.837,95.712,108.417
01/10/2002,314.235,96.842,96.104,109.152
02/10/2002,314.755,96.966,97.197,108.757
03/10/2002,298.494,96.88,96.943,107.854
04/10/2002,297.937,97.114,95.891,107.799
07/10/2002,298.415,96.868,95.915,108.85
08/10/2002,301.594,95.624,95.882,108.705
09/10/2002,302.282,95.822,95.736,107.805
10/10/2002,296.929,94.709,96.162,107.178
11/10/2002,305.388,94.855,97.675,106.623
14/10/2002,311.872,95.131,96.405,107.731
15/10/2002,310.049,94.028,97.481,111.952
16/10/2002,308.874,94.578,97.618,111.588
17/10/2002,311.92,93.883,99.76,111.592
18/10/2002,310.719,94.216,98.883,110.355
21/10/2002,300.03,93.779,100.293,110.855
22/10/2002,297.056,94.579,99.592,110.323
23/10/2002,300.365,94.33,99.455,110.638
24/10/2002,297.575,93.777,100.743,112.167
25/10/2002,288.17,94.633,101.531,112.409
28/10/2002,291.822,95.058,101.737,110.895
29/10/2002,287.947,96.152,100.718,111.524
30/10/2002,291.307,95.751,100.92,110.856
31/10/2002,288.829,96.202,102.807,111.978
01/11/2002,285.421,96.307,103.807,112.336
04/11/2002,279.382,96.19,103.574,112.631
05/11/2002,274.31,96.214,103.062,112.023
06/11/2002,271.286,95.995,104.091,112.407
07/11/2002,268.756,97.037,102.379,112.1
08/11/2002,271.137,97.126,102.766,110.496
11/11/2002,269.059,97.328,103.801,110.788
12/11/2002,270.916,98.183,103.329,109.084
13/11/2002,265.644,96.661,103.041,109.162
14/11/2002,266.085,96.495,102.171,110.114
15/11/2002,270.472,97.222,102.767,110.568
18/11/2002,284.372,96.685,103.182,110.08
19/11/2002,282.534,96.629,102.878,111.153
20/11/2002,286.515,96.307,104.726,111.565
21/11/2002,290.375,95.936,105.25,110.958
22/11/2002,291.763,97.107,104.861,111.177
25/11/2002,286.233,96.061,104.503,110.96
26/11/2002,285.988,95.768,103.513,110.768
27/11/2002,287.828,95.488,105.535,111.389
28/11/2002,287.828,95.488,105.535,111.389
29/11/2002,287.828,95.488,105.535,111.389
02/12/2002,294.01,95.699,106.502,111.507
03/12/2002,292.378,96.9,105.894,109.331
04/12/2002,289.169,97.466,105.95,109.446
05/12/2002,295.89,98.371,104.395,108.998
06/12/2002,292.825,98.766,104.84,108.97
09/12/2002,294.876,98.454,103.933,108.746
10/12/2002,305.38,97.98,104.678,109.307
11/12/2002,304.685,98.395,104.868,109.016
12/12/2002,316.059,100.461,104.908,108.982
13/12/2002,322.518,100.636,103.999,108.907
16/12/2002,333.522,101.478,103.298,108.396
17/12/2002,329.577,101.241,104.1,108.545
18/12/2002,334.525,102.441,103.624,108.78
19/12/2002,332.747,103.597,102.779,108.729
20/12/2002,336.209,101.86,102.738,109.16
23/12/2002,344.723,103.034,102.787,109.565
24/12/2002,346.872,103.459,102.324,109.524
25/12/2002,346.872,103.459,102.324,109.524
26/12/2002,345.58,104.17,102.014,108.621
27/12/2002,347.301,104.338,102.202,108.282
30/12/2002,334.477,102.814,101.292,107.341
31/12/2002,333.642,104.488,100.693,107.342
01/01/2003,333.642,104.488,100.693,107.342
02/01/2003,348.608,104.169,102.33,109.335
03/01/2003,358.971,105.754,102.857,108.85
06/01/2003,344.072,105.915,103.638,109.314
07/01/2003,341.627,104.415,103.79,109.695
08/01/2003,340.55,106.19,105.012,110.565
09/01/2003,353.428,105.997,105.386,109.848
10/01/2003,346.514,106.368,104.781,107.803
13/01/2003,354.093,106.232,105.146,106.179
14/01/2003,352.414,105.22,106.187,106.436
15/01/2003,363.503,105.034,107.063,106.562
16/01/2003,370.524,106.883,106.942,106.554
17/01/2003,369.44,106.454,106.542,107.544
20/01/2003,369.44,106.454,106.542,107.544
21/01/2003,368.525,106.701,108.394,107.554
22/01/2003,370.727,107.393,109.099,107.788
23/01/2003,363.61,108.05,109.506,108.263
24/01/2003,371.965,109.46,109.557,109.072
27/01/2003,361.608,109.383,108.199,108.936
28/01/2003,366.525,109.759,107.521,109.987
29/01/2003,380.942,108.538,108.367,109.133
30/01/2003,381.953,109.433,110.683,109.883
31/01/2003,379.682,109.246,110.342,110.631
03/02/2003,378.351,109.644,110.737,110.93
04/02/2003,386.899,111.945,109.426,110.864
05/02/2003,389.478,110.454,109.716,110.263
06/02/2003,396.124,108.519,108.513,110.844
07/02/2003,411.073,108.297,108.035,110.753
10/02/2003,399.869,106.642,110.165,111.798
11/02/2003,408.9,106.204,109.606,112.075
12/02/2003,404.938,103.665,109.11,110.823
13/02/2003,409.188,104.842,106.613,110.502
14/02/2003,411.508,103.657,107.383,111.593
17/02/2003,411.508,103.657,107.383,111.593
18/02/2003,412.238,102.092,106.519,111.552
19/02/2003,416.686,103.746,106.832,110.859
20/02/2003,411.466,104.644,107.917,110.424
21/02/2003,425.574,104.397,109.609,110.089
24/02/2003,453.147,105.71,111.091,108.699
25/02/2003,424.983,104.412,111.017,108.151
26/02/2003,441.162,104.862,112.446,108.603
27/02/2003,433.937,102.587,111.864,107.956
28/02/2003,435.03,103.628,110.403,108.191
03/03/2003,427.627,103.86,111.391,108.355
04/03/2003,434.057,104.728,110.374,108.072
05/03/2003,433.591,104.497,108.66,107.926
06/03/2003,439.901,105.518,108.412,107.991
07/03/2003,454.743,104.317,109.6,107.846
10/03/2003,448.715,105.12,108.106,107.376
11/03/2003,434.734,104.277,109.443,107.342
12/03/2003,439.256,103.096,108.158,106.641
13/03/2003,414.773,100.217,107.213,107.199
14/03/2003,406.681,100.337,106.783,107.222
17/03/2003,399.78,99.942,107.997,105.855
18/03/2003,377.452,100.153,107.475,106.458
19/03/2003,370.548,99.571,108.629,106.391
20/03/2003,360.79,98.854,107.457,107.186
21/03/2003,345.774,96.97,108.417,106.813
24/03/2003,362.209,97.804,107.4,105.227
25/03/2003,352.282,97.721,107.731,104.876
26/03/2003,359.141,98.143,105.582,104.296
27/03/2003,376.222,97.749,103.599,104.565
28/03/2003,370.979,98.664,103.692,104.913
31/03/2003,375.085,99.839,102.557,106.191
01/04/2003,365.943,99.305,103.12,106.02
02/04/2003,354.132,98.06,102.463,107.498
03/04/2003,354.08,97.115,101.578,107.146
04/04/2003,352.464,97.195,102.384,107.684
07/04/2003,351.356,96.432,103.124,108.873
08/04/2003,351.191,96.92,102.454,108.356
09/04/2003,361.35,97.666,102.394,108.367
10/04/2003,358.019,97.949,101.581,107.777
11/04/2003,362.145,98.229,103.236,107.407
14/04/2003,364.215,97.735,102.733,106.996
15/04/2003,370.424,97.776,104.072,108.139
16/04/2003,371.669,97.721,104.436,107.865
17/04/2003,379.301,97.914,105.079,109.502
18/04/2003,379.301,97.914,105.079,109.502
21/04/2003,381.713,99.681,104.653,109.586
22/04/2003,374.69,100.255,103.247,109.641
23/04/2003,363.768,99.802,103.238,109.126
24/04/2003,361.929,100.617,102.603,108.354
25/04/2003,359.229,100.239,102.65,108.358
28/04/2003,345.325,100.177,102.477,107.54
29/04/2003,343.756,99.825,103.636,108.104
30/04/2003,350.426,101.522,104.322,108.55
01/05/2003,349.79,102.92,104.452,109.066
02/05/2003,345.56,102.82,103.302,108.419
05/05/2003,362.63,103.219,103.263,108.047
06/05/2003,353.988,103.174,103.937,108.404
07/05/2003,360.494,102.696,105.354,108.435
08/05/2003,368.93,104.466,105.729,108.246
09/05/2003,374.642,104.5,105.613,111.448
12/05/2003,375.843,105.594,106.596,112.545
13/05/2003,392.813,104.963,107.706,112.077
14/05/2003,398.645,105.747,107.765,112.266
15/05/2003,391.371,105.256,108.374,112.857
16/05/2003,393.713,105.773,107.936,112.587
19/05/2003,386.528,108.013,107.936,110.934
20/05/2003,388.12,108.178,107.799,111.84
21/05/2003,396.747,109.125,109.039,111.067
22/05/2003,392.435,107.861,108.917,110.228
23/05/2003,396.321,107.946,108.086,110.078
26/05/2003,396.321,107.946,108.086,110.078
27/05/2003,391.97,107.609,109.493,108.717
28/05/2003,386.415,107.142,108.757,107.466
29/05/2003,391.823,107.722,109.393,107.689
30/05/2003,399.181,106.37,110.43,107.233
02/06/2003,412.135,106.552,112.37,106.191
03/06/2003,410.738,106.395,111.955,105.343
04/06/2003,405.658,105.755,111.165,105.316
05/06/2003,415.213,107.031,111.357,105.538
06/06/2003,418.853,106.229,111.348,106.821
09/06/2003,415.412,105.665,109.513,106.706
10/06/2003,418.602,103.263,109.041,108.206
11/06/2003,419.221,104.181,108.604,109.012
12/06/2003,398.582,103.723,108.849,109.393
13/06/2003,391.895,104.868,107.508,106.75
16/06/2003,394.362,105.64,107.197,106.661
17/06/2003,394.213,106.515,109.608,107.232
18/06/2003,386.569,104.908,110.015,107.787
19/06/2003,392.769,105.84,109.85,107.234
20/06/2003,397.702,104.494,108.534,106.761
23/06/2003,396.752,103.971,107.395,105.594
24/06/2003,389.465,102.262,107.897,105.306
25/06/2003,399.931,103.175,107.351,105.89
26/06/2003,382.564,101.751,106.747,104.346
27/06/2003,384.691,101.943,107.495,104.738
30/06/2003,393.507,102.426,106.147,104.704
01/07/2003,393.756,103.696,106.218,105.943
02/07/2003,389.197,104.042,107.834,106.237
03/07/2003,390.816,104.271,106.525,105.2
04/07/2003,390.816,104.271,106.525,105.2
07/07/2003,392.572,103.928,109.185,104.343
08/07/2003,397.736,103.111,109.109,104.846
09/07/2003,404.982,103.491,110.251,105.494
10/07/2003,399.28,103.592,110.474,103.287
11/07/2003,399.128,103.655,110.398,103.445
14/07/2003,397.968,104.195,112.112,103.496
15/07/2003,395.949,102.152,111.366,102.419
16/07/2003,386.386,102.4,111.05,102.728
17/07/2003,391.092,102.729,110.03,102.775
18/07/2003,393.668,103.714,110.839,102.718
21/07/2003,394.262,104.638,109.868,102.462
22/07/2003,376.41,104.819,109.568,102.105
23/07/2003,378.451,108.237,110.381,102.129
24/07/2003,379.22,109.278,112.676,102.134
25/07/2003,378.547,109.177,113.528,102.732
28/07/2003,377.249,110.363,114.138,103.996
29/07/2003,377.588,109.517,114.528,103.913
30/07/2003,383.259,107.701,113.274,103.085
31/07/2003,382.947,107.572,115.682,102.904
01/08/2003,402.921,105.714,114.892,103.777
04/08/2003,392.436,105.923,113.803,104.151
05/08/2003,398.039,105.506,113.647,103.413
06/08/2003,395.745,105.949,113.308,104.492
07/08/2003,409.934,106.729,114.658,103.815
08/08/2003,406.672,107.273,112.07,103.96
11/08/2003,406.945,108.494,112.268,103.961
12/08/2003,409.057,106.955,111.52,105.424
13/08/2003,400.489,108.776,111.969,105.655
14/08/2003,395.94,109.62,113.003,105.625
15/08/2003,394.827,108.373,111.973,105.952
18/08/2003,394.356,107.349,112.135,108.729
19/08/2003,395.143,108.436,113.766,106.918
20/08/2003,401.388,109.469,113.715,108.004
21/08/2003,411.874,107.893,113.065,107.982
22/08/2003,412.163,108.755,113.6,108.451
25/08/2003,405.494,108.33,113.682,108.463
26/08/2003,405.717,109.347,112.697,108.492
27/08/2003,395.918,111.707,112.535,108.573
28/08/2003,399.461,111.136,111.969,109.343
29/08/2003,395.999,112.149,113.411,110.384
01/09/2003,395.999,112.149,113.411,110.384
02/09/2003,376.642,110.885,114.754,109.181
03/09/2003,378.992,111.462,116.108,109.321
04/09/2003,377.909,110.977,114.28,110.007
05/09/2003,376.798,112.688,115.846,109.44
08/09/2003,374.681,111.899,115.323,109.909
09/09/2003,378.914,114.279,112.966,110.406
10/09/2003,385.365,113.916,112.163,110.877
11/09/2003,376.101,114.339,114.547,111.42
12/09/2003,373.584,112.727,113.608,111.293
15/09/2003,370.537,112.414,114.195,110.416
16/09/2003,364.693,112.323,113.702,108.717
17/09/2003,357.321,113.283,114.385,109.594
18/09/2003,354.175,113.208,115.077,109.424
19/09/2003,351.752,114.494,115.96,110.655
22/09/2003,353.221,115.563,116.152,111.833
23/09/2003,352.731,115.104,115.633,111.847
24/09/2003,364.228,115.802,116.32,112.769
25/09/2003,363.18,114.734,116.53,113.161
26/09/2003,360.813,113.387,114.976,112.697
29/09/2003,368.74,113.274,115.424,114.574
30/09/2003,374.772,114.307,114.835,114.224
01/10/2003,372.836,113.849,115.098,114.972
02/10/2003,377.062,113.542,116.408,115.373
03/10/2003,384.582,108.988,117.177,114.191
06/10/2003,387.467,109.586,117.511,113.429
07/10/2003,392.94,110.952,119.189,113.27
08/10/2003,389.341,110.507,119.998,112.167
09/10/2003,409.629,109.004,120.847,112.85
10/10/2003,422.097,110.345,121.179,113.657
13/10/2003,419.975,111.123,123.989,115.263
14/10/2003,416.641,110.942,121.7,115.098
15/10/2003,413.712,110.368,123.511,115.508
16/10/2003,411.478,110.241,123.937,115.228
17/10/2003,397.556,110.138,123.68,114.87
20/10/2003,388.481,111.014,125.312,115.385
21/10/2003,388.701,113.036,124.914,116.035
22/10/2003,385.871,114.48,125.779,118.489
23/10/2003,387.808,114.319,124.464,122.124
24/10/2003,384.609,115.184,123.143,122.754
27/10/2003,377.035,115.142,125.047,122.672
28/10/2003,374.887,113.534,124.602,124.753
29/10/2003,370.753,114.586,126.706,125.837
30/10/2003,362.271,113.986,128.236,124.275
31/10/2003,372.422,113.608,128.871,122.99
03/11/2003,367.127,111.163,127.197,121.89
04/11/2003,365.984,112.416,130.127,120.023
05/11/2003,382.599,112.728,128.938,121.753
06/11/2003,375.974,112.13,128.097,120.521
07/11/2003,382.495,113.327,128.375,120.56
10/11/2003,382.033,114.241,126.707,121.136
11/11/2003,388.397,114.428,128.584,122.048
12/11/2003,385.993,117.534,129.846,122.857
13/11/2003,391.873,117.144,128.934,124.042
14/11/2003,403.508,118.668,130.481,124.54
17/11/2003,391.073,116.171,126.836,124.089
18/11/2003,405.495,118.338,127.992,122.51
19/11/2003,397.712,117.158,127.516,119.705
20/11/2003,392.802,116.855,124.57,120.509
21/11/2003,391.569,117.58,125.515,119.853
24/11/2003,376.074,116.331,127.098,117.723
25/11/2003,378.595,116.602,125.84,118.344
26/11/2003,381.019,118.154,126.841,119.429
27/11/2003,381.019,118.154,126.841,119.429
28/11/2003,381.019,118.154,126.841,119.429
01/12/2003,385.918,119.95,131.622,122.452
02/12/2003,400.384,120.427,132.992,123.42
03/12/2003,407.439,120.304,133.724,124.634
04/12/2003,423.386,120.057,132.597,123.322
05/12/2003,414.131,120.848,132.87,122.611
08/12/2003,442.581,121.312,132.751,123.658
09/12/2003,435.652,122.191,134.114,124.892
10/12/2003,438.77,121.573,134.267,124.223
11/12/2003,436.555,121.093,133.557,122.787
12/12/2003,457.342,122.367,135.046,123.95
15/12/2003,456.118,122.436,135.639,122.657
16/12/2003,450.695,122.044,137.713,121.973
17/12/2003,458.434,123.354,137.549,122.268
18/12/2003,465.937,123.134,139.135,121.47
19/12/2003,454.56,122.939,140.012,122.054
22/12/2003,432.179,123.171,138.759,120.251
23/12/2003,431.129,123.377,140.949,118.614
24/12/2003,442.617,123.911,141.908,118.423
25/12/2003,442.617,123.911,141.908,118.423
26/12/2003,442.617,123.911,141.908,118.423
29/12/2003,436.884,125.294,143.838,121.044
30/12/2003,449.341,126.087,144.218,120.633
31/12/2003,439.46,125.684,144.527,122.268
01/01/2004,439.46,125.684,144.527,122.268
02/01/2004,439.46,125.684,144.527,122.268
05/01/2004,467.791,129.268,148.376,125.095
06/01/2004,474.136,129.429,143.94,125.404
07/01/2004,467.812,128.845,143.555,124.65
08/01/2004,479.046,129.361,147.979,124.929
09/01/2004,489.472,131.238,147.63,124.533
12/01/2004,484.779,131.919,144.136,128.614
13/01/2004,467.747,131.246,143.257,129.12
14/01/2004,467.193,129.838,143.547,128.692
15/01/2004,441.62,125.674,142.78,127.989
16/01/2004,457.954,125.963,144.52,129.248
19/01/2004,457.954,125.963,144.52,129.248
20/01/2004,473.594,127.255,146.443,129.684
21/01/2004,469.386,126.245,146.561,130.449
22/01/2004,464.657,126.784,146.581,130.466
23/01/2004,467.564,126.395,146.778,129.715
26/01/2004,453.422,125.85,145.595,131.008
27/01/2004,449.496,127.928,145.095,129.716
28/01/2004,447.471,129.371,148.03,126.698
29/01/2004,438.684,123.509,146.641,126.549
30/01/2004,432.853,124.404,149.24,128.322
02/02/2004,452.983,122.47,148.444,125.937
03/02/2004,447.054,123.048,150.435,126.926
04/02/2004,439.016,123.591,150.979,126.053
05/02/2004,433.542,122.808,150.94,127.842
06/02/2004,425.246,124.871,151.977,127.764
09/02/2004,428.603,126.421,151.991,128.463
10/02/2004,439.205,126.117,151.452,128.02
11/02/2004,438.503,127.886,153.962,128.666
12/02/2004,443.655,129.012,156.807,128.167
13/02/2004,450.723,128.047,156.702,127.827
16/02/2004,450.723,128.047,156.702,127.827
17/02/2004,453.027,130.428,160.821,129.11
18/02/2004,450.826,129.164,160.203,127.284
19/02/2004,449.784,128.384,161.803,129.144
20/02/2004,443.98,124.952,160.247,129.52
23/02/2004,441.682,125.015,158.812,132.007
24/02/2004,441.822,126.973,161.143,134.153
25/02/2004,454.067,124.554,159.992,134.048
26/02/2004,459.829,125.392,161.958,135.683
27/02/2004,467.236,125.603,161.771,136.029
01/03/2004,479.155,127.504,165.506,136.628
02/03/2004,477.465,125.001,163.101,133.404
03/03/2004,462.937,124.907,156.341,133.224
04/03/2004,471.683,125.11,156.087,132.856
05/03/2004,476.573,128.212,158.346,132.851
08/03/2004,467.84,128.066,155.577,130.866
09/03/2004,465.208,129.918,153.098,132.788
10/03/2004,463.87,129.012,153.853,131.064
11/03/2004,478.103,129.215,157.897,133.095
12/03/2004,471.659,127.299,155.487,133.609
15/03/2004,485.204,128.625,157.336,136.31
16/03/2004,483.944,129.446,160.898,136.775
17/03/2004,494.478,130.965,158.736,137.705
18/03/2004,489.792,133.032,160.64,139.836
19/03/2004,489.912,133.887,161.082,139.793
22/03/2004,482.991,135.348,158.934,143.645
23/03/2004,487.581,136.327,157.883,142.45
24/03/2004,481.475,135.431,158.756,140.605
25/03/2004,466.004,135.059,157.16,138.391
26/03/2004,470.779,136.878,158.955,136.812
29/03/2004,467.44,135.267,159.357,136.936
30/03/2004,482.692,137.122,158.542,138.737
31/03/2004,483.135,139.288,161.191,138.041
01/04/2004,463.56,140.519,163.447,139.666
02/04/2004,465.708,139.155,162.351,140.711
05/04/2004,464.531,137.573,157.728,139.477
06/04/2004,470.414,138.924,159.51,138.941
07/04/2004,483.197,139.634,158.077,139.852
08/04/2004,494.304,138.418,157.798,138.713
09/04/2004,494.304,138.418,157.798,138.713
12/04/2004,502.984,138.147,157.07,135.778
13/04/2004,492.557,132.019,155.268,133.559
14/04/2004,490.067,127.969,157.711,137.164
15/04/2004,496.121,127.882,157.326,133.197
16/04/2004,492.435,128.99,160.904,134.079
19/04/2004,487.456,129.268,161.511,134.011
20/04/2004,485.557,127.168,159.921,132.917
21/04/2004,479.435,121.37,151.16,130.753
22/04/2004,490.278,121.145,150.594,130.994
23/04/2004,485.911,122.298,151.687,132.004
26/04/2004,496.753,122.569,151.402,131.807
27/04/2004,505.161,123.471,151.641,135.119
28/04/2004,505.812,118.499,144.795,132.795
29/04/2004,505.037,118.511,146.6,135.024
30/04/2004,504.26,119.99,147.413,135.014
03/05/2004,521.804,119.658,148.225,136.018
04/05/2004,530.299,120.732,148.725,137.089
05/05/2004,535.815,121.55,149.465,135.958
06/05/2004,532.768,118.78,148.806,134.249
07/05/2004,539.224,115.442,145.407,135.585
10/05/2004,526.909,116.27,140.482,132.52
11/05/2004,543.081,114.608,142.908,132.525
12/05/2004,552.003,114.954,144.039,129.561
13/05/2004,557.331,114.608,142.363,129.936
14/05/2004,557.305,115.722,143.442,126.969
17/05/2004,559.368,115.998,140.339,126.263
18/05/2004,542.966,115.204,142.911,125.247
19/05/2004,562.612,118.147,145.771,127.764
20/05/2004,552.455,116.34,145.14,125.185
21/05/2004,543.474,118.264,147.85,125.197
24/05/2004,569.027,119.15,149.316,126.563
25/05/2004,561.908,120.261,148.804,128.562
26/05/2004,557.896,120.077,149.844,128.53
27/05/2004,541.655,122.344,152.674,125.565
28/05/2004,542.027,121.613,153.856,126.947
31/05/2004,542.027,121.613,153.856,126.947
01/06/2004,570.551,121.459,155.409,131.485
02/06/2004,544.72,119.601,151.289,129.276
03/06/2004,532.797,118.237,152.101,125.818
04/06/2004,521.107,119.277,149.668,127.382
07/06/2004,522.73,120.407,152.834,126.207
08/06/2004,508.518,119.095,151.009,125.584
09/06/2004,511.108,116.875,146.233,125.896
10/06/2004,521.987,117.822,146.741,123.58
11/06/2004,521.987,117.822,146.741,123.58
14/06/2004,516.2,116.809,145.836,123.692
15/06/2004,514.56,118.234,147.833,121.391
16/06/2004,520.427,117.404,148.217,122.457
17/06/2004,534.589,119.465,151.429,122.001
18/06/2004,534.794,121.176,152.037,120.854
21/06/2004,519.569,120.252,152.637,121.595
22/06/2004,527.639,120.524,149.349,119.76
23/06/2004,522.96,120.572,151.199,121.732
24/06/2004,529.139,124.008,153.987,121.867
25/06/2004,521.799,123.688,153.276,122.412
28/06/2004,503.962,122.019,152.966,120.758
29/06/2004,497.025,119.87,149.83,121.353
30/06/2004,511.832,119.491,153.332,118.4
01/07/2004,531.048,121.122,153.524,117.901
02/07/2004,527.6,121.98,153.642,116.763
05/07/2004,527.6,121.98,153.642,116.763
06/07/2004,545.229,120.535,154.327,116.572
07/07/2004,540.201,123.5,157.466,117.555
08/07/2004,548.133,126.435,157.407,115.744
09/07/2004,542.822,126.592,158.599,115.278
12/07/2004,530.621,127.085,157.365,115.824
13/07/2004,530.449,124.911,156.612,114.623
14/07/2004,546.209,126.836,156.899,117.034
15/07/2004,541.682,126.853,157.207,115.497
16/07/2004,543.684,127.73,158.616,114.95
19/07/2004,543.305,126.838,157.625,115.59
20/07/2004,533.496,126.086,156.643,115.28
21/07/2004,536.962,123.92,155.084,112.054
22/07/2004,550.705,123.578,155.972,110.213
23/07/2004,554.691,122.018,151.535,111.367
26/07/2004,545.504,121.484,152.092,110.207
27/07/2004,549.099,120.789,149.866,109.821
28/07/2004,562.839,121.928,153.573,108.49
29/07/2004,561.591,121.39,155.281,108.722
30/07/2004,569.199,123.383,156.364,107.357
02/08/2004,560.335,123.882,156.332,108.219
03/08/2004,563.49,124.71,156.058,108.808
04/08/2004,544.873,124.599,154.681,108.025
05/08/2004,560.473,124.698,153.299,109.162
06/08/2004,552.882,126.462,152.374,108.263
09/08/2004,562.004,126.471,149.993,108.62
10/08/2004,560.824,126.238,151.865,107.674
11/08/2004,560.625,124.196,152.123,106.289
12/08/2004,564.367,124.081,153.337,107.094
13/08/2004,575.682,125.479,156.165,106.674
16/08/2004,569.21,126.995,156.518,106.617
17/08/2004,573.418,127.295,155.662,108.7
18/08/2004,575.018,127.857,154.198,108.587
19/08/2004,591.099,128.375,156.774,109.806
20/08/2004,584.246,130.035,154.717,110.386
23/08/2004,574.584,128.768,152.225,113.005
24/08/2004,566.838,126.122,152.562,111.764
25/08/2004,547.017,127.446,151.867,111.095
26/08/2004,540.736,127.724,151.827,110.572
27/08/2004,541.257,126.304,152.095,109.311
30/08/2004,531.456,127.998,152.337,111.672
31/08/2004,527.384,128.892,152.575,113.517
01/09/2004,541.547,128.641,152.883,115.025
02/09/2004,540.222,127.915,150.465,113.85
03/09/2004,540.239,125.495,148.781,111.421
06/09/2004,540.239,125.495,148.781,111.421
07/09/2004,537.632,122.885,151.396,108.467
08/09/2004,531.993,123.209,150.21,108.726
09/09/2004,551.715,122.861,150.45,108.681
10/09/2004,532.19,123.497,152.78,108.263
13/09/2004,546.7,124.276,153.176,108.747
14/09/2004,553.263,124.697,153.384,107.92
15/09/2004,540.333,124.931,153.757,108.195
16/09/2004,542.619,124.968,154.99,106.927
17/09/2004,564.06,125.054,154.439,106.377
20/09/2004,569.095,124.894,157.797,105.285
21/09/2004,586.501,126.099,160.866,106.371
22/09/2004,602.581,125.871,163.919,106.422
23/09/2004,603.315,127.198,164.149,106.027
24/09/2004,602.616,126.313,163.248,104.313
27/09/2004,604.808,127.238,165.106,106.253
28/09/2004,618.298,128.351,163.461,105.014
29/09/2004,628.345,128.934,166.725,105.33
30/09/2004,626.721,131.54,171.129,104.336
01/10/2004,631.12,131.751,169.779,103.997
04/10/2004,627.229,129.549,169.594,102.619
05/10/2004,648.212,132.336,169.978,103.564
06/10/2004,652.885,133.171,173.181,103.529
07/10/2004,663.441,132.913,173.467,103.056
08/10/2004,667.601,134.459,177.491,103.226
11/10/2004,667.586,133.997,175.908,103.997
12/10/2004,651.992,131.41,173.199,102.411
13/10/2004,663.374,130.121,157.198,102.281
14/10/2004,670.994,132.068,156.621,102.901
15/10/2004,669.681,132.509,160.394,103.121
18/10/2004,662.018,131.297,156.945,102.304
19/10/2004,665.781,133.335,158.996,103.331
20/10/2004,686.808,134.915,158.43,103.527
21/10/2004,694.568,134.869,159.358,102.893
22/10/2004,707.206,135.002,158.708,102.481
25/10/2004,697.794,136.237,156.364,103.858
26/10/2004,715.467,135.513,157.534,104.217
27/10/2004,681.938,134.317,158.802,104.079
28/10/2004,666.023,134.38,156.745,103.795
29/10/2004,674.283,135.743,163.93,102.492
01/11/2004,660.291,135.633,161.372,100.73
02/11/2004,653.491,132.291,161.157,101.112
03/11/2004,668.116,134.08,162.35,100.461
04/11/2004,639.548,136.526,165.248,100.41
05/11/2004,635.786,137.983,166.652,101.309
08/11/2004,622.352,137.713,164.809,102.533
09/11/2004,605.935,138.618,165.221,102.544
10/11/2004,627.919,137.632,164.421,102.976
11/11/2004,607.907,138.151,165.096,102.832
12/11/2004,605.547,139.594,168.397,102.75
15/11/2004,605.084,139.129,167.362,105.915
16/11/2004,592.23,139.956,165.945,105.521
17/11/2004,608.961,141.389,168.899,106.433
18/11/2004,597.903,140.319,169.969,106.46
19/11/2004,622.271,141.51,168.699,105.202
22/11/2004,612.075,141.825,167.523,105.388
23/11/2004,616.62,141.525,168.75,105.66
24/11/2004,643.706,142.139,172.067,105.116
25/11/2004,643.706,142.139,172.067,105.116
26/11/2004,643.706,142.139,172.067,105.116
29/11/2004,626.355,144,172.929,104.627
30/11/2004,613.572,143.169,172.276,104.699
01/12/2004,578.27,145.434,172.274,104.359
02/12/2004,543.788,143.987,166.982,103.69
03/12/2004,537.884,145.672,167.749,104.687
06/12/2004,543.926,144.839,167.769,105.076
07/12/2004,524.255,143.932,166.804,103.532
08/12/2004,530.711,136.56,163.01,103.802
09/12/2004,542.734,134.347,162.33,103.504
10/12/2004,527.08,133.621,162.72,103.152
13/12/2004,540.044,135.233,166.03,103.682
14/12/2004,548.128,134.164,165.518,103.769
15/12/2004,564.978,135.945,168.683,104.885
16/12/2004,556.842,134.227,169.573,104.271
17/12/2004,582.707,135.696,170.74,105.673
20/12/2004,564.063,136.216,174.231,106.976
21/12/2004,561.228,136.408,176.215,106.35
22/12/2004,548.435,135.579,175.24,105.673
23/12/2004,544.18,136.359,176.181,106.574
24/12/2004,544.18,136.359,176.181,106.574
27/12/2004,507.762,137.619,176.991,106.984
28/12/2004,514.194,137.717,177.612,106.962
29/12/2004,530.979,134.614,179.97,106.794
30/12/2004,523.493,134.989,181.048,106.556
31/12/2004,523.493,134.989,181.048,106.556
03/01/2005,505.118,131.278,182.041,105.333
04/01/2005,522.806,130.874,167.217,104.108
05/01/2005,517.42,130.915,170.514,104.063
06/01/2005,541.174,129.216,169.952,105.072
07/01/2005,538.509,128.718,171.113,104.725
10/01/2005,542.334,128.798,170.605,104.524
11/01/2005,542.85,130.408,173.308,103.989
12/01/2005,542.975,131.912,173.484,103.521
13/01/2005,570.11,131.589,171.987,104.124
14/01/2005,570.918,130.367,172.545,102.26
17/01/2005,570.918,130.367,172.545,102.26
18/01/2005,561.077,130.815,173.083,102.334
19/01/2005,563.56,130.605,173.862,103.144
20/01/2005,561.284,130.118,173.554,103.048
21/01/2005,568.077,132.383,175.102,102.62
24/01/2005,578.809,132.718,174.458,102.965
25/01/2005,583.625,130.705,173.059,103.764
26/01/2005,578.757,132.414,174.935,103.707
27/01/2005,576.118,132.337,174.352,101.697
28/01/2005,560.272,132.152,175.779,101.581
31/01/2005,569.522,131.02,176.297,102.055
01/02/2005,560.953,130.669,175.076,101.374
02/02/2005,559.027,130.801,173.23,100.698
03/02/2005,548.103,129.413,173.979,100.475
04/02/2005,545.991,128.615,172.209,101.071
07/02/2005,531.632,128.126,172.994,101.627
08/02/2005,539.562,127.894,173.579,101.461
09/02/2005,541.48,128.112,173.57,101.871
10/02/2005,553.949,130.964,177.568,103.39
11/02/2005,552.31,132.96,176.8,104.17
14/02/2005,552.906,134.857,178.29,105.154
15/02/2005,554.073,134.972,180.378,105.431
16/02/2005,560.448,134.364,180.045,104.306
17/02/2005,549.57,135.339,183.45,105.774
18/02/2005,555.195,135.538,185.401,106.347
21/02/2005,555.195,135.538,185.401,106.347
22/02/2005,580.151,137.803,187.28,110.39
23/02/2005,586.663,137.497,188.302,110.905
24/02/2005,589.45,137.119,184.922,109.713
25/02/2005,597.822,136.76,184.844,112.932
28/02/2005,600.723,137.425,186.812,115.678
01/03/2005,600.239,135.935,184.366,114.06
02/03/2005,613.008,136.313,184.605,114.824
03/03/2005,614.558,135.244,187.28,114.711
04/03/2005,618.153,136.843,188.541,114.993
07/03/2005,619.905,137.084,188.833,113.954
08/03/2005,630.52,139.026,190.349,115.729
09/03/2005,631.857,139.96,191.271,116.448
10/03/2005,619.296,139.519,190.689,118.482
11/03/2005,626.569,140.523,189.918,121.085
14/03/2005,640,138.567,188.384,119.792
15/03/2005,642.145,138.517,190.469,122.987
16/03/2005,654.029,139.392,191.24,121.923
17/03/2005,655.962,138.012,188.455,121.376
18/03/2005,658.325,138.11,191.048,118.559
21/03/2005,662.548,134.819,188.867,115.014
22/03/2005,651.029,134.705,189.812,115.496
23/03/2005,636.415,132.81,184.648,113.626
24/03/2005,640.904,132.471,184.241,113.948
25/03/2005,640.904,132.471,184.241,113.948
28/03/2005,632.881,132.647,184.339,114.504
29/03/2005,643.312,133.017,184.798,114.185
30/03/2005,647.662,134.059,187.057,115.487
31/03/2005,665.339,134.6,189.063,114.727
01/04/2005,682.87,133.07,185.633,112.989
04/04/2005,675.274,132.694,186.653,112.241
05/04/2005,667.421,132.937,186.024,112.035
06/04/2005,662.955,133.927,189.002,112.502
07/04/2005,641.237,133.529,188.75,112.163
08/04/2005,630.768,134.081,188.086,110.542
11/04/2005,635.044,134.93,190.119,110.7
12/04/2005,618.928,134.189,186.626,110.984
13/04/2005,606.06,134.938,181.231,110.578
14/04/2005,613.854,132.888,178.391,109.709
15/04/2005,606.725,132.914,180.282,109.451
18/04/2005,600.877,133.626,179.416,108.93
19/04/2005,618.89,135.897,182.518,112.153
20/04/2005,623.682,136.869,185.323,112.728
21/04/2005,627.317,135.753,182.479,112.878
22/04/2005,638.226,136.334,183.311,112.668
25/04/2005,632.092,136.337,181.815,114.432
26/04/2005,628.88,137.06,179.952,115.363
27/04/2005,600.533,135.344,178.28,114.118
28/04/2005,600.173,133.799,178.716,112.925
29/04/2005,582.117,134.617,180.712,112.93
02/05/2005,593.565,133.042,180.391,111.837
03/05/2005,577.706,132.451,177.958,110.242
04/05/2005,585.367,133.64,175.814,110.592
05/05/2005,590.289,134.061,177.093,110.114
06/05/2005,588.26,132.71,177.187,111.509
09/05/2005,594.136,133.317,178.856,111.542
10/05/2005,596.313,133.741,180.316,111.713
11/05/2005,585.569,133.652,178.339,111.653
12/05/2005,568.631,131.693,174.992,109.722
13/05/2005,568.213,131.237,172.281,108.275
16/05/2005,563.274,131.038,171.249,108.346
17/05/2005,568.695,131.597,172.121,108.567
18/05/2005,557.235,132.885,174.143,109.912
19/05/2005,555.93,132.297,172.552,108.815
20/05/2005,554.02,130.676,172.606,109.674
23/05/2005,557.47,130.599,174.108,112.666
24/05/2005,559.552,130.957,175.626,112.666
25/05/2005,568.152,131.938,177.051,114.363
26/05/2005,563.728,131.863,178.816,115.877
27/05/2005,573.523,133.024,178.244,114.537
30/05/2005,573.523,133.024,178.244,114.537
31/05/2005,574.308,132.976,178.598,114.24
01/06/2005,607.139,133.052,179.735,114.735
02/06/2005,602.494,134.811,183.134,113.006
03/06/2005,615.498,134.876,186.002,113.949
06/06/2005,620.306,135.653,184.954,113.953
07/06/2005,615.846,134.801,182.097,113.595
08/06/2005,603.6,134.941,181.014,112.042
09/06/2005,619.632,133.816,181.447,111.882
10/06/2005,610.525,134.648,181.089,110.731
13/06/2005,632.664,134.978,180.453,111.762
14/06/2005,626.719,134.658,179.617,112.726
15/06/2005,635.107,135.284,182.25,114.511
16/06/2005,647.083,137.095,183.896,114.552
17/06/2005,660.584,137.411,186.503,116.63
20/06/2005,664.265,137.281,186.951,119.225
21/06/2005,651.69,137.356,185.439,118.409
22/06/2005,645.604,137.02,184.51,118.381
23/06/2005,656.131,137.911,181.083,117.56
24/06/2005,653.853,137.688,181.73,119.84
27/06/2005,653.306,137.459,181.692,115.45
28/06/2005,634.303,135.806,180.071,113.274
29/06/2005,628.562,135.849,181.317,113.628
30/06/2005,622.753,135.368,177.859,111.991
01/07/2005,645.172,132.58,174.355,113.031
04/07/2005,645.172,132.58,174.355,113.031
05/07/2005,661.531,131.38,176.02,117.887
06/07/2005,680.764,131.954,179.362,116.335
07/07/2005,668.669,132.047,179.053,116.817
08/07/2005,663.429,132.192,182.597,114.743
11/07/2005,658.466,133.172,184.275,115.028
12/07/2005,681.36,133.276,182.42,114.89
13/07/2005,677.144,132.63,182.106,116.869
14/07/2005,660.203,131.27,183.638,118.393
15/07/2005,662.739,131.483,183.712,118.837
18/07/2005,651.23,131.547,182.033,118.48
19/07/2005,651.615,131.255,183.761,113.885
20/07/2005,646.611,132.11,185.626,113.332
21/07/2005,633.409,133.293,183,111.914
22/07/2005,645.242,133.047,185.505,112.544
25/07/2005,644.419,133.411,185.523,112.751
26/07/2005,649.176,132.251,184.881,113.491
27/07/2005,654.719,132.667,186.994,113.317
28/07/2005,663.222,134.086,189.528,114.771
29/07/2005,672.666,134.974,188.973,113.691
01/08/2005,688.502,135.657,190.806,113.4
02/08/2005,699.04,135.456,190.896,115.356
03/08/2005,691.573,136.828,192.408,113.186
04/08/2005,700.091,136.795,190.805,112.923
05/08/2005,713.908,136.137,190.581,111.085
08/08/2005,724.788,134.898,190.429,110.961
09/08/2005,718.615,134.897,187.304,109.284
10/08/2005,744.671,135.623,190.794,109.794
11/08/2005,757.878,138.179,192.489,110.045
12/08/2005,765.984,137.845,194.522,108.659
15/08/2005,763.186,136.404,196.439,105.034
16/08/2005,768.474,137.688,197.687,104.85
17/08/2005,738.399,136.025,193.097,106.022
18/08/2005,723.949,135.949,193.342,105.421
19/08/2005,743.871,135.445,193.441,105.004
22/08/2005,755.92,135.923,197.221,105.673
23/08/2005,759.726,135.77,196.362,105.686
24/08/2005,780.316,135.064,194.2,104.872
25/08/2005,777.694,134.825,192.973,103.39
26/08/2005,769.265,134.139,195.174,103.242
29/08/2005,815.017,133.965,194.334,103.863
30/08/2005,851.729,132.489,194.637,104.936
31/08/2005,843.964,133.539,193.068,103.846
01/09/2005,865.969,136.369,196.639,105.674
02/09/2005,846.437,137.02,198.188,104.365
05/09/2005,846.437,137.02,198.188,104.365
06/09/2005,835.902,137.21,195.644,105.954
07/09/2005,813.473,137.414,193.874,104.596
08/09/2005,822.113,137.366,192.094,104.346
09/09/2005,817.373,138.086,191.521,103.915
12/09/2005,800.308,138.26,195.186,102.922
13/09/2005,792.967,137.159,193.775,102.546
14/09/2005,819.609,138.212,191.812,102.349
15/09/2005,821.337,139.663,188.403,101.161
16/09/2005,802.552,141.63,186.889,101.195
19/09/2005,881.574,143.833,192.22,101.707
20/09/2005,865.107,143.642,192.524,101.663
21/09/2005,869.885,144.447,196.343,102.202
22/09/2005,874.342,143.937,196.379,103.324
23/09/2005,846.985,142.848,195.845,102.515
26/09/2005,876.836,143.562,199.392,101.347
27/09/2005,874.083,142.641,197.439,101.55
28/09/2005,916.98,144.599,197.392,102.669
29/09/2005,919.532,145.984,197.988,102.917
30/09/2005,905.548,144.987,196.582,104.631
03/10/2005,901.52,144.062,198.18,106.228
04/10/2005,897.519,143.926,198.17,104.398
05/10/2005,884.709,144.204,200.703,104.619
06/10/2005,847.872,146.1,200.713,104.338
07/10/2005,845.327,147.602,202.812,103.889
10/10/2005,837.265,148.087,201.834,104.565
11/10/2005,863.555,148.662,204.645,105.525
12/10/2005,866.238,147.763,203.362,107.55
13/10/2005,849.349,146.626,200.445,106.973
14/10/2005,844.966,146.817,200.695,106.827
17/10/2005,870.831,148.022,206.981,107.097
18/10/2005,846.95,147.382,206.342,106.417
19/10/2005,838.417,144.417,204.475,106.268
20/10/2005,811.843,143.913,204.034,106.11
21/10/2005,813.63,145.475,200.766,105.293
24/10/2005,808.477,145.106,201.292,104.768
25/10/2005,861.115,147.464,204.625,105.528
26/10/2005,837.677,147.281,203.458,104.563
27/10/2005,828.848,147.776,204.544,103.79
28/10/2005,812.197,147.509,204.888,102.835
31/10/2005,780.011,144.554,205.966,101.923
01/11/2005,773.19,142.581,205.067,102.518
02/11/2005,764.125,143.96,206.765,102.776
03/11/2005,781.617,143.673,207.053,104.093
04/11/2005,768.169,142.524,209.071,103.209
07/11/2005,778.636,143.302,209.831,102.259
08/11/2005,777.986,143.851,209.5,102.95
09/11/2005,766.717,145.327,208.742,102.969
10/11/2005,747.84,145.52,210.837,102.681
11/11/2005,754.205,146.176,213.981,103.745
14/11/2005,756.447,146.292,214.306,102.978
15/11/2005,750.312,146.288,213.41,102.359
16/11/2005,779.045,149.688,213.388,101.316
17/11/2005,760.294,151.975,214.308,101.401
18/11/2005,741.748,151.692,218.126,100.363
21/11/2005,738.548,152.838,220.292,100.468
22/11/2005,751.322,153.858,215.59,100.669
23/11/2005,747.538,153.545,216.816,99.86
24/11/2005,747.538,153.545,216.816,99.86
25/11/2005,747.538,153.545,216.816,99.86
28/11/2005,725.197,156.168,223.504,99.501
29/11/2005,722.811,156.132,223.871,99.284
30/11/2005,754.151,154.959,225.11,99.512
01/12/2005,777.271,157.78,231.522,100.104
02/12/2005,811.351,158.18,231.169,100.04
05/12/2005,805.793,159.941,234.484,101.622
06/12/2005,799.87,160.515,233.69,100.509
07/12/2005,800.846,161.864,237.272,100.02
08/12/2005,849.675,163.558,237.792,100.749
09/12/2005,821.293,165.803,239.717,100.54
12/12/2005,847.739,165.095,235.555,102.981
13/12/2005,864.78,161.952,238.903,103.649
14/12/2005,842.198,158.051,233.949,103.183
15/12/2005,812.443,158.253,234.619,102.874
16/12/2005,794.711,157.936,238.385,103.729
19/12/2005,798.683,158.256,236.751,105.486
20/12/2005,801.103,154.957,236.083,105.382
21/12/2005,810.266,154.786,237.016,105.199
22/12/2005,771.718,157.724,239.007,106.799
23/12/2005,753.941,158.12,240.801,107.01
26/12/2005,753.941,158.12,240.801,107.01
27/12/2005,715.899,160.136,242.098,107.587
28/12/2005,740.437,162.179,242.173,108.036
29/12/2005,735.829,162.207,241.234,106.654
30/12/2005,744.21,162.583,241.645,107.711
02/01/2006,744.21,162.583,241.645,107.711
03/01/2006,738.12,167.1,243.211,109.527
04/01/2006,727.67,167.875,247.054,110.532
05/01/2006,704.317,164.63,245.99,109.806
06/01/2006,716.343,169.206,247.474,109.165
09/01/2006,703.778,171.934,249.78,107.723
10/01/2006,699.669,169.539,251.167,107.72
11/01/2006,697.207,170.824,251.456,107.425
12/01/2006,688.443,170.634,252.132,106.695
13/01/2006,685.103,172.952,255.78,107.797
16/01/2006,685.103,172.952,255.78,107.797
17/01/2006,713.869,171.987,254.779,107.196
18/01/2006,695.325,168.787,257.372,105.908
19/01/2006,707.581,173.29,256.805,106.343
20/01/2006,727.838,171.34,254.238,107.403
23/01/2006,705.623,173.169,259.232,108.511
24/01/2006,700.375,173.74,261.827,109.736
25/01/2006,684.785,176.079,267.635,110.43
26/01/2006,681.556,175.912,265.234,111.278
27/01/2006,694.21,175.627,268.375,112.421
30/01/2006,724.094,178.075,269.897,112.372
31/01/2006,717.708,179.742,269.914,111.895
01/02/2006,690.93,179.008,274.052,110.707
02/02/2006,667.171,180.056,278.249,112.771
03/02/2006,678.787,178.33,279.282,114.56
06/02/2006,658.27,179.023,281.162,113.177
07/02/2006,640.274,172.892,275.521,111.083
08/02/2006,631.273,172.81,274.363,112.373
09/02/2006,623.11,177.178,279.814,113.434
10/02/2006,611.77,172.518,267.152,111.907
13/02/2006,605.428,168.724,263.704,110.983
14/02/2006,592.281,171.225,267.531,110.601
15/02/2006,583.253,169.327,255.98,111.425
16/02/2006,591.611,171.477,256.432,111.729
17/02/2006,602.08,173.092,254.973,113.662
20/02/2006,602.08,173.092,254.973,113.662
21/02/2006,622.385,174.212,266.58,113.301
22/02/2006,601.179,174.385,265.982,112.198
23/02/2006,603.858,172.599,261.34,111.809
24/02/2006,611.224,176.251,264.888,112.805
27/02/2006,585.855,174.745,258.804,111.997
28/02/2006,590.53,176.887,265.104,112.697
01/03/2006,596.407,177.29,264.936,111.69
02/03/2006,608.489,180.268,270.003,113.065
03/03/2006,613.064,179.846,271.775,113.867
06/03/2006,595.72,176.331,266.568,112.696
07/03/2006,593.566,176.177,259.946,111.217
08/03/2006,584.527,172.623,258.496,110.363
09/03/2006,588.83,173.838,261.418,110.651
10/03/2006,585.531,172.475,263.747,111.412
13/03/2006,607.293,174.874,265.668,109.571
14/03/2006,624.015,176.578,268.719,109.434
15/03/2006,614.684,177.373,268.807,109.497
16/03/2006,625.748,177.594,270.931,107.934
17/03/2006,614.657,177.649,278.823,107.467
20/03/2006,595.522,177.937,276.404,106.554
21/03/2006,600.095,178.16,276.624,107.613
22/03/2006,596.076,177.518,276.715,106.87
23/03/2006,619.448,178.175,283.935,106.512
24/03/2006,622.12,180.7,284.098,106.364
27/03/2006,616.296,183.15,287.19,107.207
28/03/2006,632.259,182.967,286.302,107.958
29/03/2006,638.15,185.587,284.991,108.23
30/03/2006,643.359,191.144,289.691,109.577
31/03/2006,632.112,189.345,285.262,109.049
03/04/2006,632.684,192.296,294.229,108.989
04/04/2006,627.143,191.294,289.984,108.056
05/04/2006,633.717,191.653,298.376,108.789
06/04/2006,638.196,194.889,304.509,109.792
07/04/2006,628.554,193.378,302.168,109.114
10/04/2006,642.153,197.784,309.669,109.152
11/04/2006,646.356,197.442,311.363,109.598
12/04/2006,645.187,198.208,317.19,108.438
13/04/2006,657.768,198.814,317.62,108.163
14/04/2006,657.768,198.8143,317.6202,108.163
17/04/2006,677.693,205.604,320.951,108.699
18/04/2006,695.557,208.578,331.541,110.233
19/04/2006,705.66,214.926,330.498,110.295
20/04/2006,698.85,202.926,327.88,109.763
21/04/2006,705.995,207.843,347.606,109.796
24/04/2006,685.624,199.842,343.944,109.336
25/04/2006,675.925,205.821,357.886,108.747
26/04/2006,665.728,208.826,359.889,108.854
27/04/2006,644.051,205.954,345.528,108.299
28/04/2006,645.305,214.907,348.54,110.075
01/05/2006,661.225,217.827,352.571,110.834
02/05/2006,668.56,220.646,353.299,110.53
03/05/2006,651.03,219.08,352.115,110.266
04/05/2006,641.798,221.127,369.686,108.826
05/05/2006,644.861,223.283,372.545,109.849
08/05/2006,639.633,221.8,372.685,109.073
09/05/2006,645.439,230.014,382.12,110.23
10/05/2006,665.478,230.22,394.318,110.38
11/05/2006,666.57,236.905,412.48,112.147
12/05/2006,647.199,231.58,403.46,113.689
15/05/2006,623.397,221.329,384.829,112.58
16/05/2006,624.592,224.12,391.54,112.66
17/05/2006,613.942,222.582,382.808,113.844
18/05/2006,614.721,216.834,383.266,112.504
19/05/2006,610.568,210.621,362.767,110.782
22/05/2006,621.887,211.039,367.593,111.1
23/05/2006,633.613,218.133,396.532,111.679
24/05/2006,611.653,206.736,379.016,110.044
25/05/2006,620.679,209.674,384.249,110.328
26/05/2006,623.743,210.867,397.646,110.525
29/05/2006,623.743,210.867,397.646,110.525
30/05/2006,628.97,213.218,384.155,110.838
31/05/2006,629.428,207.809,379.318,108.905
01/06/2006,627.195,201.748,364.918,109.614
02/06/2006,645.367,204.337,374.286,112.063
05/06/2006,642.673,207.162,372.311,110.749
06/06/2006,640.798,201.895,362.481,108.485
07/06/2006,618.03,201.629,372.321,109.197
08/06/2006,622.287,193.607,350.207,108.007
09/06/2006,630.357,193.993,346.387,107.121
12/06/2006,622.482,193.073,340.814,108.456
13/06/2006,608.223,176.213,320.679,107.218
14/06/2006,617.66,176.66,324.772,105.864
15/06/2006,634.496,178.617,337.782,105.798
16/06/2006,636.331,182.028,342.185,106.269
19/06/2006,623.924,179.211,331.177,104.482
20/06/2006,612.45,182.478,330.872,105.365
21/06/2006,619.907,185.64,334.634,106.263
22/06/2006,620.707,183.428,330.732,105.266
23/06/2006,616.728,184.398,331.127,104.518
26/06/2006,617.598,184.215,343.224,103.856
27/06/2006,620.823,183.282,333.177,105.122
28/06/2006,618.4,182.254,339.095,105.343
29/06/2006,626.64,184.929,351.532,106.165
30/06/2006,628.513,193.556,359.675,107.921
03/07/2006,628.771,193.636,359.813,109.416
04/07/2006,628.771,193.636,359.813,109.416
05/07/2006,628.546,199.121,360.693,109.222
06/07/2006,626.726,201.461,378.847,110.778
07/07/2006,617.217,200.332,377.398,108.972
10/07/2006,612.827,197.05,381.647,109.824
11/07/2006,616.866,203.027,388.488,111.341
12/07/2006,624.609,204.991,390.688,111.425
13/07/2006,645.44,205.47,387.934,109.493
14/07/2006,653.825,208.88,391.64,109.215
17/07/2006,629.259,203.249,382.235,107.236
18/07/2006,613.13,195.521,374.953,107.039
19/07/2006,616.574,201.278,377.601,106.291
20/07/2006,619.734,198.627,363.899,106.574
21/07/2006,624.372,194.783,357.255,106.017
24/07/2006,638.887,193.5,363.564,106.322
25/07/2006,626.89,194.775,371.456,105.864
26/07/2006,639.723,196.327,365.637,104.575
27/07/2006,646.365,200.23,368.267,104.651
28/07/2006,639.995,200.682,375.442,105.232
31/07/2006,670.608,200.556,382.758,106.081
01/08/2006,661.344,205.006,382.753,105.869
02/08/2006,674.164,208.495,383.412,107.53
03/08/2006,657.744,206.189,371.741,106.776
04/08/2006,651.108,207.728,384.404,106.726
07/08/2006,653.735,207.658,383.845,105.562
08/08/2006,654.024,207.156,383.665,104.247
09/08/2006,663.503,209.647,391.866,105.199
10/08/2006,645.128,203.909,384.998,104.43
11/08/2006,644.255,202.597,376.103,101.41
14/08/2006,630.875,202.709,378.159,99.968
15/08/2006,629.818,200.925,380.947,100.707
16/08/2006,623.214,203.268,384.709,100.185
17/08/2006,614.372,198.829,371.132,98.985
18/08/2006,619.12,198.175,377.275,98.767
21/08/2006,620.506,202.808,385.312,99.417
22/08/2006,627.787,202.191,388.641,99.517
23/08/2006,618.122,203.12,385.008,100.479
24/08/2006,626.322,201.189,383.329,100.947
25/08/2006,629.876,202.017,385.807,100.525
28/08/2006,609.929,198.953,386.727,99.998
29/08/2006,602.752,198.416,380.12,99.447
30/08/2006,593.25,201.607,377.639,100.748
31/08/2006,594.489,205.109,388.4,101.716
01/09/2006,584.319,204.942,387.352,100.54
04/09/2006,584.319,204.942,387.352,100.54
05/09/2006,578.788,208.693,398.604,100.814
06/09/2006,572.169,207.799,406.935,99.97
07/09/2006,561.065,201.66,406.284,100.415
08/09/2006,554.725,198.149,397.243,100.218
11/09/2006,541.578,188.908,379.378,99.101
12/09/2006,533.102,187.792,381.643,98.101
13/09/2006,528.874,188.549,382.557,98.542
14/09/2006,510.5,185.067,378.044,98.212
15/09/2006,507.694,184.061,364.962,98.963
18/09/2006,507.98,188.256,377.005,99.77
19/09/2006,493.881,184.515,376.87,99.469
20/09/2006,481.28,186.103,377.078,99.742
21/09/2006,486.093,187.083,386.555,101.28
22/09/2006,477.446,189.053,386.932,99.916
25/09/2006,477.973,189.313,386.942,99.228
26/09/2006,477.737,190.371,387.835,100.448
27/09/2006,485.6,192.753,390.52,99.834
28/09/2006,478.201,194.709,392.406,102.468
29/09/2006,484.699,192.305,393.149,101.903
02/10/2006,474.585,192.615,391.105,101.601
03/10/2006,465.304,184.907,384.743,100.467
04/10/2006,475.741,180.364,374.332,103.508
05/10/2006,486.063,183.665,386.358,103.68
06/10/2006,487.525,184.459,396.564,103.423
09/10/2006,490.263,187.023,400.459,107.457
10/10/2006,483.971,184.616,399.011,105.795
11/10/2006,473.656,185.199,404.735,107.656
12/10/2006,468.407,186.336,403.944,109.228
13/10/2006,471.832,190.595,407.99,111.657
16/10/2006,487.116,193.051,423.226,112.864
17/10/2006,480.319,191.33,416.774,114.057
18/10/2006,474.405,191.323,417.868,112.154
19/10/2006,482.807,195.179,423.116,112.702
20/10/2006,479.41,192.911,421.822,112.005
23/10/2006,472.386,188.516,421.496,114.233
24/10/2006,477.583,190.445,419.005,115.221
25/10/2006,494.996,191.399,422.362,115.309
26/10/2006,485.167,195.093,420.158,115.46
27/10/2006,483.096,194.69,425.156,116.529
30/10/2006,461.715,197.028,422.71,115.572
31/10/2006,466.825,197.004,424.472,113.488
01/11/2006,470.69,200.877,416.836,115.584
02/11/2006,468.749,203.679,423.343,117.167
03/11/2006,477.307,203.969,425.405,117.166
06/11/2006,474.536,204.306,428.97,118.002
07/11/2006,473.288,203.908,431.477,118.735
08/11/2006,479.561,201.172,418.501,120.547
09/11/2006,490.074,207.754,429.121,119.242
10/11/2006,480.042,206.51,407.735,117.439
13/11/2006,475.71,204.578,408.565,116.801
14/11/2006,476.235,204.516,403.944,119.141
15/11/2006,483.154,204.42,407.449,119
16/11/2006,466.297,203.969,403.773,117.088
17/11/2006,476.503,203.53,399.433,117.498
20/11/2006,473.671,203.284,404.122,118.604
21/11/2006,481.027,206.417,413.336,119.577
22/11/2006,467.803,206.321,414.203,119.993
23/11/2006,467.803,206.321,414.203,119.993
24/11/2006,467.803,206.321,414.203,119.993
27/11/2006,478.256,211.209,427.85,122.526
28/11/2006,486.596,211.003,422.522,122.035
29/11/2006,501.741,210.359,419.822,122.184
30/11/2006,503.971,214.544,427.387,123.612
01/12/2006,496.352,214.369,431.024,123.188
04/12/2006,478.144,214.77,431.083,120.658
05/12/2006,474.667,213.127,438.128,121.282
06/12/2006,473.879,209.34,430.531,118.358
07/12/2006,473.304,210.687,425.423,119.028
08/12/2006,468.955,208.697,429.699,118.007
11/12/2006,462.756,210.244,428.755,119.559
12/12/2006,462.213,209.349,424.912,119.019
13/12/2006,468.12,209.253,421.403,118.828
14/12/2006,471.677,209.086,430.783,119.41
15/12/2006,470.83,202.062,424.791,118.831
18/12/2006,457.831,199.848,424.773,117.988
19/12/2006,461.846,202.447,423.247,119.131
20/12/2006,459.504,201.929,415.891,119.19
21/12/2006,455.241,200.638,409.106,120.227
22/12/2006,449.941,201.472,412.906,121.723
25/12/2006,449.941,201.472,412.906,121.723
26/12/2006,433.41,203.055,414.117,123.222
27/12/2006,427.738,204.765,418.992,122.667
28/12/2006,431.42,206.403,418.756,122.893
29/12/2006,436.062,206.666,416.47,123.064
01/01/2007,436.062,206.666,416.47,123.064
02/01/2007,436.062,206.666,416.47,123.064
03/01/2007,419.339,203.712,402.056,118.892
04/01/2007,407.203,203.631,401.287,117.259
05/01/2007,410.889,196.452,387.893,117.726
08/01/2007,414.001,197.697,379.364,116.828
09/01/2007,415.652,200.08,375.637,114.683
10/01/2007,409.715,199.078,393.401,115.147
11/01/2007,391.136,199.298,400.192,117.161
12/01/2007,402.761,204.178,391.837,121.693
15/01/2007,402.761,204.178,391.837,121.693
16/01/2007,394.457,203.01,391.422,121.283
17/01/2007,389.891,205.883,392.663,122.651
18/01/2007,385.898,203.838,389.314,122.018
19/01/2007,406.22,206.833,394.003,121.962
22/01/2007,412.588,206.683,400.123,121.509
23/01/2007,429.717,210.627,407.22,122.945
24/01/2007,426.815,211.264,407.525,121.101
25/01/2007,410.712,212.137,411.099,121.213
26/01/2007,422.603,210.812,409.211,120.847
29/01/2007,410.913,210.014,396.555,119.939
30/01/2007,443.606,210.809,391.813,121.024
31/01/2007,446.35,213.482,398.996,121.507
01/02/2007,439.165,215.366,395.63,121.102
02/02/2007,445.009,211.212,385.075,122.277
05/02/2007,447.538,213.155,382.018,122.435
06/02/2007,448.425,214.275,388.239,121.129
07/02/2007,445.718,214.106,381.979,120.86
08/02/2007,458.641,215.708,381.954,121.566
09/02/2007,459.109,218.619,386.705,122.476
12/02/2007,437.205,216.697,382.794,121.561
13/02/2007,446.015,217.824,398.212,122.567
14/02/2007,437.264,218.901,402.362,121.637
15/02/2007,436.858,218.77,411.721,122.733
16/02/2007,446.959,219.252,407.908,123.998
19/02/2007,446.959,219.252,407.908,123.998
20/02/2007,445.933,215.884,403.567,123.698
21/02/2007,454.329,223.259,407.721,125.485
22/02/2007,461.968,222.972,416.519,127.415
23/02/2007,464.049,225.292,430.828,126.807
26/02/2007,462.799,226.522,433.44,126.641
27/02/2007,460.119,225.356,430.839,124.32
28/02/2007,457.442,220.003,421.522,125.518
01/03/2007,458.395,215.897,420.847,123.569
02/03/2007,455.744,208.073,412.576,122.792
05/03/2007,449.286,206.132,402.74,122.152
06/03/2007,457.554,208.8,408.725,121.786
07/03/2007,460.526,210.935,417.934,122.733
08/03/2007,457.988,211.655,423.324,122.626
09/03/2007,448.602,210.247,416.88,122.411
12/03/2007,440.911,210.369,426.517,121.799
13/03/2007,439.393,209.682,422.027,120.733
14/03/2007,444.342,207.506,423.317,120.302
15/03/2007,438.938,209.62,441.322,119.374
16/03/2007,437.341,211.87,444.151,120.027
19/03/2007,437.093,212.103,442.127,120.015
20/03/2007,436.143,213.836,438.427,120.918
21/03/2007,442.793,213.908,432.278,121.556
22/03/2007,455.253,215.589,440.707,121.9
23/03/2007,457.067,212.92,433.513,121.637
26/03/2007,462.23,215.355,436.985,120.116
27/03/2007,468.313,214.528,433.384,120.01
28/03/2007,473.754,216.246,434.471,120.87
29/03/2007,481.172,214.537,439.407,121.532
30/03/2007,483.105,215.344,445.662,118.293
02/04/2007,481.196,215.637,445.753,117.335
03/04/2007,470.426,215.551,465.152,115.862
04/04/2007,475.443,218.201,475.419,117.101
05/04/2007,478.054,219.194,472.074,118.025
06/04/2007,478.054,219.194,472.074,118.025
09/04/2007,466.884,218.99,478.934,117.236
10/04/2007,477.609,220.613,480.991,117.535
11/04/2007,478.837,220.528,480.787,117.459
12/04/2007,486.437,219.938,473.354,117.239
13/04/2007,483.503,223.373,473.615,118.493
16/04/2007,472.137,224.531,474.43,117.187
17/04/2007,463.204,223.835,492.749,115.853
18/04/2007,465.903,223.871,487.74,115.618
19/04/2007,463.413,221.727,482.693,116.92
20/04/2007,464.653,224.464,487.451,117.161
23/04/2007,475.943,224.549,492.274,115.719
24/04/2007,471.481,221.936,484.006,114.816
25/04/2007,479.935,221.818,484.847,117.295
26/04/2007,473.135,217.807,478.084,116.441
27/04/2007,483.927,219.236,484.08,116.316
30/04/2007,482.568,219.736,485.917,115.317
01/05/2007,475.986,217.444,492.376,116.404
02/05/2007,472.914,216.801,492.426,116.051
03/05/2007,476.661,219.782,502.455,116.587
04/05/2007,472.53,221.174,512.037,116.698
07/05/2007,466.699,221.873,510.026,115.703
08/05/2007,466.026,221.017,508.872,114.147
09/05/2007,465.919,219.343,502.953,115.022
10/05/2007,469.812,214.302,494.685,114.455
11/05/2007,477.068,216.265,500.369,116.442
14/05/2007,476.637,215.543,488.09,116.348
15/05/2007,477.537,216.925,493.879,117.158
16/05/2007,476.665,212.267,486.044,118.492
17/05/2007,490.442,211.073,474.007,118.409
18/05/2007,486.895,212.734,479.653,117.687
21/05/2007,489.219,213.758,486.156,119.448
22/05/2007,479.794,212.289,474.871,117.785
23/05/2007,480.038,213.426,468.22,118.089
24/05/2007,474.889,210.452,454.877,120.093
25/05/2007,478.093,211.281,467.431,121.577
28/05/2007,478.093,211.281,467.431,121.577
29/05/2007,465.856,212.765,469.214,119.212
30/05/2007,471.823,211.792,464.57,121.744
31/05/2007,473.522,214.603,471.622,122.605
01/06/2007,477.532,218.169,475.696,123.377
04/06/2007,488.875,218.132,482.718,122.489
05/06/2007,483.476,218.138,476.22,123.428
06/06/2007,484.574,217.667,468.178,122.519
07/06/2007,481.514,214.48,460.723,123.875
08/06/2007,468.033,209.154,450.951,122.761
11/06/2007,471.787,212.273,460.085,125.46
12/06/2007,471.221,210.137,450.203,125.038
13/06/2007,473.721,209.945,451.597,126.537
14/06/2007,483.721,211.166,460.379,127.84
15/06/2007,488.214,212.247,464.352,129.647
18/06/2007,486.712,212.524,457.81,130.39
19/06/2007,481.609,214.067,450.397,126.958
20/06/2007,476.564,212.657,452.194,128.787
21/06/2007,475.242,210.642,448.664,127.528
22/06/2007,473.079,211.065,448.574,124.756
25/06/2007,469.204,210.018,453.142,123.999
26/06/2007,460.6,205.361,442.734,125.423
27/06/2007,466.215,204.98,444.403,124.339
28/06/2007,458.372,207.062,449.364,124.601
29/06/2007,465.482,207.082,448.193,125.369
02/07/2007,467.974,210.235,455.339,125.253
03/07/2007,469.15,209.125,455.916,123.981
04/07/2007,469.15,209.125,455.916,123.981
05/07/2007,468.109,207.601,460.52,125.424
06/07/2007,467.958,209.352,460.779,126.797
09/07/2007,466.929,211.55,461.003,127.167
10/07/2007,476.246,212.66,456.045,128.814
11/07/2007,471.199,212.135,460.596,129.582
12/07/2007,467.902,214.464,457.354,130.861
13/07/2007,474.335,213.996,457.105,131.666
16/07/2007,463.92,213.666,453.137,127.474
17/07/2007,460.48,213.414,453.032,124.793
18/07/2007,472.92,216.379,453.977,127.286
19/07/2007,479.363,217.818,465.044,127.018
20/07/2007,471.595,219.535,473.016,125.931
23/07/2007,457.544,218.571,465.353,123.667
24/07/2007,447.73,219.86,461.961,125.375
25/07/2007,458.747,216.056,452.597,124.608
26/07/2007,455.149,212.57,446.451,125.441
27/07/2007,465.712,211.001,447.075,125.607
30/07/2007,471.007,212.859,449.007,126.039
31/07/2007,470.273,213.984,455.272,126.986
01/08/2007,465.716,212.954,449.629,125.975
02/08/2007,461.415,213.309,445.663,127.05
03/08/2007,456.126,215.849,433.347,127.981
06/08/2007,444.166,215.178,433.45,127.332
07/08/2007,446.274,215.213,435.762,128.016
08/08/2007,446.183,216.498,430.831,129.972
09/08/2007,452.652,211.45,421.375,128.914
10/08/2007,456.883,214.236,418.942,127.919
13/08/2007,456.07,214.102,425.129,128.413
14/08/2007,460.65,213.42,417.775,127.787
15/08/2007,463.705,212.666,412.844,126.694
16/08/2007,453.687,203.249,390.483,122.098
17/08/2007,459.786,206.606,397.752,124.222
20/08/2007,439.493,206.35,397.828,124.622
21/08/2007,431.342,205.386,398.66,125.313
22/08/2007,426.347,206.233,407.232,127.844
23/08/2007,429.491,206.451,411.092,128.682
24/08/2007,432.246,209.829,416.45,128.894
27/08/2007,432.555,208.88,416.861,128.471
28/08/2007,433.608,208.261,411.254,128.117
29/08/2007,437.508,209.07,413.246,128.595
30/08/2007,437.523,208.553,413.944,130.477
31/08/2007,436.832,211.561,421.167,130.403
03/09/2007,436.832,211.561,421.167,130.403
04/09/2007,443.18,214.83,406.748,133.912
05/09/2007,447.235,214.296,399.581,134.022
06/09/2007,446.917,218.356,403.2,132.741
07/09/2007,445.583,220.502,397.89,134.546
10/09/2007,453.911,220.944,395.201,136.154
11/09/2007,457.038,223.634,405.399,137.224
12/09/2007,473.343,223.396,403.094,138.348
13/09/2007,467.346,222.301,410.496,137.342
14/09/2007,468.606,222.399,408.525,138.647
17/09/2007,478.659,224.681,407.493,141.304
18/09/2007,479.746,224.782,413.831,141.339
19/09/2007,475.413,226.911,432.749,141.079
20/09/2007,480.78,230.878,427.834,143.22
21/09/2007,480.14,231.259,424.871,143.876
24/09/2007,481.097,231.513,429.887,144.316
25/09/2007,473.415,231.338,430.838,144.105
26/09/2007,474.174,230.273,431.682,145.75
27/09/2007,481.573,231.751,435.408,148.302
28/09/2007,475.268,235.291,433.293,146.594
01/10/2007,472.784,236.093,436.829,147.141
02/10/2007,480.106,230.236,435.618,142.23
03/10/2007,477.446,230.196,440.365,142.507
04/10/2007,487.295,232.285,433.083,141.834
05/10/2007,479.119,233.087,434.485,140.743
08/10/2007,466.065,230.604,422.14,138.652
09/10/2007,470.007,232.572,426.156,139.347
10/10/2007,476.418,233.632,435.073,140.873
11/10/2007,480.654,237.489,435.193,142.963
12/10/2007,482.246,236.492,436.998,142.172
15/10/2007,497.209,238.399,438.186,141.786
16/10/2007,500.551,237.595,434.46,141.258
17/10/2007,501.67,238.061,431.581,140.817
18/10/2007,507.614,239.839,432.289,142.435
19/10/2007,497.551,239.127,432.497,143.325
22/10/2007,490.737,236.872,425.392,142.916
23/10/2007,487.066,238.022,427.098,142.044
24/10/2007,497.132,238.411,419.452,140.119
25/10/2007,511.385,240.99,424.26,141.214
26/10/2007,516.072,246.482,429.18,141.749
29/10/2007,526.319,248.388,427.342,143.993
30/10/2007,517.038,246.852,423.926,141.952
31/10/2007,536.91,249.124,425.426,142.845
01/11/2007,541.647,248.316,418.851,140.522
02/11/2007,547.491,253.001,421.469,141.439
05/11/2007,532.842,254.379,417.872,141.757
06/11/2007,539.093,259.813,424.558,144.608
07/11/2007,534.046,262.055,418.002,144.03
08/11/2007,533.504,263.799,416.859,143.779
09/11/2007,539.599,263.284,413.946,144.365
12/11/2007,534.122,253.734,408.086,142.894
13/11/2007,521.306,251.037,408.294,142.586
14/11/2007,529.278,256.706,419.719,144.63
15/11/2007,522.982,247.779,402.44,144.223
16/11/2007,534.592,247.842,403.507,143.857
19/11/2007,533.213,244.374,387.436,143.309
20/11/2007,538.839,249.017,391.997,145.283
21/11/2007,537.645,250.442,380.16,146.267
22/11/2007,537.645,250.442,380.16,146.267
23/11/2007,544.129,258.013,383.815,148.286
26/11/2007,542.617,258.932,387.001,147.745
27/11/2007,527.074,254.588,383.386,147.403
28/11/2007,506.157,250.691,386.206,149.724
29/11/2007,506.279,249.168,387.151,149.471
30/11/2007,494.984,244.923,393.348,148.201
03/12/2007,495.18,246.507,383.122,147.903
04/12/2007,491.661,250.625,377.483,149.623
05/12/2007,488.757,249.693,378.289,149.686
06/12/2007,502.279,251.181,377.909,149.849
07/12/2007,491.995,249.075,386.753,152.469
10/12/2007,487.541,253.689,381.094,153.544
11/12/2007,496.155,254.633,382.755,153.732
12/12/2007,519.441,254.903,379.155,156.542
13/12/2007,509.912,249.049,370.547,156.633
14/12/2007,503.247,246.626,371.011,158.515
17/12/2007,502.994,246.988,365.363,158.326
18/12/2007,501.047,249.683,365.816,157.167
19/12/2007,505.865,249.45,371.983,158.867
20/12/2007,503.576,249.411,370.61,158.597
21/12/2007,511.112,252.944,380.303,159.699
24/12/2007,510.248,253.953,383.3,159.496
25/12/2007,510.248,253.953,383.3,159.496
26/12/2007,517.749,257.811,384.225,162.314
27/12/2007,522.668,258.319,383.382,161.138
28/12/2007,522.822,261.263,378.581,159.797
31/12/2007,526.268,260.306,375.397,159.846
01/01/2008,526.268,260.306,375.397,159.846
02/01/2008,546.684,267.102,381.088,163.034
03/01/2008,541.13,270.144,396.492,165.685
04/01/2008,538.842,269.202,390.074,165.007
07/01/2008,529.254,267.706,389.217,163.322
08/01/2008,536.527,274.209,404.037,165.425
09/01/2008,535.125,274.668,400.409,164.6
10/01/2008,529.435,279.326,397.469,163.846
11/01/2008,525.213,280.703,398.78,168.289
14/01/2008,533.842,282.311,403.584,170.351
15/01/2008,523.118,281.57,391.72,170.823
16/01/2008,516.936,274.957,386.27,169.379
17/01/2008,513.531,275.158,384.513,170.729
18/01/2008,513.579,276.39,391.515,169.845
21/01/2008,513.579,276.39,391.515,169.845
22/01/2008,503.344,277.799,385.272,166.561
23/01/2008,494.705,275.445,375.328,160.85
24/01/2008,507.279,282.382,384.173,164.828
25/01/2008,516.386,284.266,387.709,167.177
28/01/2008,519.727,289.291,387.904,169.77
29/01/2008,519.371,289.093,403.911,169.718
30/01/2008,523.836,287.907,398.802,170.023
31/01/2008,522.501,289.412,410.213,170.415
01/02/2008,504.316,285.567,405.963,171.498
04/02/2008,511.488,284.274,405.563,175.204
05/02/2008,507.731,277.934,396.457,175.138
06/02/2008,504.967,282.236,402.54,175.839
07/02/2008,511.468,284.44,411.571,176.774
08/02/2008,528.781,288.81,419.841,180.301
11/02/2008,540.667,291.551,420.279,177.947
12/02/2008,535.886,287.011,419.051,175.558
13/02/2008,536.669,287.312,418.099,176.246
14/02/2008,552.211,287.007,420.916,181.243
15/02/2008,548.75,285.326,421.989,181.657
18/02/2008,548.75,285.326,421.989,181.657
19/02/2008,570.807,292.591,437.592,185.088
20/02/2008,569.993,295.607,436.528,185.099
21/02/2008,563.213,299.105,449.779,187.205
22/02/2008,572.623,299.22,445.054,188.621
25/02/2008,575.322,297.878,441.666,193.319
26/02/2008,581.771,302.79,446.783,196.545
27/02/2008,572.311,307.85,462.783,197.305
28/02/2008,590.457,311.105,473.188,198.567
29/02/2008,586.591,313.78,469.615,198.036
03/03/2008,588.564,317.159,479.9,201.851
04/03/2008,576.937,311.533,472.448,197.892
05/03/2008,602.794,321,486.192,198.928
06/03/2008,606.24,315.812,479.206,193.905
07/03/2008,606.223,315.289,480.822,188.211
10/03/2008,619.17,312.61,466.313,189.283
11/03/2008,621.403,313.477,459.488,193.39
12/03/2008,624.923,315.578,467.926,193.973
13/03/2008,632.661,320.596,467.402,194.288
14/03/2008,623.357,322.97,466.058,188.798
17/03/2008,588.733,321.98,442.769,178.539
18/03/2008,611.42,320.783,450.45,180.513
19/03/2008,583.374,300.383,437.076,172.422
20/03/2008,582.496,287.206,425.279,166.175
21/03/2008,582.496,287.206,425.279,166.175
24/03/2008,587.132,288.209,427.475,170.503
25/03/2008,590.259,295.167,436.541,176.468
26/03/2008,608.948,301.174,441.082,177.522
27/03/2008,614.4,301.92,457.282,175.991
28/03/2008,611.67,295.13,451.443,171.759
31/03/2008,606.226,288.829,447.847,166.253
01/04/2008,595.287,279.275,444.224,167.231
02/04/2008,611.437,283.44,444.831,171.398
03/04/2008,597.133,286.975,444.841,172.696
04/04/2008,602.527,289.086,450.885,174.461
07/04/2008,623.324,293.896,455.351,172.957
08/04/2008,619.401,289.995,448.933,172.678
09/04/2008,636.692,296.71,461.568,177.797
10/04/2008,636.2,294.703,455.856,178.644
11/04/2008,632.429,291.991,455.602,176.018
14/04/2008,639.239,292.872,451.449,178.367
15/04/2008,651.057,293.909,447.102,180.946
16/04/2008,661.54,299.829,458.019,179.907
17/04/2008,660.83,298.546,453.875,179.753
18/04/2008,671.227,290.061,452.062,178.009
21/04/2008,677.264,288.463,446.783,172.212
22/04/2008,679.281,291.823,455.373,176.989
23/04/2008,685.531,285.621,452.351,175.112
24/04/2008,678.084,278.839,446.387,171.378
25/04/2008,689.095,279.805,450.551,169.861
28/04/2008,694.39,281.915,451.439,170.568
29/04/2008,672.787,275.452,443.923,168.386
30/04/2008,665.866,272.606,441.289,169.541
01/05/2008,655.452,267.602,426.955,165.774
02/05/2008,674.117,270.429,437.79,167.71
05/05/2008,696.395,275.797,443.381,166.124
06/05/2008,702.072,276.762,445.59,167.952
07/05/2008,712.902,274.537,439.309,169.099
08/05/2008,713.757,277.819,431.784,170.882
09/05/2008,730.65,278.86,426.234,173.226
12/05/2008,718.31,280.166,430.346,171.974
13/05/2008,728.809,274.904,434.868,171.608
14/05/2008,727.526,273.218,430.572,169.562
15/05/2008,722.305,276.557,437.312,168.324
16/05/2008,723.057,282.35,444.187,170.146
19/05/2008,720.855,284.081,436.985,167.602
20/05/2008,739.936,290.584,436.597,167.459
21/05/2008,761.278,294.049,433.263,170.1
22/05/2008,756.809,291.654,424.925,166.034
23/05/2008,762.762,294.614,428.419,167.627
26/05/2008,762.762,294.614,428.419,167.627
27/05/2008,751.515,286.823,425.714,165.946
28/05/2008,760.199,284.85,420.426,167.09
29/05/2008,732.874,275.424,406.131,162.998
30/05/2008,739.785,279.276,411.308,166.431
02/06/2008,749.737,280.767,410.004,169.087
03/06/2008,745.506,277.844,408.4,165.589
04/06/2008,738.945,277.965,406.231,166.648
05/06/2008,761.191,277.185,406.747,172.616
06/06/2008,801.46,283.702,412.293,175.132
09/06/2008,784.498,282.515,411.84,174.109
10/06/2008,770.67,273.795,411.253,175.683
11/06/2008,795.18,277.467,411.617,183.441
12/06/2008,800.256,273.305,410.62,184.003
13/06/2008,788.332,273.916,412.254,187.886
16/06/2008,795.634,280.072,416.455,188.686
17/06/2008,793.548,279.491,419.545,191.261
18/06/2008,807.788,282.226,427.418,191.842
19/06/2008,784.467,285.264,424.814,188.387
20/06/2008,796.637,284.827,431.7,188.525
23/06/2008,806.473,278.326,429.051,187.907
24/06/2008,803.188,278.597,424.494,187.073
25/06/2008,788.35,275.904,421.275,190.711
26/06/2008,814.787,286.155,428.875,195.371
27/06/2008,815.928,292.099,431.355,193.919
30/06/2008,818.638,290.537,431.024,191.267
01/07/2008,825.852,297.836,433.681,193.147
02/07/2008,832.569,298.932,440.573,196.591
03/07/2008,842.558,295.789,432.152,195.917
04/07/2008,842.558,295.789,432.152,195.917
07/07/2008,814.565,292.671,436.101,187.659
08/07/2008,781.703,291.612,417.981,184.807
09/07/2008,773.788,293.857,426.349,185.171
10/07/2008,800.982,297.572,434.947,185.347
11/07/2008,800.998,304.119,437.729,186.922
14/07/2008,802.41,309.093,435.427,182.675
15/07/2008,768.772,309.104,424.249,180.478
16/07/2008,753.187,304.556,414.912,182.924
17/07/2008,715.167,306.055,419.694,176.682
18/07/2008,713.322,300.751,411.206,172.896
21/07/2008,719.731,303.131,413.583,169.055
22/07/2008,697.901,297.754,412.987,167.589
23/07/2008,676.183,289.464,410.804,166.027
24/07/2008,667.789,288.601,400.288,166.307
25/07/2008,654.772,289.998,401.642,168.375
28/07/2008,661.506,290.653,407.051,168.149
29/07/2008,650.755,287.701,400.456,169.14
30/07/2008,668.008,284.98,403.969,171.02
31/07/2008,655.203,288.826,405.686,171.029
01/08/2008,663.95,286.424,397.971,168.063
04/08/2008,635.438,282.556,386.626,160.375
05/08/2008,627.856,275.059,385.316,160.273
06/08/2008,626.535,274.068,386.77,157.066
07/08/2008,625.957,271.79,388.738,160.282
08/08/2008,602.594,264.57,378.471,153.61
11/08/2008,602.519,253.149,375.361,154.448
12/08/2008,597.393,249.473,367.517,156.166
13/08/2008,609.95,254.942,378.47,162.981
14/08/2008,600.022,248.3,374,163.094
15/08/2008,596.113,236.691,374.781,156.89
18/08/2008,587.288,241.093,371.462,163.197
19/08/2008,594.216,243.598,382.555,163.319
20/08/2008,600.971,243.188,381.364,166.018
21/08/2008,624.194,251.465,398.521,171.523
22/08/2008,593.162,249.078,389.34,168.961
25/08/2008,594.985,246.861,389.617,168.195
26/08/2008,608.981,248.331,383.602,168.029
27/08/2008,620.142,249.15,387.873,167.126
28/08/2008,599.771,250.512,381.862,164.442
29/08/2008,596.332,250.086,380.187,163.213
01/09/2008,596.332,250.086,380.187,163.213
02/09/2008,563.226,242.012,371.826,159.999
03/09/2008,562.639,240.592,372.828,157.355
04/09/2008,558.47,239.454,370.795,157.129
05/09/2008,555.606,236.525,359.183,152.128
08/09/2008,557.051,235.286,359.973,152.296
09/09/2008,545.034,231.328,355.168,150.893
10/09/2008,538.593,220.92,358.387,149.527
11/09/2008,532.174,215.578,359.456,148.42
12/09/2008,536.25,220.948,368.685,151.838
15/09/2008,516.941,227.585,355.55,150.169
16/09/2008,499.381,223.272,349.736,143.791
17/09/2008,532.752,244.299,344.503,147.05
18/09/2008,527.549,259.457,344.523,142.896
19/09/2008,542.435,251.199,353.424,146.919
22/09/2008,565.706,265.648,359.926,152.71
23/09/2008,561.267,260.38,351.096,151.069
24/09/2008,553.622,262.492,349.166,150.843
25/09/2008,561.517,258.83,350.784,151.536
26/09/2008,550.226,261.351,346.091,148.652
29/09/2008,506.16,260.484,333.035,140.865
30/09/2008,525.496,253.971,329.649,137.512
01/10/2008,524.524,257.729,324.924,137.759
02/10/2008,502.927,240.462,308.301,131.486
03/10/2008,498.015,238.938,313.365,129.794
06/10/2008,463.74,246.156,296.878,121.33
07/10/2008,467.827,250.135,300.764,121.336
08/10/2008,464.426,257.439,285.926,123.115
09/10/2008,460.16,253.446,292.786,124.01
10/10/2008,425.273,241.379,272.929,116.822
13/10/2008,441.471,238.579,283.771,119.847
14/10/2008,432.596,239.164,287.364,118.249
15/10/2008,415.377,234.971,269.253,112.61
16/10/2008,401.992,224.725,259.376,112.903
17/10/2008,409.931,219.577,265.726,116.597
20/10/2008,414.88,221.748,257.652,118.234
21/10/2008,411.078,218.62,249.194,115.99
22/10/2008,391.469,208.434,237.229,110.716
23/10/2008,386.722,204.039,234.858,111.075
24/10/2008,371.691,206.586,228.209,107.994
27/10/2008,365.83,208.963,239.461,110.465
28/10/2008,365.936,206.551,246.552,110.32
29/10/2008,388.634,214.29,264.501,117.808
30/10/2008,376.192,210.733,245.223,115.616
31/10/2008,390.673,205.939,241.024,114.852
03/11/2008,378.144,207.973,242.554,116.307
04/11/2008,408.227,216.568,254.406,119.75
05/11/2008,393.509,214.745,244.842,114.695
06/11/2008,372.639,210.607,234.269,111.711
07/11/2008,369.16,210.631,227.673,112.065
10/11/2008,383.785,214.584,232.244,113.673
11/11/2008,360.93,209.563,224.683,110.994
12/11/2008,343.926,204.791,224.226,109.625
13/11/2008,348.303,198.578,226.695,109.881
14/11/2008,342.721,210.282,228.846,110.99
17/11/2008,339.646,209.378,223.158,110.95
18/11/2008,335.666,208.137,226.377,110.149
19/11/2008,338.579,207.669,219.438,109.773
20/11/2008,314.458,209.212,212.473,106.007
21/11/2008,319.933,220.924,210.519,103.62
24/11/2008,340.851,231.221,219.464,109.008
25/11/2008,319.548,230.906,219.566,108.419
26/11/2008,341.879,228.686,221.075,109.617
27/11/2008,341.879,228.686,221.075,109.617
28/11/2008,332.682,230.227,215.719,109.754
01/12/2008,319.344,216.872,210.958,105.576
02/12/2008,308.344,219.411,207.231,104.465
03/12/2008,305.815,216.438,199.313,103.619
04/12/2008,288.231,214.998,194.147,99.434
05/12/2008,272.392,211.612,182.522,95.554
08/12/2008,277.774,217.955,190.526,100.804
09/12/2008,273.023,218.47,188.193,100.184
10/12/2008,278.399,227.816,192.624,103.139
11/12/2008,290.781,232.832,196.924,105.366
12/12/2008,283.799,230.567,188.033,105.884
15/12/2008,281.959,235.946,186.185,105.649
16/12/2008,282.666,237.724,182.894,108.269
17/12/2008,275.792,246.796,185.249,108.97
18/12/2008,265.864,243.643,181.387,109.446
19/12/2008,263.598,237.213,185.932,107.224
22/12/2008,254.82,239.448,189.406,107.75
23/12/2008,261.673,234.638,185.232,109.116
24/12/2008,253.214,237.266,183.218,110.295
25/12/2008,253.214,237.266,183.218,110.295
26/12/2008,257.713,243.28,184.474,113.069
29/12/2008,270.042,245.493,182.985,111.283
30/12/2008,265.17,245.097,184.729,112.607
31/12/2008,277.168,249.749,194.208,115.94
01/01/2009,277.168,249.749,194.208,115.94
02/01/2009,289.556,249.581,202.504,116.153
05/01/2009,300.067,243.718,201.017,116.385
06/01/2009,300.077,246.361,210.519,121.402
07/01/2009,281.631,239.361,204.329,118.154
08/01/2009,272.752,242.183,198.078,117.557
09/01/2009,270.256,243.375,205.046,120.127
12/01/2009,264.24,233.093,194.841,112.469
13/01/2009,262.438,232.672,200.114,111.732
14/01/2009,257.013,229.009,194.264,111.671
15/01/2009,253.685,228.558,191.581,113.168
16/01/2009,250.204,239.821,194.598,116.339
19/01/2009,250.204,239.821,194.598,116.339
20/01/2009,240.218,242.751,192.141,113.747
21/01/2009,249.894,242.56,181.84,116.104
22/01/2009,245.724,244.622,179.229,115.687
23/01/2009,253.479,255.682,187.068,116.948
26/01/2009,250.682,259.371,194.813,118.247
27/01/2009,237.78,257.816,185.407,115.581
28/01/2009,241.604,254.221,187.924,116.519
29/01/2009,243.696,258.704,184.579,114.704
30/01/2009,242.591,265.689,183.313,114.332
02/02/2009,235.879,260.418,183.918,113.004
03/02/2009,237.009,256.699,191.122,111.467
04/02/2009,238.796,259.701,193.487,110.952
05/02/2009,244.047,263.819,190.076,114.211
06/02/2009,243.029,266.216,198.979,115.364
09/02/2009,242.168,259.843,197.368,116.309
10/02/2009,232.089,266.033,191.119,114.499
11/02/2009,229.842,274.598,188.725,112.624
12/02/2009,227.757,275.519,186.709,111.443
13/02/2009,223.394,274.739,186.995,110.743
16/02/2009,223.394,274.739,186.995,110.743
17/02/2009,207.076,282.255,177.396,106.54
18/02/2009,201.963,286.101,178.01,105.206
19/02/2009,208.668,283.684,180.96,105.879
20/02/2009,206.451,292.254,174.755,104.546
23/02/2009,204.204,290.523,174.684,104.88
24/02/2009,210.303,282.584,179.762,105.568
25/02/2009,214.216,281.201,183.615,106.907
26/02/2009,225.008,270.889,186.334,106.673
27/02/2009,224.591,271.652,183.047,105.309
02/03/2009,209.852,270.908,179.043,101.319
03/03/2009,216.263,263.371,184.185,101.581
04/03/2009,226.798,263.098,193.508,104.427
05/03/2009,217.227,268.669,189.82,102.782
06/03/2009,221.191,273,190.804,103.683
09/03/2009,220.369,265.603,187.324,103.214
10/03/2009,216.533,258.695,192.027,104.667
11/03/2009,206.915,263.284,189.006,102.845
12/03/2009,222.529,266.871,187.858,106.082
13/03/2009,219.269,269.731,190.328,105.566
16/03/2009,220.946,266.178,196.439,108.022
17/03/2009,227.251,263.83,195.603,108.563
18/03/2009,221.423,253.818,193.849,107.8
19/03/2009,239.075,277.435,203.96,111.017
20/03/2009,241.063,278.769,203.056,111.473
23/03/2009,248.351,278.209,205.006,111.943
24/03/2009,250.513,269.244,201.16,111.194
25/03/2009,246.564,272.197,201.401,109.328
26/03/2009,245.312,274.128,206.513,109.548
27/03/2009,234.527,268.561,204.567,107.524
30/03/2009,221.555,265.66,198.802,106.903
31/03/2009,225.864,266.898,203.25,111.344
01/04/2009,220.224,267.402,203.51,110.476
02/04/2009,234.945,263.793,209.019,113.443
03/04/2009,235.638,259.713,218.241,114.514
06/04/2009,230.499,251.023,214.776,113.693
07/04/2009,222.865,253.78,216.893,112.487
08/04/2009,224.023,255.072,218.659,113.308
09/04/2009,231.004,254.479,224.612,113.175
10/04/2009,231.004,254.479,224.612,113.175
13/04/2009,226.587,259.61,227.23,113.792
14/04/2009,226.431,258.807,228.544,114.569
15/04/2009,224.307,259.315,235.834,113.988
16/04/2009,224.291,253.317,232.3,114.591
17/04/2009,226.633,248.153,235.65,114.022
20/04/2009,212.854,254.045,225.74,111.117
21/04/2009,212.095,252.791,223.779,112.938
22/04/2009,211.61,256.251,223.149,113.671
23/04/2009,210.512,261.78,217.28,114.696
24/04/2009,214.538,264.301,220.978,115.378
27/04/2009,209.463,263.283,215.799,112.388
28/04/2009,209.271,257.028,210.256,112.166
29/04/2009,212.26,260.475,218.012,115.028
30/04/2009,212.296,255.949,222.788,116.826
01/05/2009,221.301,256.339,229.922,121.516
04/05/2009,229.493,262.785,231.967,121.041
05/05/2009,225.972,264.996,229.701,121.614
06/05/2009,235.972,268.062,239.062,122.969
07/05/2009,240.28,270.845,238.841,123.244
08/05/2009,248.203,270.285,235.774,125.082
11/05/2009,246.622,269.747,232.024,125.855
12/05/2009,249.341,273.676,232.565,126.428
13/05/2009,246.479,272.966,226.013,125.696
14/05/2009,247.506,273.58,226.821,126.573
15/05/2009,237.535,273.988,225.62,123.673
18/05/2009,246.134,270.967,228.366,125.896
19/05/2009,244.834,273.705,227.735,126.618
20/05/2009,250.676,276.816,229.485,127.205
21/05/2009,243.1,280.584,221.912,127.45
22/05/2009,244.125,283.622,227.103,128.191
25/05/2009,244.125,283.622,227.103,128.191
26/05/2009,246.18,281.962,230.455,128.524
27/05/2009,249.191,283.513,226.468,128.758
28/05/2009,258.147,286.873,228.252,128.576
29/05/2009,260.182,293.011,235.444,130.216
01/06/2009,272.943,293.674,245.251,134.25
02/06/2009,271.431,295.856,243.332,133.756
03/06/2009,259.97,288.243,237.736,128.635
04/06/2009,268.2,295.077,247.579,132.438
05/06/2009,267.869,288.075,246.614,130.917
08/06/2009,265.006,283.488,245.975,129.225
09/06/2009,269.974,285.017,256.213,130.778
10/06/2009,273.507,285.512,255.711,129.379
11/06/2009,281.023,288.574,265.712,130.393
12/06/2009,277.94,280.594,259.251,128.134
15/06/2009,278.764,272.989,248.786,123.205
16/06/2009,277.481,274.54,247.868,122.935
17/06/2009,280.137,276.186,247.607,123.594
18/06/2009,278.095,275.667,249.659,123.323
19/06/2009,270.587,275.774,251.061,121.057
22/06/2009,261.585,269.773,237.508,119.136
23/06/2009,265.752,271.253,242.676,121.05
24/06/2009,262.319,273.725,252.502,120.973
25/06/2009,268.178,275.301,256.411,121.162
26/06/2009,266.379,276.328,253.1,120.2
29/06/2009,271.384,275.226,253.127,120.041
30/06/2009,265.246,270.313,248.895,117.593
01/07/2009,262.346,274.113,256.752,119.197
02/07/2009,252.229,269.954,253.926,117.691
03/07/2009,252.229,269.954,253.926,117.691
06/07/2009,242.62,267.593,249.514,114.846
07/07/2009,238.881,268.484,247.212,111.036
08/07/2009,229.284,262.266,238.061,110.807
09/07/2009,231.2,264.181,243.662,112.375
10/07/2009,229.132,261.747,240.087,112.536
13/07/2009,226.619,264.624,239.334,113.85
14/07/2009,228.808,265.073,248.123,114.474
15/07/2009,233.621,270.533,256.523,114.136
16/07/2009,240.199,269.864,258.664,112.291
17/07/2009,245.113,271.266,262.562,114.534
20/07/2009,247.958,274.88,266.098,115.706
21/07/2009,249.133,273.623,264.492,113.655
22/07/2009,250.644,276.223,270.671,112.892
23/07/2009,253.299,276.958,273.052,115.827
24/07/2009,257.492,277.213,274.685,113.725
27/07/2009,257.468,277.962,277.277,113.892
28/07/2009,252.992,273.51,274.76,114.166
29/07/2009,240.677,268.26,269.549,113.527
30/07/2009,254.833,271.137,281.072,117.156
31/07/2009,260.577,277.576,287.032,118.439
03/08/2009,271.826,279.996,300.013,123.88
04/08/2009,271.299,284.797,304.91,123.667
05/08/2009,273.701,284.471,313.315,123.081
06/08/2009,269.44,283.108,303.183,121.239
07/08/2009,264.946,282.54,307.142,122.191
10/08/2009,264.762,278.141,304.303,122.719
11/08/2009,261.073,278.225,298.548,123.974
12/08/2009,261.334,280.621,306.151,125.574
13/08/2009,261.157,283.77,317.161,123.023
14/08/2009,252.817,280.638,306.151,120.401
17/08/2009,249.693,273.65,299.343,117.756
18/08/2009,254.004,274.267,300.627,117.702
19/08/2009,260.184,274.929,298.584,118.784
20/08/2009,256.005,274.314,295.912,117.532
21/08/2009,258,278.642,305.045,117.797
24/08/2009,260.826,276.561,307.879,119.714
25/08/2009,253.897,277.698,303.317,118.652
26/08/2009,252.438,277.324,301.261,119.405
27/08/2009,254.107,277.422,300.707,119.183
28/08/2009,253.208,283.04,306.877,120.569
31/08/2009,244.443,282.571,301.079,120.532
01/09/2009,237.789,283.979,295.875,118.12
02/09/2009,237.999,290.274,295.287,117.474
03/09/2009,234.662,299.557,299.115,116.266
04/09/2009,235.121,299.323,298.397,113.724
07/09/2009,235.121,299.323,298.397,113.724
08/09/2009,244.364,301.262,306.597,113.555
09/09/2009,245.241,300.476,304.799,113.373
10/09/2009,250.536,301.565,297.887,114.459
11/09/2009,241.043,303.72,294.209,113.846
14/09/2009,244.229,302.187,290.146,115.123
15/09/2009,248.913,305.43,293.795,118.912
16/09/2009,258.89,310.772,304.248,118.681
17/09/2009,255.986,308.442,305.145,118.495
18/09/2009,257.167,306.632,295.769,116.871
21/09/2009,246.823,304.457,295.984,115.221
22/09/2009,253.053,307.997,300.369,117.096
23/09/2009,248.598,306.592,296.309,116.727
24/09/2009,242.116,299.857,287.476,116.549
25/09/2009,242.675,297,287.797,115.473
28/09/2009,243.171,298.295,287.472,116.476
29/09/2009,243.415,298.26,289.368,116.729
30/09/2009,253.958,304.096,298.937,118.546
01/10/2009,249.627,301.069,291.225,116.931
02/10/2009,250.441,300.605,285.185,114.426
05/10/2009,254.9,305.148,287.061,115.364
06/10/2009,255.121,314.039,293.616,118.128
07/10/2009,251.458,316.189,295.721,117.421
08/10/2009,258.298,320.457,309.54,118.848
09/10/2009,256.204,318.15,303.888,118.005
12/10/2009,261.75,320.736,307.775,122.131
13/10/2009,261.393,322.4,299.969,123.753
14/10/2009,262.113,322.73,303.281,124.19
15/10/2009,269.431,316.985,304.973,124.344
16/10/2009,275.261,317.2,304.082,124.652
19/10/2009,277.983,319.743,314.015,126.812
20/10/2009,278.274,319.461,310.536,125.553
21/10/2009,282.476,322.216,322.006,128.985
22/10/2009,280.076,319.388,319.296,128.421
23/10/2009,277.27,319.959,321.412,127.077
26/10/2009,270.2154,313.5418,321.5916,124.5262
27/10/2009,273.0651,308.8229,320.4176,122.66
28/10/2009,264.6614,306.0867,309.28,121.0412
29/10/2009,270.4574,311.9003,319.4463,123.7478
30/10/2009,263.1134,308.2174,310.5576,121.9819
02/11/2009,263.5677,312.0902,310.7213,125.5719
03/11/2009,267.6973,322.7245,309.9361,126.9013
04/11/2009,267.4545,324.5145,313.7476,126.1229
05/11/2009,265.8636,324.9566,311.51,123.756
06/11/2009,258.3264,326.0767,308.6611,121.3765
09/11/2009,264.4075,327.8646,310.8906,124.1559
10/11/2009,261.3718,326.6066,309.5509,123.6889
11/11/2009,262.6413,330.916,310.5864,124.5991
12/11/2009,255.2874,327.7001,306.7369,124.6185
13/11/2009,253.893,330.4426,308.2393,125.0876
16/11/2009,262.7473,340.9718,321.7476,128.651
17/11/2009,262.7526,340.9332,322.401,129.31
18/11/2009,260.406,341.4656,323.578,129.2298
19/11/2009,256.0458,341.8345,319.5056,128.4154
20/11/2009,255.3628,342.7439,322.1201,128.2078
23/11/2009,255.9327,347.4489,323.4213,127.658
24/11/2009,251.8541,346.8063,320.7908,126.5372
25/11/2009,261.7164,352.9332,326.4916,128.8594
26/11/2009,261.7164,352.9332,326.4916,128.8594
27/11/2009,257.152,347.5634,317.9581,129.0117
30/11/2009,256.7907,350.0573,324.997,130.4293
01/12/2009,258.6414,357.6813,330.1753,130.0871
02/12/2009,251.3285,360.9803,335.1609,128.9233
03/12/2009,250.4307,360.9416,332.3486,129.1476
04/12/2009,249.5901,347.393,331.6287,127.0434
07/12/2009,250.6389,345.3423,329.1258,127.5556
08/12/2009,249.362,337.921,328.0842,126.501
09/12/2009,241.0964,329.6831,328.7965,125.228
10/12/2009,244.7882,330.8218,325.7681,126.8045
11/12/2009,243.2053,328.961,331.5731,128.4607
14/12/2009,244.6842,331.2021,333.105,131.1803
15/12/2009,247.269,331.6981,331.8438,130.4855
16/12/2009,250.0417,335.7859,339.9985,132.3927
17/12/2009,252.0315,326.9904,331.9553,129.7385
18/12/2009,253.4606,328.5538,333.7498,129.4177
21/12/2009,250.519,323.7234,338.5159,128.2336
22/12/2009,252.2424,321.7787,335.8751,128.234
23/12/2009,259.3454,324.2028,343.4659,129.072
24/12/2009,260.5287,327.8653,346.9918,129.3937
25/12/2009,260.5287,327.8653,346.9918,129.3937
28/12/2009,265.9964,329.196,349.0264,132.0968
29/12/2009,264.589,324.5924,351.0924,131.412
30/12/2009,264.3579,321.6701,350.7184,131.5738
31/12/2009,262.4653,322.6807,349.5405,131.8426
01/01/2010,262.4653,322.6807,349.5405,131.8426
04/01/2010,271.3278,330.7892,355.098,134.239
05/01/2010,269.3758,332.8081,356.2849,133.5812
06/01/2010,276.0368,338.6315,367.5048,134.9491
07/01/2010,272.6864,339.0317,357.3582,132.8093
08/01/2010,272.8311,340.8222,351.7509,132.9789
11/01/2010,268.4497,344.6881,356.6604,132.1075
12/01/2010,265.821,337.6601,347.7071,127.9096
13/01/2010,265.2706,340.7845,352.237,128.7421
14/01/2010,262.9368,342.6434,353.8857,127.4701
15/01/2010,261.6286,338.7823,351.5869,124.9885
18/01/2010,261.6286,338.7823,351.5869,124.9885
19/01/2010,260.9547,342.674,356.6176,124.5632
20/01/2010,257.0088,332.1096,349.0913,123.5291
21/01/2010,254.963,328.2346,344.5856,124.3374
22/01/2010,254.9034,322.4631,343.7475,123.3339
25/01/2010,255.2482,324.825,344.9618,123.4218
26/01/2010,249.9956,324.0237,341.8083,122.8407
27/01/2010,244.224,318.9375,333.074,120.5044
28/01/2010,242.5133,317.6244,322.9643,121.1598
29/01/2010,240.922,317.2976,318.9352,119.9742
01/02/2010,248.969,324.2559,320.0419,119.7452
02/02/2010,255.4959,327.5185,322.9574,121.999
03/02/2010,254.6414,324.1165,314.8574,119.1647
04/02/2010,246.8208,308.6215,305.9485,119.1522
05/02/2010,243.9948,303.8368,298.5156,117.6076
08/02/2010,243.4208,308.0333,304.7298,119.8465
09/02/2010,245.5532,312.1649,312.3271,120.4586
10/02/2010,246.8345,311.3076,312.0626,121.6593
11/02/2010,250.1574,316.7719,322.3574,122.2386
12/02/2010,248.6085,315.0363,320.4422,121.7366
15/02/2010,248.6085,315.0363,320.4422,121.7366
16/02/2010,252.2654,325.023,337.4378,124.3022
17/02/2010,253.923,324.8354,336.5852,122.2792
18/02/2010,254.3715,324.343,339.1038,122.067
19/02/2010,253.9406,326.8224,345.2275,122.5015
22/02/2010,252.3599,323.9144,341.4595,123.1659
23/02/2010,247.4035,320.1024,334.0038,121.873
24/02/2010,250.4696,319.0304,335.6403,123.3697
25/02/2010,244.8178,322.3395,329.1605,121.859
26/02/2010,248.6908,326.5273,338.2703,123.6776
01/03/2010,244.6186,326.1439,342.6026,122.256
02/03/2010,247.4126,333.2503,349.0555,122.4105
03/03/2010,250.9695,335.8436,354.9115,123.1294
04/03/2010,246.6998,332.8564,350.1412,121.0486
05/03/2010,249.6593,334.3266,354.6645,120.537
08/03/2010,249.3936,331.333,354.5832,120.5365
09/03/2010,247.9531,331.284,355.8921,119.2447
10/03/2010,250.217,326.6038,351.0858,118.9801
11/03/2010,248.1311,327.3215,350.2241,117.362
12/03/2010,245.7058,325.3491,352.5114,117.4631
15/03/2010,242.7512,326.4364,346.1848,116.8576
16/03/2010,246.0035,331.3705,351.3054,117.8508
17/03/2010,247.7978,332.5712,356.9974,119.3636
18/03/2010,242.9046,332.803,356.0731,119.686
19/03/2010,240.7539,326.5535,352.6365,119.0465
22/03/2010,240.4245,324.3066,351.9006,118.9507
23/03/2010,241.9017,325.6793,351.7079,117.5412
24/03/2010,238.5441,320.5023,347.3267,117.5459
25/03/2010,236.3395,321.9141,350.8367,115.5347
26/03/2010,233.8104,325.2016,353.351,115.7916
29/03/2010,237.9855,328.8959,365.0159,116.9708
30/03/2010,239.365,327.3459,368.5596,117.2
31/03/2010,240.717,330.2364,370.9492,113.8049
01/04/2010,246.547,334.5627,374.3168,114.4357
02/04/2010,246.547,334.5627,374.3168,114.4357
05/04/2010,253.1616,337.3724,376.3233,114.5374
06/04/2010,250.4973,336.9425,376.6733,115.1181
07/04/2010,247.1175,341.9848,373.8568,116.4772
08/04/2010,244.2037,341.6125,373.1674,114.7941
09/04/2010,246.1394,344.685,377.3322,114.713
12/04/2010,244.6305,345.0638,378.2995,115.1787
13/04/2010,246.5071,342.3223,379.2604,116.3587
14/04/2010,250.0178,344.4992,384.6094,116.8969
15/04/2010,247.0744,344.747,387.7795,117.9217
16/04/2010,244.3898,335.8964,379.2763,117.615
19/04/2010,239.6344,335.9332,374.6909,115.3942
20/04/2010,241.6482,337.1349,378.869,117.1194
21/04/2010,242.2467,340.503,376.9234,117.9066
22/04/2010,245.1354,338.8681,373.4145,118.5816
23/04/2010,250.046,342.1378,374.6791,117.5867
26/04/2010,249.1924,342.9213,375.5304,116.8394
27/04/2010,246.3778,343.6462,356.1035,115.4966
28/04/2010,247.9178,345.6851,356.782,115.9397
29/04/2010,244.9812,347.1986,353.7748,116.785
30/04/2010,246.496,350.1037,358.9941,117.6281
03/05/2010,249.7116,351.6608,356.4876,116.9962
04/05/2010,242.6355,343.6914,340.2478,116.5355
05/05/2010,236.1857,343.4598,330.0717,116.6871
06/05/2010,229.5381,348.2604,327.8105,114.473
07/05/2010,227.6683,355.7108,328.2284,115.0985
10/05/2010,233.8953,354.0994,337.2412,114.6164
11/05/2010,233.2352,362.0109,331.8398,115.2247
12/05/2010,236.0785,368.8134,332.3258,115.6421
13/05/2010,234.7884,364.9673,338.2911,114.7182
14/05/2010,227.6103,363.3243,325.7227,112.7338
17/05/2010,223.7925,361.6076,306.5682,111.4198
18/05/2010,221.8875,358.7485,317.9588,112.2673
19/05/2010,217.9612,350.308,308.7715,112.3998
20/05/2010,213.465,347.3703,307.7504,112.5856
21/05/2010,211.0217,344.32,316.3478,113.3926
24/05/2010,210.8546,349.9514,324.1004,113.2391
25/05/2010,208.6104,349.7602,312.5043,112.1008
26/05/2010,214.6284,355.7222,314.4874,113.2305
27/05/2010,222.5266,356.3177,322.826,113.9533
28/05/2010,222.3013,356.2262,318.3649,111.4116
31/05/2010,222.3013,356.2262,318.3649,111.4116
01/06/2010,217.9142,359.4706,310.1811,110.7358
02/06/2010,222.1221,357.3774,305.7452,109.6539
03/06/2010,229.8881,352.7424,296.8511,110.5328
04/06/2010,225.1877,351.3453,284.0504,108.6455
07/06/2010,227.1192,360.6268,281.4002,107.9986
08/06/2010,225.9858,363.22,287.3865,108.4087
09/06/2010,228.3834,358.3752,292.9966,109.088
10/06/2010,230.2181,357.4803,292.9531,109.9277
11/06/2010,229.9418,358.6523,296.4122,111.8708
14/06/2010,234.6561,358.2861,305.3125,113.4804
15/06/2010,240.4704,361.2752,307.3531,114.2358
16/06/2010,239.3387,359.753,305.9062,115.1951
17/06/2010,241.931,365.38,298.3882,114.9638
18/06/2010,239.147,369.4797,295.1662,115.4642
21/06/2010,237.6431,363.7865,299.8682,115.5068
22/06/2010,234.3644,364.2635,301.8104,115.0673
23/06/2010,231.9333,360.7883,298.4882,113.9533
24/06/2010,231.1682,364.5484,303.7794,114.2349
25/06/2010,237.3864,368.6408,309.6763,113.7995
28/06/2010,233.5386,362.6709,312.4904,112.8336
29/06/2010,225.9491,363.0998,295.323,110.7097
30/06/2010,225.9146,364.2244,300.2296,113.8331
01/07/2010,224.1104,351.1587,291.8458,115.5426
02/07/2010,219.8366,351.0328,294.3597,115.4343
05/07/2010,219.8366,351.0328,294.3597,115.4343
06/07/2010,219.4059,348.9525,300.9938,114.3673
07/07/2010,221.9067,350.4845,303.0617,117.9316
08/07/2010,221.8554,349.248,303.8567,119.4227
09/07/2010,223.0978,353.2298,307.4336,119.363
12/07/2010,220.3325,350.0448,302.2285,119.0188
13/07/2010,224.0204,354.9408,304.7301,119.73
14/07/2010,222.8052,353.6994,304.3006,120.7107
15/07/2010,226.1802,354.3355,303.8315,124.0226
16/07/2010,223.9501,347.1277,297.2936,123.5955
19/07/2010,224.7266,344.5623,297.1402,121.8578
20/07/2010,227.0296,347.414,301.9435,120.6796
21/07/2010,223.9038,347.9511,309.2604,121.7334
22/07/2010,231.5063,350.3266,316.3919,122.8304
23/07/2010,229.5938,348.5529,315.8957,122.9139
26/07/2010,229.6501,348.0342,320.7168,121.8363
27/07/2010,227.5896,339.7333,318.4082,121.636
28/07/2010,227.9936,338.965,321.2158,124.2867
29/07/2010,232.5308,341.7466,325.6148,126.1853
30/07/2010,235.3178,346.4032,332.2694,129.6193
02/08/2010,236.4771,348.7611,341.4227,130.6613
03/08/2010,238.0316,349.2361,338.0417,129.783
04/08/2010,239.242,350.3722,342.4786,132.876
05/08/2010,236.1385,351.3262,338.321,135.2127
06/08/2010,231.196,353.3743,338.6702,133.1577
09/08/2010,230.069,351.669,340.7102,132.6717
10/08/2010,227.3182,350.2565,335.533,131.3305
11/08/2010,222.9341,349.2741,329.5277,131.192
12/08/2010,218.4555,353.8912,331.5276,133.8786
13/08/2010,217.8913,354.0849,327.1437,135.1148
16/08/2010,215.637,357.7333,329.7997,132.7542
17/08/2010,217.5768,359.0061,335.253,133.1721
18/08/2010,216.9214,358.7212,334.2256,132.9703
19/08/2010,213.7358,359.2411,329.9297,132.8912
20/08/2010,211.0643,356.1564,326.3866,133.4523
23/08/2010,208.6281,356.1004,325.2286,133.6244
24/08/2010,205.722,359.0504,320.0115,131.037
25/08/2010,205.6655,363.9112,315.7557,129.6946
26/08/2010,207.3099,362.8832,323.2632,131.7045
27/08/2010,209.5454,363.1815,329.6994,133.5941
30/08/2010,210.6734,363.4702,331.5606,134.2959
31/08/2010,206.7795,367.6381,327.5604,132.6437
01/09/2010,208.8225,366.9693,336.5405,134.6232
02/09/2010,210.0599,369.4861,341.2581,135.5594
03/09/2010,211.8428,370.3332,340.9137,138.8527
06/09/2010,211.8428,370.3332,340.9137,138.8527
07/09/2010,210.9447,371.9598,342.6935,140.579
08/09/2010,211.3712,372.0304,346.0138,139.3844
09/09/2010,209.6838,369.8408,339.3922,140.9236
10/09/2010,214.0514,368.8325,336.0538,141.1447
13/09/2010,215.8973,370.4569,341.9175,142.3808
14/09/2010,215.5998,377.199,344.6888,143.9451
15/09/2010,215.0162,377.2216,343.2967,143.4718
16/09/2010,213.1132,379.3104,345.2116,143.266
17/09/2010,211.411,380.339,347.0133,146.5393
20/09/2010,210.8902,381.001,347.1895,146.1549
21/09/2010,209.6474,378.7896,342.6493,145.3373
22/09/2010,209.3953,384.699,350.4669,145.6184
23/09/2010,211.1686,386.3871,355.8333,144.8056
24/09/2010,211.1896,387.6872,358.4426,149.16
27/09/2010,209.6741,388.152,355.9041,148.9852
28/09/2010,209.7593,391.421,358.7556,147.4865
29/09/2010,213.5524,393.052,361.7775,146.4294
30/09/2010,216.2956,392.2632,361.3246,145.13
01/10/2010,218.1985,395.2193,365.0447,139.6578
04/10/2010,216.9724,394.8891,364.6482,138.7434
05/10/2010,219.5967,403.4357,371.1144,142.1559
06/10/2010,222.4255,406.5429,372.0897,141.4033
07/10/2010,215.4661,401.5362,363.4508,143.3446
08/10/2010,218.0641,406.3233,373.5356,152.2198
11/10/2010,217.2221,409.5031,373.805,154.554
12/10/2010,215.9071,406.8394,375.6895,158.0807
13/10/2010,218.6277,415.8606,377.7068,157.4502
14/10/2010,217.1304,419.8612,377.1572,158.523
15/10/2010,213.201,417.9239,376.0311,157.1234
18/10/2010,216.0392,418.5585,377.6046,156.7115
19/10/2010,209.5434,407.5931,369.5673,155.3349
20/10/2010,213.8819,409.7947,373.5812,160.2809
21/10/2010,208.7063,402.2043,372.2951,158.9924
22/10/2010,209.7921,401.9943,373.7226,158.969
25/10/2010,210.6863,407.087,378.6865,161.4957
26/10/2010,212.0922,408.415,380.1532,162.7631
27/10/2010,211.2526,402.8477,369.8841,163.2453
28/10/2010,213.2571,409.489,371.7864,163.5048
29/10/2010,213.6371,416.1429,367.6448,164.6676
01/11/2010,213.8302,414.5598,372.0184,164.0877
02/11/2010,215.825,417.3199,377.6018,164.6142
03/11/2010,217.05,411.1581,373.9483,164.953
04/11/2010,220.5265,428.9217,385.5255,170.0057
05/11/2010,222.0751,435.5444,386.9678,171.1763
08/11/2010,223.9601,440.0866,384.3795,171.6351
09/11/2010,224.9242,448.7864,392.9612,174.4259
10/11/2010,224.9133,436.4799,386.6892,172.0849
11/11/2010,222.8483,440.0115,389.2641,170.6955
12/11/2010,216.0474,424.6123,375.1198,161.8676
15/11/2010,216.7009,426.0045,374.0135,164.6259
16/11/2010,211.9178,415.238,350.8613,156.6328
17/11/2010,211.731,416.268,353.7051,155.7081
18/11/2010,214.47,426.2127,361.6951,161.042
19/11/2010,215.3346,427.7378,359.0747,156.1113
22/11/2010,216.1758,430.312,355.9458,155.6804
23/11/2010,214.9797,435.1704,351.1767,157.0232
24/11/2010,219.5755,433.9335,356.5081,159.3448
25/11/2010,219.5755,433.9335,356.5081,159.3448
26/11/2010,219.469,427.5662,356.6385,157.9519
29/11/2010,220.5164,430.3144,355.9327,158.4576
30/11/2010,216.9878,439.3234,360.7857,158.0314
01/12/2010,223.8179,440.7818,370.9735,164.0835
02/12/2010,227.6474,441.7746,375.0407,164.2055
03/12/2010,229.5513,448.8582,373.2529,168.5961
06/12/2010,231.5299,453.278,373.1085,168.2367
07/12/2010,229.0271,451.9356,377.7577,167.1509
08/12/2010,231.2263,438.9016,382.8746,168.6576
09/12/2010,229.3055,443.7421,379.581,168.6559
10/12/2010,228.0969,440.9911,379.5409,168.6172
13/12/2010,229.4704,448.8043,386.7522,172.7517
14/12/2010,226.9428,450.9768,387.2069,172.2329
15/12/2010,227.2678,444.4319,381.8971,171.7921
16/12/2010,223.9249,438.8303,380.6278,171.5636
17/12/2010,224.6194,442.3257,385.1029,174.5282
20/12/2010,228.6012,444.9143,388.2067,176.5766
21/12/2010,227.3326,445.6942,394.7462,178.4121
22/12/2010,229.8507,445.3468,394.612,178.958
23/12/2010,230.7308,443.5667,390.8167,180.2485
24/12/2010,230.7308,443.5667,390.8167,180.2485
27/12/2010,230.0334,443.7418,391.7033,180.8864
28/12/2010,232.4285,453.8841,393.6722,182.3444
29/12/2010,232.0751,457.4606,396.7458,181.3307
30/12/2010,230.9016,454.8773,400.1096,178.8835
31/12/2010,234.7785,460.3203,406.3186,182.5945
03/01/2011,237.9056,461.5678,406.755,181.1261
04/01/2011,235.0527,444.0944,405.0012,178.4403
05/01/2011,234.3182,441.4776,404.6102,181.4304
06/01/2011,231.2851,440.6933,403.2868,177.6588
07/01/2011,229.9639,437.8735,400.2196,176.3584
10/01/2011,232.6507,439.9155,395.7715,177.9825
11/01/2011,237.0621,445.0371,402.0444,177.9533
12/01/2011,238.4742,445.5637,409.0503,182.3159
13/01/2011,235.7097,444.7631,405.6943,182.9732
14/01/2011,238.0929,434.8629,407.0257,181.9647
17/01/2011,238.0929,434.8629,407.0257,181.9647
18/01/2011,236.8897,438.8664,406.4405,183.6929
19/01/2011,238.763,438.9791,401.0833,182.7282
20/01/2011,237.418,428.3446,394.7842,184.1556
21/01/2011,238.4201,426.838,397.2572,186.6339
24/01/2011,233.6901,427.2896,398.0066,186.7142
25/01/2011,228.8924,422.4476,388.0339,183.9423
26/01/2011,232.006,423.7889,393.5984,187.787
27/01/2011,226.2169,419.8527,397.8267,188.5037
28/01/2011,231.66,428.4113,404.1035,187.1811
31/01/2011,237.2729,427.5644,413.1721,189.7645
01/02/2011,234.6975,430.2297,420.5153,191.7157
02/02/2011,236.2934,427.4165,419.2212,194.5087
03/02/2011,234.1996,434.1067,419.1888,191.053
04/02/2011,230.7951,434.33,422.8997,191.8932
07/02/2011,225.383,435.1677,423.0396,191.9449
08/02/2011,224.4,442.4084,423.8629,191.841
09/02/2011,225.1346,442.7685,419.5675,195.7362
10/02/2011,223.1591,441.38,418.6588,195.2061
11/02/2011,221.17,440.5084,417.7006,194.5865
14/02/2011,222.0099,443.614,424.7852,193.1647
15/02/2011,220.6257,446.3976,419.6259,190.1978
16/02/2011,220.6296,446.3646,416.6005,191.2964
17/02/2011,219.2882,452.1958,418.0278,195.8244
18/02/2011,220.7477,455.5981,423.0035,192.3557
21/02/2011,220.7477,455.5981,423.0035,192.3557
22/02/2011,226.93,460.7202,413.2053,184.6443
23/02/2011,232.9596,465.4899,410.7022,185.3003
24/02/2011,230.5499,465.4819,410.2252,183.606
25/02/2011,234.3273,462.9676,417.629,189.9018
28/02/2011,233.996,466.3633,423.2698,191.5658
01/03/2011,235.9122,473.7583,423.5585,192.0057
02/03/2011,237.9481,476.8222,421.4824,193.4035
03/03/2011,236.7759,469.7891,422.9357,196.3135
04/03/2011,240.5537,476.3856,420.7209,196.3066
07/03/2011,242.8454,479.7773,407.3001,194.4525
08/03/2011,239.9484,477.2539,408.7615,192.5322
09/03/2011,241.9111,479.2477,398.3933,190.0416
10/03/2011,238.1498,471.5313,398.2915,186.0996
11/03/2011,236.8233,476.9034,396.291,183.1464
14/03/2011,237.2479,477.3201,397.1333,182.0261
15/03/2011,230.698,463.2661,388.6001,172.5022
16/03/2011,232.5614,465.3552,390.0535,171.36
17/03/2011,241.8251,466.5577,402.0622,178.6209
18/03/2011,241.0582,472.3523,405.1779,184.3835
21/03/2011,243.1198,478.2762,402.2631,184.4559
22/03/2011,247.0236,479.5633,405.2044,184.7584
23/03/2011,249.2108,485.4588,414.561,182.5011
24/03/2011,247.8757,485.3441,414.9913,186.1024
25/03/2011,250.3534,482.0212,413.7605,185.4171
28/03/2011,247.5862,480.6299,406.996,182.0868
29/03/2011,245.6286,479.3396,410.1281,182.7467
30/03/2011,246.7207,483.0396,404.2214,182.4888
31/03/2011,251.0293,488.0612,407.2032,187.9227
01/04/2011,252.533,484.8165,404.2536,189.6924
04/04/2011,252.3901,488.575,404.4981,192.2549
05/04/2011,251.6996,495.8213,405.2573,193.0914
06/04/2011,250.7674,498.0225,413.5661,192.643
07/04/2011,250.9421,498.8148,416.2617,191.8216
08/04/2011,255.163,506.2416,425.2137,193.8508
11/04/2011,252.0741,504.7967,422.8989,193.5335
12/04/2011,246.9102,499.2864,414.5391,188.0508
13/04/2011,249.0791,500.3986,408.1395,187.8518
14/04/2011,250.8253,509.6492,406.1797,186.7067
15/04/2011,253.1227,516.2364,408.1715,186.3098
18/04/2011,248.3821,519.2978,401.5948,188.3532
19/04/2011,250.6833,523.258,404.3432,188.2363
20/04/2011,255.9905,526.1732,412.3526,188.3598
21/04/2011,258.683,533.1519,416.5532,189.7515
22/04/2011,258.683,533.1519,416.5532,189.7515
25/04/2011,258.3169,538.4091,412.8261,191.9132
26/04/2011,258.585,529.476,410.3684,191.1381
27/04/2011,259.1907,536.0745,406.0354,188.0497
28/04/2011,261.9762,545.1299,408.3695,183.119
29/04/2011,265.8278,555.0986,405.1481,187.9954
02/05/2011,264.8046,546.1815,405.8142,185.9212
03/05/2011,260.8576,529.4634,410.1838,184.4318
04/05/2011,256.6816,511.789,398.92,181.9041
05/05/2011,236.6765,492.1464,383.7688,177.3685
06/05/2011,232.676,491.189,382.1324,175.759
09/05/2011,239.7344,500.629,383.9382,179.0351
10/05/2011,243.8962,508.9192,388.0524,180.3526
11/05/2011,233.7464,494.4071,380.2204,175.35
12/05/2011,234.4384,493.1098,382.1335,175.0429
13/05/2011,236.5259,490.6744,380.3925,174.161
16/05/2011,233.5298,486.7619,379.6418,175.7333
17/05/2011,230.4003,481.8642,375.6394,179.2844
18/05/2011,235.0761,491.54,385.9608,185.9869
19/05/2011,231.2453,490.0916,377.5683,184.374
20/05/2011,235.0477,494.6477,380.6955,185.0821
23/05/2011,233.3733,495.5715,371.3096,183.7798
24/05/2011,236.4482,501.8943,376.2894,181.7817
25/05/2011,239.7886,508.2171,384.0759,184.1322
26/05/2011,237.7596,506.0918,384.5047,185.1106
27/05/2011,241.1009,511.3316,391.2924,186.1955
30/05/2011,241.1009,511.3316,391.2924,186.1955
31/05/2011,246.527,512.8096,394.0319,184.6805
01/06/2011,242.2017,512.1625,389.9165,184.1805
02/06/2011,245.3295,504.2153,384.2268,187.1868
03/06/2011,244.0342,506.5398,388.667,187.3066
06/06/2011,243.9684,509.8468,390.1227,182.1965
07/06/2011,245.0755,510.0215,391.3856,182.5377
08/06/2011,247.1513,507.1919,389.5963,185.1172
09/06/2011,246.4949,511.0714,389.9406,186.4586
10/06/2011,244.6841,503.8183,384.5734,186.7797
13/06/2011,240.4467,494.7234,380.8839,185.8504
14/06/2011,241.983,499.3169,388.1524,183.3813
15/06/2011,234.3719,499.7488,383.6667,180.125
16/06/2011,232.1666,501.1963,380.028,176.6613
17/06/2011,228.3242,504.1137,378.4521,176.2082
20/06/2011,227.6555,505.9963,376.2942,176.1205
21/06/2011,228.7844,508.1848,378.8094,178.1979
22/06/2011,230.4784,511.1946,380.8463,173.8726
23/06/2011,220.5875,496.9022,377.1334,172.6171
24/06/2011,220.4795,490.8058,378.9331,171.5667
27/06/2011,220.4121,485.9074,377.5569,170.4623
28/06/2011,225.5074,487.0322,381.2374,174.4015
29/06/2011,228.7626,493.5521,388.1333,175.2984
30/06/2011,230.7682,491.9285,392.2899,169.5995
01/07/2011,229.0053,482.9369,390.8538,167.7775
04/07/2011,229.0053,482.9369,390.8538,167.7775
05/07/2011,232.1033,496.4299,397.6393,170.4221
06/07/2011,229.5798,502.2777,395.6023,169.4857
07/07/2011,232.7492,504.8586,403.248,172.4756
08/07/2011,230.9306,507.5641,397.9794,174.0476
11/07/2011,230.6344,506.3646,391.0189,172.7247
12/07/2011,233.8149,509.3241,394.3795,176.2743
13/07/2011,236.2659,524.0448,396.736,180.9464
14/07/2011,232.8335,526.9106,395.701,179.5507
15/07/2011,237.5712,528.4663,396.971,179.2159
18/07/2011,235.5661,536.0722,397.3907,177.9721
19/07/2011,237.4206,535.3194,404.5975,177.9822
20/07/2011,237.775,531.9293,401.578,177.58
21/07/2011,236.2443,527.3151,399.4125,176.6061
22/07/2011,237.7523,535.1091,403.9675,178.9171
25/07/2011,236.5092,538.5767,404.1405,176.8394
26/07/2011,236.7255,540.9863,410.6002,179.0989
27/07/2011,233.7349,540.0313,409.4485,179.4024
28/07/2011,232.5515,536.9714,410.1802,176.8053
29/07/2011,228.8456,541.749,410.0616,174.3335
01/08/2011,228.64,536.5634,403.8116,175.6969
02/08/2011,226.7033,544.9401,403.041,179.8231
03/08/2011,221.9646,556.2599,393.9327,178.1163
04/08/2011,210.8343,546.0874,386.5084,174.7477
05/08/2011,212.1816,539.934,372.7771,173.8773
08/08/2011,203.7518,559.1037,360.4304,169.779
09/08/2011,201.9387,560.9579,361.8598,169.9702
10/08/2011,207.8657,576.2201,357.6781,170.7652
11/08/2011,212.9583,565.8646,366.4383,174.8127
12/08/2011,211.5704,565.2979,365.3065,175.1075
15/08/2011,214.4922,569.733,364.8798,176.9793
16/08/2011,211.3436,578.1477,364.213,178.4889
17/08/2011,212.8045,582.2019,367.9659,181.3048
18/08/2011,205.0164,590.2844,360.4857,179.2858
19/08/2011,206.2169,603.9518,362.0822,182.3651
22/08/2011,206.9047,616.8545,358.3419,183.6044
23/08/2011,209.8379,605.6739,361.9697,185.3681
24/08/2011,208.6874,569.0763,361.6969,184.6918
25/08/2011,209.7795,576.2564,366.2903,184.6026
26/08/2011,210.3415,585.3053,369.2978,188.5859
29/08/2011,210.7899,582.4757,368.9892,190.031
30/08/2011,214.8012,594.8856,374.1369,190.6306
31/08/2011,217.5752,596.4451,379.3736,190.4027
01/09/2011,217.3498,594.9611,374.7109,186.4019
02/09/2011,210.8053,612.1391,370.7925,188.3853
05/09/2011,210.8053,612.1391,370.7925,188.3853
06/09/2011,211.3077,606.9307,363.6741,185.7698
07/09/2011,216.1308,592.5215,371.2871,185.7029
08/09/2011,215.6324,605.4754,373.3485,184.5616
09/09/2011,211.0884,602.6936,361.8729,184.0118
12/09/2011,210.9597,586.3758,362.2469,183.6541
13/09/2011,214.4431,593.9857,361.1817,180.9748
14/09/2011,214.1035,590.7285,357.1989,180.5868
15/09/2011,213.6604,576.0299,361.7324,177.3011
16/09/2011,211.0872,588.9325,359.6043,175.0954
19/09/2011,207.3941,574.2027,349.3318,173.5685
20/09/2011,208.0369,585.0663,346.4708,173.4288
21/09/2011,205.4111,586.0211,345.7545,170.8983
22/09/2011,197.2152,555.8235,326.1749,163.8871
23/09/2011,195.5976,507.6562,313.3437,161.3724
26/09/2011,197.3214,496.2548,311.9748,162.4956
27/09/2011,204.0258,515.9252,324.1565,163.9577
28/09/2011,198.2459,502.4956,314.4976,159.4432
29/09/2011,198.2161,503.7011,314.9351,161.4699
30/09/2011,193.1465,503.3342,303.2764,154.2856
03/10/2011,190.1641,514.5187,308.9367,153.8338
04/10/2011,187.9762,500.9218,304.3415,152.3925
05/10/2011,192.3376,509.0029,303.1305,154.6938
06/10/2011,197.734,517.7903,312.8856,154.689
07/10/2011,195.8456,509.9048,315.165,153.5682
10/10/2011,200.0551,521.9843,321.8821,155.8791
11/10/2011,201.7265,519.6646,315.5841,162.4691
12/10/2011,200.4233,527.7754,321.581,161.1956
13/10/2011,199.8497,520.2959,314.601,162.6312
14/10/2011,205.8025,525.6505,320.3215,164.4352
17/10/2011,203.7474,522.8236,318.2189,163.1791
18/10/2011,204.2047,517.0683,316.938,163.1218
19/10/2011,201.2107,513.6584,310.0074,161.0157
20/10/2011,201.7293,501.7666,293.7648,161.4857
21/10/2011,202.6582,510.7036,305.2296,161.7399
24/10/2011,206.4618,516.2745,322.3238,163.6884
25/10/2011,209.1682,533.0605,320.0929,162.5135
26/10/2011,204.609,539.6132,321.4285,159.8775
27/10/2011,209.5804,552.0047,334.8751,163.5741
28/10/2011,210.4791,552.5184,335.4728,162.704
31/10/2011,210.1246,543.7954,331.5471,160.227
01/11/2011,206.8119,534.6785,317.4299,159.48
02/11/2011,206.2573,543.3835,321.4913,158.6246
03/11/2011,208.6461,554.0254,323.3777,161.0972
04/11/2011,209.2735,550.3415,322.6253,161.2175
07/11/2011,210.1608,561.544,320.1845,160.1115
08/11/2011,211.947,564.6955,321.4478,161.7183
09/11/2011,208.6541,559.9926,314.9535,159.5837
10/11/2011,211.1067,551.2781,312.0883,157.6944
11/11/2011,211.4729,560.3184,317.1044,157.4962
14/11/2011,208.6272,555.5873,318.1341,156.6292
15/11/2011,209.4934,558.0745,315.2048,159.74
16/11/2011,211.8621,553.9022,318.8767,158.3652
17/11/2011,207.6176,532.4036,311.2371,153.7877
18/11/2011,204.8523,536.9335,312.6906,153.2143
21/11/2011,204.8386,520.992,305.8693,150.9141
22/11/2011,206.969,533.4437,307.3614,150.8316
23/11/2011,204.7693,527.9715,301.557,148.0773
24/11/2011,204.7693,527.9715,301.557,148.0773
25/11/2011,205.4249,522.3273,299.6194,146.3699
28/11/2011,205.6129,532.7893,306.1455,147.6692
29/11/2011,209.5988,532.8069,305.2225,149.4714
30/11/2011,208.9523,543.5145,321.5489,150.3246
01/12/2011,209.8506,540.8013,319.2306,149.7455
02/12/2011,210.3129,543.3333,322.6016,149.7202
05/12/2011,208.3854,538.1209,325.0831,149.4932
06/12/2011,209.6392,538.8051,322.5585,150.1602
07/12/2011,206.9088,541.5427,318.8376,148.4176
08/12/2011,204.6028,529.9889,315.4994,149.4396
09/12/2011,203.6588,533.3913,318.8033,147.2475
12/12/2011,200.6275,517.0743,310.7441,146.5414
13/12/2011,204.2978,516.7647,308.4009,147.2009
14/12/2011,195.2157,489.8713,296.7748,143.863
15/12/2011,193.6325,488.7357,297.912,144.2813
16/12/2011,192.9973,495.1963,303.5678,145.5273
19/12/2011,192.6941,492.0336,299.6436,147.6897
20/12/2011,197.7731,499.4976,305.5367,149.1424
21/12/2011,200.5297,497.4916,305.8848,150.1208
22/12/2011,201.4985,496.0349,307.2387,151.1216
23/12/2011,200.9511,495.0504,308.9323,151.4508
26/12/2011,200.9511,495.0504,308.9323,151.4508
27/12/2011,202.7669,491.2598,306.6172,154.8714
28/12/2011,199.7945,478.2038,301.7568,155.7909
29/12/2011,198.9566,472.8583,302.6748,154.9076
30/12/2011,197.2941,481.3141,307.8782,156.3845
02/01/2012,197.2941,481.3141,307.8782,156.3845
03/01/2012,203.5468,495.4748,315.1324,159.3074
04/01/2012,206.312,496.7282,310.4974,159.0531
05/01/2012,202.3264,499.2437,307.7008,155.0306
06/01/2012,203.7693,496.2333,310.1892,154.5104
09/01/2012,202.8279,494.4765,312.5143,157.3023
10/01/2012,202.6707,503.9114,320.8833,157.5233
11/01/2012,198.0354,506.1521,322.1163,157.2075
12/01/2012,194.8275,508.9713,327.0004,152.2548
13/01/2012,193.7411,502.6197,325.3407,150.2668
16/01/2012,193.7411,502.6197,325.3407,150.2668
17/01/2012,191.6877,510.8781,333.2427,151.8184
18/01/2012,191.334,513.435,332.8739,150.6662
19/01/2012,188.2013,512.016,338.2427,153.1666
20/01/2012,186.4199,518.7487,335.7688,153.3372
23/01/2012,191.5781,524.431,339.5541,155.193
24/01/2012,191.8467,520.0359,342.4619,156.2133
25/01/2012,195.895,532.9035,345.9732,155.9317
26/01/2012,194.1273,541.6979,351.9954,157.0736
27/01/2012,197.0733,543.1912,349.6141,156.4117
30/01/2012,194.9321,541.9529,346.3797,153.8304
31/01/2012,190.4534,542.378,341.4907,155.3299
01/02/2012,187.4082,546.6275,345.4564,156.33
02/02/2012,190.4246,550.3703,338.753,156.0604
03/02/2012,191.6535,544.2105,347.8845,157.3009
06/02/2012,193.1374,540.5378,345.5002,158.4092
07/02/2012,192.498,547.8431,347.3794,157.8864
08/02/2012,192.7096,541.8937,347.6118,157.8404
09/02/2012,195.0167,545.0717,352.9158,156.2865
10/02/2012,193.9005,540.0844,342.6358,155.421
13/02/2012,194.6411,540.4416,339.7434,156.9076
14/02/2012,195.6365,537.3005,337.0604,155.6082
15/02/2012,195.4907,540.0212,335.0977,155.3496
16/02/2012,198.2192,539.9534,331.4832,155.7286
17/02/2012,200.6388,538.768,327.3138,156.8925
20/02/2012,200.6388,538.768,327.3138,156.8925
21/02/2012,202.6805,551.1932,339.5401,156.9726
22/02/2012,203.3146,553.5963,341.4777,157.5382
23/02/2012,204.4072,562.1572,339.4072,157.5459
24/02/2012,205.2835,558.9725,345.1414,158.2337
27/02/2012,201.873,559.3186,346.2925,159.8563
28/02/2012,197.2095,568.6369,346.989,161.2996
29/02/2012,199.7208,540.4742,344.172,160.8171
01/03/2012,200.0949,546.9568,347.3994,160.2937
02/03/2012,197.6456,539.6742,345.5998,160.822
05/03/2012,195.0808,535.1118,340.2085,160.8559
06/03/2012,192.9074,524.0485,330.7269,158.9807
07/03/2012,193.6727,529.9197,330.8519,156.5808
08/03/2012,194.279,534.3901,332.2584,156.7391
09/03/2012,196.06,538.8956,337.8786,157.3269
12/03/2012,194.0183,533.0402,337.0534,158.1445
13/03/2012,195.6853,532.3444,341.5836,159.2896
14/03/2012,194.6737,514.741,337.5919,158.9389
15/03/2012,193.3233,520.7494,340.3044,162.0928
16/03/2012,196.5554,519.4046,338.5848,162.5186
19/03/2012,197.7072,523.5096,340.6842,161.4115
20/03/2012,194.8819,514.408,335.3678,159.0225
21/03/2012,195.8318,516.6904,333.2095,158.6791
22/03/2012,192.2706,511.4786,326.7499,159.0599
23/03/2012,194.1897,519.774,328.4338,160.1619
26/03/2012,193.7006,527.1524,331.9255,159.9549
27/03/2012,193.1096,526.525,331.6668,158.6807
28/03/2012,191.1111,517.0546,325.9391,157.341
29/03/2012,185.7416,516.3322,323.6267,154.9614
30/03/2012,185.2677,522.2585,325.6292,161.3596
02/04/2012,188.9915,526.4567,330.0967,162.7505
03/04/2012,188.8869,525.256,330.74,162.3777
04/04/2012,184.8304,503.0039,322.2098,161.4223
05/04/2012,185.1537,509.4291,325.1222,162.0575
06/04/2012,185.1537,509.4291,325.1222,162.0575
09/04/2012,184.3633,511.9418,322.5551,161.3749
10/04/2012,180.5682,516.5397,317.2562,159.409
11/04/2012,181.0507,515.845,318.4626,159.578
12/04/2012,182.4275,524.5071,323.9985,161.4775
13/04/2012,181.627,515.3281,316.7548,159.2355
16/04/2012,180.522,512.7714,315.039,156.7799
17/04/2012,180.1738,514.2539,316.814,156.9302
18/04/2012,178.6837,510.7989,315.0471,155.0696
19/04/2012,177.3756,512.3463,315.768,156.7296
20/04/2012,178.6989,512.1987,319.7059,157.1067
23/04/2012,179.8803,505.5106,314.4067,157.6182
24/04/2012,179.1901,509.0028,317.0909,158.3874
25/04/2012,182.2238,507.1644,318.0331,157.9101
26/04/2012,182.0144,514.7384,323.2108,158.2846
27/04/2012,183.3602,516.2777,325.9047,160.0538
30/04/2012,185.127,514.6371,326.637,160.8088
01/05/2012,187.1986,513.8825,326.5702,160.1235
02/05/2012,183.547,510.7982,321.562,157.0025
03/05/2012,182.4303,503.8089,318.4191,156.3121
04/05/2012,177.0591,507.8934,317.7981,156.2763
07/05/2012,177.5583,505.265,319.5788,156.0582
08/05/2012,178.1311,494.4997,314.656,154.7832
09/05/2012,179.8324,491.2182,312.3656,152.9346
10/05/2012,180.062,491.29,313.8871,152.7709
11/05/2012,179.5771,487.4583,311.8939,149.7766
14/05/2012,176.399,479.922,306.1742,149.1196
15/05/2012,177.2699,477.9582,305.6152,151.2908
16/05/2012,178.2315,469.6977,303.7657,153.6454
17/05/2012,176.5039,481.9723,305.1844,155.4495
18/05/2012,178.6641,488.6844,304.4997,156.1551
21/05/2012,177.4942,486.4305,305.6583,156.4449
22/05/2012,178.5751,482.987,303.8512,151.9099
23/05/2012,176.4103,473.7665,298.5079,149.3289
24/05/2012,175.4962,478.3805,300.8574,148.8041
25/05/2012,174.2017,481.9661,301.9943,149.9567
28/05/2012,174.2017,481.9661,301.9943,149.9567
29/05/2012,171.088,474.901,301.6105,148.036
30/05/2012,166.2813,479.1321,297.4194,146.8908
31/05/2012,164.545,477.9181,295.1249,144.8983
01/06/2012,158.7734,494.5755,292.5865,142.5851
04/06/2012,161.2235,490.709,292.3684,143.7519
05/06/2012,162.185,492.9353,291.7592,143.3152
06/06/2012,162.8569,501.1679,294.6056,147.0904
07/06/2012,159.4981,486.5248,296.9475,150.1944
08/06/2012,159.5054,487.1154,293.2917,149.594
11/06/2012,156.2293,488.9592,296.0653,149.6351
12/06/2012,156.698,494.2812,295.0076,148.4533
13/06/2012,155.0964,495.5883,294.528,146.9975
14/06/2012,162.2798,493.6072,294.0076,146.5705
15/06/2012,162.1436,496.8954,294.7768,146.1544
18/06/2012,163.907,496.3791,293.8306,149.4873
19/06/2012,162.3119,494.3222,296.5144,155.4347
20/06/2012,158.7306,492.6377,293.3837,156.1331
21/06/2012,156.3222,474.7713,285.8389,153.5355
22/06/2012,158.8764,474.438,285.4047,153.1206
25/06/2012,159.8683,482.8349,285.6057,160.1051
26/06/2012,162.3586,477.7857,283.4193,161.8599
27/06/2012,162.6656,478.2294,285.1838,163.1152
28/06/2012,158.6823,468.8743,284.1101,162.1033
29/06/2012,168.7113,486.6965,296.2571,164.9963
02/07/2012,167.4612,484.7241,295.0701,167.8821
03/07/2012,173.3502,493.4266,302.9797,172.5386
04/07/2012,173.3502,493.4266,302.9797,172.5386
05/07/2012,174.0786,488.1701,296.7761,177.8241
06/07/2012,167.7473,478.0565,290.2697,174.8477
09/07/2012,171.5196,482.4773,293.1527,180.2331
10/07/2012,166.3532,478.1385,289.9066,178.7853
11/07/2012,170.6745,477.7085,291.7648,177.9181
12/07/2012,171.8886,475.7457,288.8191,179.6602
13/07/2012,173.0052,482.8987,294.8096,181.8413
16/07/2012,173.3008,482.6019,295.1234,186.8447
17/07/2012,173.8631,482.0854,292.7122,186.4841
18/07/2012,178.3621,476.8082,293.6703,189.2153
19/07/2012,182.181,479.5516,298.0722,193.1164
20/07/2012,183.1305,480.421,291.1847,195.9063
23/07/2012,179.485,478.1578,286.4618,191.6356
24/07/2012,180.8087,476.9995,284.7448,185.4225
25/07/2012,178.8518,487.0579,285.8713,188.3124
26/07/2012,180.3223,488.67,287.145,184.2405
27/07/2012,180.1099,489.557,290.186,186.9799
30/07/2012,184.0166,491.8951,290.8265,190.8306
31/07/2012,182.0419,489.2132,288.9209,188.5787
01/08/2012,182.4376,486.0458,285.008,187.0719
02/08/2012,176.3388,480.0597,280.0239,185.0754
03/08/2012,179.7107,487.5309,285.1567,188.0327
06/08/2012,181.0575,489.4092,287.3774,186.299
07/08/2012,184.4534,489.4471,291.012,184.543
08/08/2012,183.9483,490.1684,290.4257,186.0286
09/08/2012,184.7726,491.2505,288.9844,188.349
10/08/2012,181.1672,491.7391,286.0518,186.7963
13/08/2012,180.5441,488.2051,283.0279,182.6443
14/08/2012,182.7378,485.77,283.326,181.4669
15/08/2012,182.798,486.954,281.1742,183.8625
16/08/2012,183.508,491.4677,282.5335,184.027
17/08/2012,182.8476,490.7183,284.9723,185.394
20/08/2012,183.9282,493.8136,282.0857,188.5941
21/08/2012,184.6306,501.7026,287.2241,191.9492
22/08/2012,186.1023,501.6148,288.8756,191.5602
23/08/2012,185.4098,512.6935,293.1691,188.807
24/08/2012,182.7341,513.3507,294.015,188.6466
27/08/2012,180.7356,515.6156,293.7834,187.7692
28/08/2012,180.3109,513.558,292.4369,187.7567
29/08/2012,180.8001,511.8137,290.3061,190.9779
30/08/2012,181.4836,508.6134,288.107,190.727
31/08/2012,184.5788,519.6246,289.7337,189.5588
03/09/2012,184.5788,519.6246,289.7337,189.5588
04/09/2012,184.234,525.2914,293.0332,190.0614
05/09/2012,182.5022,524.5078,296.9698,187.0878
06/09/2012,182.4786,528.5687,297.1271,188.0927
07/09/2012,181.8171,540.7003,306.2803,188.883
10/09/2012,184.3532,538.4237,311.27,187.3978
11/09/2012,188.3069,538.9076,312.597,186.2596
12/09/2012,190.1991,537.5874,312.304,187.6969
13/09/2012,190.3754,552.3287,314.3324,188.7644
14/09/2012,189.8246,552.0111,327.4408,190.6593
17/09/2012,185.3559,550.4235,324.6801,183.6822
18/09/2012,182.4499,551.8958,323.8393,181.3907
19/09/2012,178.1045,551.5242,324.1029,183.7236
20/09/2012,179.6362,551.5253,321.0229,180.7989
21/09/2012,182.9,553.2123,323.1065,181.8777
24/09/2012,180.8781,547.5609,318.5212,180.9091
25/09/2012,182.4492,547.8537,322.3808,180.8958
26/09/2012,184.0962,544.7861,316.5045,176.7951
27/09/2012,187.7747,553.9218,320.3403,176.2162
28/09/2012,188.758,552.0197,321.6772,181.168
01/10/2012,191.9214,555.6756,323.9876,179.6096
02/10/2012,192.0637,552.7778,322.6828,178.8691
03/10/2012,185.4681,553.8558,321.6837,178.7709
04/10/2012,190.5911,559.3775,322.0968,179.1299
05/10/2012,189.1034,553.6493,321.1056,177.5349
08/10/2012,188.475,550.3421,315.9018,177.2276
09/10/2012,192.8574,547.6817,313.5091,177.2911
10/10/2012,192.4257,548.1762,309.8481,175.9616
11/10/2012,195.9226,549.3815,311.2538,178.6217
12/10/2012,194.4622,545.2321,306.2697,175.0509
15/10/2012,192.7104,536.485,304.2296,172.5931
16/10/2012,192.6975,539.3697,303.0834,173.4736
17/10/2012,193.5017,541.9952,307.3583,175.0891
18/10/2012,194.3029,538.6486,308.7661,177.5736
19/10/2012,192.6987,530.8174,301.3526,177.6949
22/10/2012,187.85,531.9547,298.6346,178.3699
23/10/2012,187.5484,526.2063,295.4965,176.9223
24/10/2012,185.2765,523.701,295.3258,177.9488
25/10/2012,186.0433,528.1426,293.5492,176.4273
26/10/2012,185.6431,527.7239,292.4372,175.2027
29/10/2012,186.6408,525.8672,288.9555,173.9151
30/10/2012,184.3796,526.9451,290.9411,173.9747
31/10/2012,184.4711,530.5013,291.8435,175.1274
01/11/2012,184.7438,529.391,295.3176,175.3523
02/11/2012,179.4593,514.5593,291.1435,173.2941
05/11/2012,180.8415,517.4899,289.4644,171.7648
06/11/2012,185.6301,528.4713,292.5055,173.1876
07/11/2012,180.3755,526.8237,290.1895,173.2531
08/11/2012,181.3134,531.8707,292.4608,173.0131
09/11/2012,181.1275,534.3989,289.9732,170.6799
12/11/2012,181.8431,534.1124,294.2778,167.3755
13/11/2012,184.3491,532.535,295.2032,166.8077
14/11/2012,185.8634,535.3018,294.5431,167.5215
15/11/2012,184.1022,530.6369,294.1028,166.5983
16/11/2012,186.6885,529.668,292.2049,165.9391
19/11/2012,188.2339,537.4729,297.6563,168.257
20/11/2012,187.9719,533.9426,296.9055,169.0433
21/11/2012,190.4645,536.6528,294.3547,168.6868
22/11/2012,190.4645,536.6528,294.3547,168.6868
23/11/2012,191.3401,545.0541,298.9079,168.7806
26/11/2012,187.4682,544.7183,300.0764,169.2504
27/11/2012,187.1232,542.4271,301.9234,172.0588
28/11/2012,184.7847,535.1156,300.9635,172.3659
29/11/2012,183.5166,540.1517,307.4715,172.1342
30/11/2012,182.3755,531.817,312.2507,170.2067
03/12/2012,182.9424,535.6268,313.1256,171.1789
04/12/2012,180.7542,526.0361,311.263,170.3436
05/12/2012,182.848,526.1262,312.9475,172.0135
06/12/2012,180.3223,528.6176,310.0144,172.1877
07/12/2012,177.7137,529.5604,310.8745,170.8505
10/12/2012,175.6535,532.6041,316.5901,169.2191
11/12/2012,175.2771,530.107,315.0932,167.9787
12/12/2012,176.0596,534.967,317.3092,166.7914
13/12/2012,174.2984,524.5732,314.19,166.0095
14/12/2012,175.1489,524.4103,315.564,168.1282
17/12/2012,175.6573,524.627,313.5305,167.9405
18/12/2012,177.8509,515.7984,313.2764,166.6544
19/12/2012,178.0388,512.9979,310.8245,164.2538
20/12/2012,180.7375,502.3956,306.5245,162.2173
21/12/2012,178.9599,507.7469,308.402,163.8582
24/12/2012,176.8881,506.45,306.8076,164.1847
25/12/2012,176.8881,506.45,306.8076,164.1847
26/12/2012,180.0948,507.2572,308.5128,162.2278
27/12/2012,179.7345,508.7443,309.7256,162.1075
28/12/2012,180.3544,505.8947,306.9857,162.6436
31/12/2012,178.8262,511.569,309.9489,162.6141
01/01/2013,178.8262,511.569,309.9489,162.6141
02/01/2013,178.0222,517.6014,319.7188,161.7202
03/01/2013,176.9551,513.151,315.1258,160.6912
04/01/2013,178.2668,504.1334,310.1244,158.8124
07/01/2013,178.181,504.034,308.7944,160.1936
08/01/2013,177.738,509.2523,308.8858,159.7719
09/01/2013,175.7218,506.8401,309.6533,159.8566
10/01/2013,177.6281,514.7748,312.9711,160.2687
11/01/2013,178.8475,508.6466,310.0936,161.3617
14/01/2013,180.6484,513.6776,306.0442,164.0559
15/01/2013,180.4863,518.818,306.7036,164.4625
16/01/2013,180.7408,518.6968,304.6879,165.4281
17/01/2013,183.2724,521.5943,308.0731,164.9177
18/01/2013,185.0787,521.2819,308.9324,165.5291
21/01/2013,185.0787,521.2819,308.9324,165.5291
22/01/2013,185.7158,523.766,311.2227,165.3532
23/01/2013,185.0273,523.4671,311.6135,164.8655
24/01/2013,184.1182,516.5133,311.1278,164.7136
25/01/2013,184.1105,511.2373,308.6831,164.6991
28/01/2013,182.107,508.498,309.5928,165.9569
29/01/2013,182.6817,512.0208,311.8953,165.8989
30/01/2013,184.8784,520.6723,318.5831,168.1548
31/01/2013,184.9355,512.6058,317.0345,167.6286
01/02/2013,185.2121,517.2308,321.7541,167.33
04/02/2013,183.94,517.4653,320.8914,167.056
05/02/2013,186.3223,517.5191,320.5827,166.5666
06/02/2013,186.7114,518.7205,317.7803,165.4354
07/02/2013,183.899,514.9343,316.8136,164.2064
08/02/2013,184.7281,514.1147,320.097,162.9443
11/02/2013,185.1255,507.7635,317.3139,161.6317
12/02/2013,184.9288,508.3601,319.6191,160.2047
13/02/2013,185.964,506.6925,320.1913,160.2832
14/02/2013,184.1219,502.2462,320.1512,159.5133
15/02/2013,182.9195,494.1634,320.6273,160.1132
18/02/2013,182.9195,494.1634,320.6273,160.1132
19/02/2013,185.0245,491.0854,312.2227,161.3902
20/02/2013,182.9055,481.6511,309.3556,162.6925
21/02/2013,179.9852,482.1418,304.4057,160.9833
22/02/2013,181.3183,479.7724,302.7312,160.0269
25/02/2013,183.4017,485.2127,301.9643,158.9952
26/02/2013,181.5305,492.918,302.1543,159.3486
27/02/2013,180.0819,486.9863,301.171,160.0439
28/02/2013,180.22,480.583,299.1801,161.3881
01/03/2013,178.693,479.5384,295.1323,161.1067
04/03/2013,179.3022,479.5924,294.2327,161.5063
05/03/2013,180.8244,480.6341,295.5328,161.8261
06/03/2013,179.391,481.5173,292.6404,160.0854
07/03/2013,182.0028,481.5858,295.2478,161.554
08/03/2013,183.5078,482.6119,294.1044,162.1895
11/03/2013,183.4674,482.4517,293.7551,163.0199
12/03/2013,183.2464,486.938,297.2443,162.7993
13/03/2013,183.3212,485.2552,295.1897,161.9271
14/03/2013,185.9586,485.1045,296.6888,162.5579
15/03/2013,187.7182,485.7271,294.1759,162.3655
18/03/2013,187.6968,488.5044,288.1075,160.5247
19/03/2013,186.7492,489.8725,287.302,161.0454
20/03/2013,188.021,488.883,289.8417,161.9972
21/03/2013,186.3587,492.047,289.3167,162.6255
22/03/2013,186.8361,488.0443,292.3343,162.0158
25/03/2013,186.5812,488.2289,290.1114,161.8913
26/03/2013,189.9495,485.5624,287.7267,162.4579
27/03/2013,191.8004,487.4895,288.3403,163.1664
28/03/2013,191.5524,483.6293,285.641,157.474
29/03/2013,191.5524,483.6293,285.641,157.474
01/04/2013,191.668,483.1232,284.6586,153.4363
02/04/2013,190.6034,474.4304,281.9936,153.4974
03/04/2013,185.5776,467.4059,279.2797,154.0004
04/04/2013,185.187,467.0271,281.3218,152.9193
05/04/2013,186.8483,474.3094,280.3155,152.5613
08/04/2013,187.2154,473.1871,281.7822,153.3562
09/04/2013,187.2202,479.6671,286.5313,154.1895
10/04/2013,188.0504,472.3945,284.691,154.2397
11/04/2013,187.4698,473.9625,285.3062,154.2939
12/04/2013,186.8791,453.6541,278.4696,155.4204
15/04/2013,182.6458,408.9388,275.6894,152.4237
16/04/2013,182.6693,416.0175,279.5401,154.5596
17/04/2013,181.1097,413.5567,273.3396,154.9164
18/04/2013,185.5572,415.5086,275.2174,154.6949
19/04/2013,186.0419,414.9529,271.2128,155.1624
22/04/2013,184.547,422.3094,270.9294,153.6147
23/04/2013,184.0179,417.2802,269.1578,152.0531
24/04/2013,184.759,420.6773,273.1775,151.3225
25/04/2013,186.9384,435.0409,277.9406,153.1223
26/04/2013,186.9465,431.4136,271.7865,152.7309
29/04/2013,190.8196,436.1843,274.9535,156.8184
30/04/2013,188.7641,437.3236,271.1734,156.8968
01/05/2013,185.6724,427.7873,263.3535,154.6805
02/05/2013,183.6968,434.7445,262.8042,156.6056
03/05/2013,185.6646,434.7962,276.1068,156.9601
06/05/2013,186.3359,435.3897,275.9657,154.8104
07/05/2013,184.098,430.4226,275.1711,155.4741
08/05/2013,185.6145,436.5448,279.6853,155.2777
09/05/2013,185.9085,435.3125,277.0382,157.7232
10/05/2013,183.9996,427.0036,276.5015,155.4956
13/05/2013,183.1063,426.6572,276.3854,157.3938
14/05/2013,184.1921,423.0589,272.6232,156.8128
15/05/2013,185.452,413.5264,269.9985,155.5564
16/05/2013,184.0947,411.446,271.7712,155.1066
17/05/2013,187.1985,405.1114,272.6379,156.1842
20/05/2013,188.3331,410.4798,275.3462,156.3913
21/05/2013,188.8587,408.4389,274.6052,155.8022
22/05/2013,186.8882,406.1826,277.7628,156.8274
23/05/2013,188.0403,411.8135,272.4678,157.5121
24/05/2013,187.6756,410.5725,271.35,155.9652
27/05/2013,187.6756,410.5725,271.35,155.9652
28/05/2013,187.9694,407.486,272.9248,157.3856
29/05/2013,185.2544,411.3492,272.8477,157.1632
30/05/2013,182.6473,416.9269,276.0872,155.9817
31/05/2013,179.878,410.6909,275.5346,156.9523
03/06/2013,181.7318,417.0436,278.9944,157.8852
04/06/2013,182.4669,412.3686,281.7458,158.0789
05/06/2013,182.6804,412.9391,282.6979,157.8032
06/06/2013,180.7191,417.8578,279.4117,158.0476
07/06/2013,181.972,406.2416,275.8639,157.9532
10/06/2013,181.0589,407.7212,273.3014,156.5699
11/06/2013,178.9463,404.4708,268.4211,157.8434
12/06/2013,180.4506,408.4967,268.1332,156.3744
13/06/2013,182.5045,404.3626,265.2917,155.7826
14/06/2013,182.4121,408.1988,266.6505,156.1722
17/06/2013,184.2951,406.3257,265.9548,156.1898
18/06/2013,185.4829,402.3376,264.0004,156.7051
19/06/2013,186.4866,403.6951,263.1422,159.7185
20/06/2013,180.8609,376.038,257.1025,156.3154
21/06/2013,177.4578,377.9393,259.0573,155.6678
24/06/2013,177.6712,372.4892,254.1179,154.4157
25/06/2013,176.3056,372.1697,257.5231,154.8321
26/06/2013,177.5905,357.8685,254.704,153.8817
27/06/2013,176.2873,353.525,255.9523,153.5919
28/06/2013,175.2833,360.2894,255.9557,150.4244
01/07/2013,176.7315,367.9403,263.1221,149.1869
02/07/2013,179.5961,363.9955,263.1038,149.2761
03/07/2013,182.2739,367.6288,261.9416,149.5506
04/07/2013,182.2739,367.6288,261.9416,149.5506
05/07/2013,183.1858,354.5845,254.5578,147.8393
08/07/2013,185.0308,360.896,258.3186,149.5445
09/07/2013,184.1758,363.8029,256.0048,152.0315
10/07/2013,186.5306,364.2496,259.5128,152.541
11/07/2013,184.5451,375.0069,263.2438,152.9631
12/07/2013,186.5872,373.7506,263.2807,150.4381
15/07/2013,187.1491,375.2576,260.1933,150.1259
16/07/2013,187.3748,377.159,262.5971,151.5455
17/07/2013,187.1397,371.9322,259.7442,151.1339
18/07/2013,191.2105,373.2954,259.999,150.6741
19/07/2013,190.671,375.5117,261.6827,151.1599
22/07/2013,187.9087,389.834,264.2201,151.7661
23/07/2013,189.4273,388.239,264.8838,149.3355
24/07/2013,187.223,383.8269,264.9198,147.5675
25/07/2013,186.1289,386.5226,263.2863,146.0231
26/07/2013,184.0854,383.1317,257.9682,145.7793
29/07/2013,182.4048,385.2667,257.341,145.6005
30/07/2013,180.7545,383.3807,253.5078,145.4113
31/07/2013,182.6747,380.5103,258.3222,145.9555
01/08/2013,184.1131,380.0901,260.6255,144.2875
02/08/2013,182.4061,381.2047,261.2235,143.3761
05/08/2013,181.2164,378.5453,260.328,142.4549
06/08/2013,179.8187,373.222,259.3795,141.9616
07/08/2013,177.3022,373.783,260.0437,142.2965
08/08/2013,177.2818,382.3134,267.1302,143.5149
09/08/2013,178.42,383.7745,271.6019,142.9574
12/08/2013,180.4084,392.8179,272.0588,145.7261
13/08/2013,180.9523,389.7675,272.3141,144.7216
14/08/2013,182.0845,394.5944,274.0457,145.7818
15/08/2013,184.1489,405.8101,274.3024,148.0041
16/08/2013,183.7445,409.7769,278.4559,146.8573
19/08/2013,184.7226,407.9007,275.1466,149.6044
20/08/2013,183.9425,409.017,275.1875,147.2777
21/08/2013,183.4245,407.9776,272.18,147.4173
22/08/2013,185.3451,408.4479,272.539,145.2118
23/08/2013,185.7871,417.1328,274.1747,147.5588
26/08/2013,185.6433,417.7391,273.1632,152.8569
27/08/2013,189.4744,426.6467,272.7211,150.8295
28/08/2013,191.2759,425.1829,269.7604,150.5681
29/08/2013,190.3928,422.5447,265.9931,149.9518
30/08/2013,188.3335,416.0215,262.811,149.4099
02/09/2013,188.3335,416.0215,262.811,149.4099
03/09/2013,190.4136,423.6204,265.3596,150.0945
04/09/2013,189.6933,414.2268,260.929,148.1897
05/09/2013,188.5205,409.7184,261.349,148.007
06/09/2013,189.1818,415.544,264.1485,149.2471
09/09/2013,188.5365,414.8223,263.5308,148.5523
10/09/2013,185.755,406.6525,261.9136,149.1359
11/09/2013,185.4567,407.2961,262.1269,149.8691
12/09/2013,188.1638,395.3571,260.8432,151.3357
13/09/2013,188.7602,388.5436,259.68,149.7642
16/09/2013,188.086,391.877,259.8407,148.0014
17/09/2013,186.2602,389.0056,259.3985,147.1949
18/09/2013,188.3942,387.6327,262.0807,147.8925
19/09/2013,186.8047,409.0572,268.2388,148.407
20/09/2013,185.6649,394.8043,264.4384,146.4017
23/09/2013,182.7003,393.2655,264.6292,146.6864
24/09/2013,180.7796,389.6768,261.3198,147.0649
25/09/2013,180.3285,395.452,262.6152,148.4903
26/09/2013,181.5075,392.216,264.7692,148.645
27/09/2013,181.3516,395.881,266.8823,148.2224
30/09/2013,180.2121,392.6099,266.9435,146.5111
01/10/2013,180.6037,381.1093,262.9755,145.9995
02/10/2013,181.2309,392.0343,265.1669,146.6425
03/10/2013,180.1452,390.8513,261.9942,147.6321
04/10/2013,180.4463,388.9789,265.1591,147.8398
07/10/2013,182.4181,395.176,265.1317,148.1724
08/10/2013,184.4173,395.3159,265.4774,147.5677
09/10/2013,182.4223,388.9891,262.4916,147.401
10/10/2013,185.3399,386.7073,264.4341,147.145
11/10/2013,185.2501,377.4775,266.0368,146.6481
14/10/2013,185.9402,379.7768,267.0491,147.3306
15/10/2013,184.582,378.2976,266.3032,146.8362
16/10/2013,185.3386,381.1022,266.8371,147.2338
17/10/2013,183.1341,392.7758,266.017,147.9168
18/10/2013,184.1558,390.748,266.471,149.0792
21/10/2013,181.5046,392.6306,267.1633,149.1164
22/10/2013,179.2525,400.885,271.0982,148.6157
23/10/2013,177.4267,398.1983,265.9269,148.6586
24/10/2013,177.4705,402.7495,266.7536,147.7318
25/10/2013,178.8941,402.4349,268.0477,147.0565
28/10/2013,178.2026,401.9235,268.8242,144.8706
29/10/2013,177.3051,400.2222,268.6674,144.4773
30/10/2013,177.0894,403.2385,271.068,144.3027
31/10/2013,175.4878,392.5893,268.0616,143.1958
01/11/2013,171.9421,390.1084,266.9411,142.3908
04/11/2013,170.7362,389.8412,263.5287,142.0914
05/11/2013,170.1577,388.0829,263.3965,141.3943
06/11/2013,171.3518,390.8358,262.0278,141.0602
07/11/2013,170.274,388.2661,261.8127,141.4759
08/11/2013,172.04,381.4279,261.6221,142.915
11/11/2013,173.1112,380.4961,260.8454,143.239
12/11/2013,172.3286,376.0594,259.0461,143.7769
13/11/2013,172.9295,373.9398,256.3993,143.2267
14/11/2013,174.3533,379.1379,256.2105,142.6656
15/11/2013,175.2263,379.3754,257.2421,141.2354
18/11/2013,173.9936,374.3519,255.2607,141.0184
19/11/2013,172.4563,374.5108,256.2615,140.837
20/11/2013,174.9482,369.8413,255.4228,140.7877
21/11/2013,177.538,366.0205,256.332,141.8696
22/11/2013,178.8486,365.758,257.6778,142.3994
25/11/2013,178.6669,365.2002,257.4453,143.0589
26/11/2013,178.9323,365.0333,256.3421,142.6797
27/11/2013,178.9572,363.3002,253.9373,142.4133
28/11/2013,178.9572,363.3002,253.9373,142.4133
29/11/2013,179.4898,367.6411,255.206,143.409
02/12/2013,181.3084,357.998,253.5982,142.2564
03/12/2013,182.9314,356.7662,252.7084,142.5176
04/12/2013,183.0183,366.0359,257.7952,142.6722
05/12/2013,185.6491,361.4726,256.7862,141.9163
06/12/2013,185.8024,360.6183,258.5265,141.9436
09/12/2013,186.4278,362.5666,260.1805,142.7604
10/12/2013,187.1103,371.2829,261.5638,142.5568
11/12/2013,188.2158,370.5928,263.6405,143.1214
12/12/2013,188.6352,359.3981,262.5466,141.8146
13/12/2013,187.3634,362.2315,263.8622,141.5376
16/12/2013,187.3083,366.6129,264.2653,141.6492
17/12/2013,187.067,362.2684,264.4193,141.5461
18/12/2013,187.785,364.3288,264.2922,140.449
19/12/2013,192.3801,351.2327,262.501,141.0651
20/12/2013,193.0841,354.6664,265.1666,142.2614
23/12/2013,193.5281,352.995,264.1173,141.3928
24/12/2013,193.1742,354.7162,266.5013,141.4014
25/12/2013,193.1742,354.7162,266.5013,141.4014
26/12/2013,193.362,358.6318,267.3456,140.305
27/12/2013,192.1087,359.5983,269.4015,141.1808
30/12/2013,191.797,355.4092,269.5322,140.2964
31/12/2013,188.1196,353.9953,267.6954,139.3874
01/01/2014,188.1196,353.9953,267.6954,139.3874
02/01/2014,186.4825,362.4531,268.005,137.8908
03/01/2014,184.6053,365.8137,264.3323,138.4424
06/01/2014,184.2888,365.2058,264.3127,139.4151
07/01/2014,184.5798,361.9372,264.4621,139.0163
08/01/2014,182.1123,359.929,263.2535,137.5096
09/01/2014,178.2207,361.4386,259.7845,136.8808
10/01/2014,179.8399,367.7907,263.5606,138.0917
13/01/2014,181.7746,369.4858,265.7999,138.8048
14/01/2014,183.213,367.7369,264.8512,139.1418
15/01/2014,184.0923,365.4635,267.3868,138.3665
16/01/2014,184.0094,365.467,267.7398,139.0917
17/01/2014,183.9323,369.2082,268.8737,138.1896
20/01/2014,183.9323,369.2082,268.8737,138.1896
21/01/2014,185.442,364.883,268.2737,137.1189
22/01/2014,189.9707,364.0192,267.149,136.8398
23/01/2014,190.3901,369.9983,263.3822,137.2677
24/01/2014,195.6919,369.2481,261.8815,137.3927
27/01/2014,189.9947,369.1679,260.0548,136.8879
28/01/2014,194.8613,364.953,259.6446,137.2921
29/01/2014,202.1125,367.7233,258.0374,135.9006
30/01/2014,196.8456,361.4008,256.3481,137.1629
31/01/2014,194.5128,360.7878,254.5401,138.7415
03/02/2014,193.191,366.5373,252.2492,140.6187
04/02/2014,199.357,364.7169,252.7933,143.0775
05/02/2014,195.6213,367.8017,253.2928,144.0632
06/02/2014,195.2397,368.4613,256.4819,143.4388
07/02/2014,195.9931,369.7344,257.7006,143.5105
10/02/2014,192.9775,373.1413,256.3992,143.5057
11/02/2014,196.0808,376.6069,255.9811,143.8979
12/02/2014,196.3114,378.6269,259.4802,144.0927
13/02/2014,198.2445,379.9924,258.979,144.9918
14/02/2014,198.0097,388.956,260.2163,145.1403
17/02/2014,198.0097,388.956,260.2163,145.1403
18/02/2014,201.6613,392.5186,262.5785,148.615
19/02/2014,203.3049,391.4121,262.5041,150.8046
20/02/2014,202.344,389.8537,261.6699,150.7246
21/02/2014,202.8016,391.7773,261.4123,151.1741
24/02/2014,200.3379,396.2183,260.2499,153.2816
25/02/2014,199.5783,396.811,260.0841,153.7904
26/02/2014,198.7113,390.1921,259.8307,153.8025
27/02/2014,198.2012,391.3192,259.7615,153.181
28/02/2014,199.5607,388.5763,259.5642,154.7145
03/03/2014,201.1196,395.9669,257.4439,157.5196
04/03/2014,200.638,392.014,262.851,158.9412
05/03/2014,197.1113,392.7705,262.8669,160.5973
06/03/2014,198.87,396.7229,264.6266,161.8916
07/03/2014,199.655,390.6608,257.1644,162.2904
10/03/2014,198.2531,391.2896,255.7262,160.5807
11/03/2014,197.5533,391.9567,251.3867,161.3938
12/03/2014,194.6783,399.7162,251.9891,161.3342
13/03/2014,193.3346,399.3554,250.0589,161.1037
14/03/2014,195.1172,401.8221,250.8336,160.0502
17/03/2014,194.1035,399.8376,250.3003,158.2791
18/03/2014,194.4614,394.8147,251.7579,160.5636
19/03/2014,194.3998,390.8331,253.4599,161.489
20/03/2014,193.3933,386.5846,248.5869,159.0001
21/03/2014,193.236,387.1526,250.4815,157.3613
24/03/2014,192.8413,380.593,250.4057,159.6336
25/03/2014,194.6103,380.2335,254.4945,159.5925
26/03/2014,195.1779,377.5421,250.9511,159.6631
27/03/2014,198.3386,375.3341,251.8299,161.2257
28/03/2014,197.9575,375.6223,254.398,161.2351
31/03/2014,196.0189,373.1684,255.5146,162.4009
01/04/2014,192.3467,372.0375,256.2876,162.2577
02/04/2014,192.9891,376.1229,258.5457,159.5205
03/04/2014,195.8638,373.5988,258.6077,161.056
04/04/2014,196.2658,378.3698,258.5331,162.0883
07/04/2014,195.9382,377.0577,258.958,161.8724
08/04/2014,199.1776,380.1141,259.926,163.9193
09/04/2014,200.7553,378.0347,261.5705,163.8973
10/04/2014,201.379,382.7458,264.595,163.5885
11/04/2014,200.9103,381.7179,264.6772,161.9614
14/04/2014,201.7124,383.8663,266.0897,163.8559
15/04/2014,201.8858,375.4592,262.4354,164.4926
16/04/2014,201.7037,376.8516,265.4011,164.2436
17/04/2014,204.3895,374.6018,265.7282,164.8083
18/04/2014,204.3895,374.6018,265.7282,164.8083
21/04/2014,204.3774,372.2383,265.5348,162.8082
22/04/2014,203.7725,370.6718,268.1375,164.4266
23/04/2014,203.2887,371.8104,267.3525,165.2765
24/04/2014,204.0049,374.3006,269.2866,165.612
25/04/2014,201.7381,376.5265,268.3752,166.7613
28/04/2014,202.3751,375.6603,266.8351,166.0857
29/04/2014,203.6891,374.6855,265.1659,168.6889
30/04/2014,201.8697,372.8424,263.1393,168.0592
01/05/2014,200.0678,369.5066,261.7824,164.8179
02/05/2014,200.0452,376.1523,263.8283,164.5759
05/05/2014,199.3199,377.6579,263.2455,165.5549
06/05/2014,200.1053,377.8639,264.0514,165.8802
07/05/2014,200.9245,372.1407,262.3139,164.9525
08/05/2014,198.2375,370.8968,265.2049,165.3483
09/05/2014,197.3063,370.7848,266.8393,163.6668
12/05/2014,196.7564,374.5825,273.4122,162.562
13/05/2014,196.9034,374.4031,272.5589,163.628
14/05/2014,198.045,377.9041,273.0045,162.8546
15/05/2014,198.9392,373.8401,267.1384,161.9174
16/05/2014,198.7153,373.0275,267.7597,160.0279
19/05/2014,199.4257,373.2306,271.6681,159.8138
20/05/2014,200.8003,373.6259,269.9497,158.8643
21/05/2014,201.3388,371.9261,267.9626,159.3875
22/05/2014,199.5492,374.2968,270.5204,159.6524
23/05/2014,200.7946,373.0912,272.0407,159.2444
26/05/2014,200.7946,373.0912,272.0407,159.2444
27/05/2014,201.5748,365.7324,272.873,156.6331
28/05/2014,202.1289,364.3965,272.4515,156.7739
29/05/2014,201.8394,363.6174,270.5782,157.3225
30/05/2014,200.5312,359.6151,270.2817,155.985
02/06/2014,200.9086,359.4585,273.0907,155.359
03/06/2014,201.1253,359.6828,271.6221,153.9369
04/06/2014,200.8652,359.7798,269.2777,153.7637
05/06/2014,202.1395,363.1308,269.763,151.8343
06/06/2014,202.0509,362.5142,269.5749,153.3324
09/06/2014,203.1018,363.1818,271.0351,151.986
10/06/2014,201.3506,365.0148,270.3364,151.3627
11/06/2014,201.7108,365.2694,267.1049,150.4598
12/06/2014,208.5542,369.7742,263.763,150.134
13/06/2014,208.4669,370.4039,264.5673,151.4378
16/06/2014,208.656,370.9537,267.0389,150.5447
17/06/2014,208.9988,370.3228,268.9744,149.7563
18/06/2014,208.7665,370.6915,269.3668,150.6663
19/06/2014,208.672,383.8414,270.4096,152.3934
20/06/2014,208.3541,385.8387,271.7303,153.0894
23/06/2014,206.5199,386.0842,273.1019,152.5213
24/06/2014,207.7762,387.3528,272.6897,151.5778
25/06/2014,207.7133,387.991,274.7295,152.0927
26/06/2014,205.1996,386.7374,275.4084,152.8688
27/06/2014,204.7676,387.2511,274.9148,151.5754
30/06/2014,204.5721,387.308,277.237,146.2003
01/07/2014,204.5444,388.5969,276.5966,144.7839
02/07/2014,202.2362,390.4191,282.8488,144.4697
03/07/2014,202.3674,387.3973,284.1496,143.9044
04/07/2014,202.3674,387.3973,284.1496,143.9044
07/07/2014,199.1719,386.0277,281.9022,141.5794
08/07/2014,197.8669,385.9151,283.9396,141.2749
09/07/2014,196.441,387.8794,283.0044,139.599
10/07/2014,196.629,393.2123,282.1443,137.6375
11/07/2014,194.6026,392.6101,283.8012,135.1471
14/07/2014,195.2088,383.3254,283.0466,136.6164
15/07/2014,193.3627,381.1317,283.5986,135.6729
16/07/2014,194.1769,381.1873,282.902,136.4545
17/07/2014,193.1162,386.6327,283.6835,136.5853
18/07/2014,192.5057,383.8179,280.6566,135.9381
21/07/2014,192.3485,385.3979,283.8968,135.0593
22/07/2014,190.7327,383.759,286.2882,133.4983
23/07/2014,191.308,383.3726,285.0061,135.0791
24/07/2014,191.1928,377.5969,288.1839,135.259
25/07/2014,191.3578,381.3837,286.1295,135.7777
28/07/2014,190.2072,381.16,286.3704,136.9171
29/07/2014,190.9916,380.0927,282.9384,134.9959
30/07/2014,189.3805,379.3829,286.4776,134.8352
31/07/2014,188.6176,375.4462,283.3965,135.5059
01/08/2014,186.9653,377.8407,281.3723,134.053
04/08/2014,187.6867,375.9022,285.5682,135.5682
05/08/2014,187.5241,373.1971,283.2567,134.6677
06/08/2014,188.1944,379.064,282.6099,136.6955
07/08/2014,188.3739,379.8292,282.9401,135.0566
08/08/2014,189.1844,379.2665,281.3491,133.9789
11/08/2014,189.43,379.9013,281.9857,134.6175
12/08/2014,188.2942,379.0051,282.755,133.107
13/08/2014,187.6246,379.5543,278.9481,132.5241
14/08/2014,184.6318,380.1122,277.1427,133.1011
15/08/2014,184.6809,376.2276,277.5971,133.9215
18/08/2014,182.7747,375.2691,278.4013,133.1199
19/08/2014,183.594,373.6296,279.2,132.2109
20/08/2014,183.6951,373.7445,285.4788,131.7406
21/08/2014,185.2651,369.0865,284.4951,132.4443
22/08/2014,184.3114,369.9878,285.3095,132.4193
25/08/2014,185.6125,369.5734,285.8005,131.1189
26/08/2014,185.5006,371.0681,286.2686,132.357
27/08/2014,186.3512,370.757,285.7272,132.3333
28/08/2014,186.809,372.9133,283.1233,133.2621
29/08/2014,188.1987,371.7028,284.7446,132.4597
01/09/2014,188.1987,371.7028,284.7446,132.4597
02/09/2014,182.0871,365.2325,284.6313,133.5229
03/09/2014,184.8644,366.5547,283.4781,130.5678
04/09/2014,183.2048,365.4893,286.7473,128.925
05/09/2014,181.7616,365.7489,287.1451,129.9102
08/09/2014,182.0793,362.005,287.9711,128.3518
09/09/2014,182.8481,360.5561,280.4729,127.074
10/09/2014,180.9939,359.8946,279.9604,125.6396
11/09/2014,179.7914,356.9604,277.0075,124.7188
12/09/2014,179.527,355.3757,277.1759,124.142
15/09/2014,180.9967,356.2206,273.4397,124.2298
16/09/2014,183.6183,357.0525,278.4001,123.9253
17/09/2014,183.372,356.9426,276.1681,124.0687
18/09/2014,180.5373,353.9554,273.2762,122.1507
19/09/2014,179.9019,348.4917,272.8295,120.1655
22/09/2014,178.5646,348.4356,268.5572,119.2479
23/09/2014,178.4527,349.3446,268.5049,119.1167
24/09/2014,180.5116,348.4343,270.6116,120.4807
25/09/2014,181.2852,347.681,268.3163,119.2287
26/09/2014,181.6413,346.7551,267.4773,119.3398
29/09/2014,184.172,347.6336,268.5493,121.1149
30/09/2014,179.9011,343.6239,265.8133,119.8171
01/10/2014,178.2997,345.4385,264.2437,120.3289
02/10/2014,176.4732,344.3313,261.1625,121.5227
03/10/2014,176.3841,338.4761,263.6937,121.5423
06/10/2014,175.3289,343.5058,266.7783,125.7368
07/10/2014,174.5428,344.6788,268.6882,126.5119
08/10/2014,171.4768,342.4501,265.7817,126.201
09/10/2014,169.3287,348.3203,267.7642,126.388
10/10/2014,169.705,346.9897,266.0101,124.8012
13/10/2014,169.7426,348.9837,267.3902,126.8132
14/10/2014,163.4695,350.1911,269.2729,128.7478
15/10/2014,162.1567,352.7511,262.6558,126.5489
16/10/2014,163.9101,351.8442,259.4909,128.1371
17/10/2014,164.1222,350.859,263.7506,126.5797
20/10/2014,162.0655,352.2002,261.8387,125.2235
21/10/2014,163.3391,354.6502,263.7998,126.4897
22/10/2014,160.5125,351.7809,265.1551,125.6235
23/10/2014,162.3536,347.8902,264.7035,127.2297
24/10/2014,161.2103,348.5887,263.4975,126.0185
27/10/2014,160.1193,347.9486,264.3902,127.637
28/10/2014,161.9312,348.2834,267.7937,128.4572
29/10/2014,164.056,347.4954,270.7258,131.1597
30/10/2014,163.2857,337.755,269.604,129.9854
31/10/2014,163.5346,330.416,269.722,130.4958
03/11/2014,164.3508,330.4856,271.4014,129.1438
04/11/2014,163.1654,328.8382,267.2589,127.2248
05/11/2014,164.8195,321.615,266.3128,127.2709
06/11/2014,167.4224,320.821,267.8796,127.4226
07/11/2014,168.5998,328.141,267.8865,127.283
10/11/2014,165.0127,325.7821,265.9365,126.8108
11/11/2014,164.9575,326.5149,267.7705,129.7984
12/11/2014,163.1048,325.3692,268.7596,130.0846
13/11/2014,156.1154,325.8849,265.8297,130.88
14/11/2014,158.8609,334.3909,267.3119,129.9601
17/11/2014,162.7276,332.7293,267.7775,129.3251
18/11/2014,160.8235,336.202,265.1258,128.5057
19/11/2014,162.3787,336.1137,268.187,127.5467
20/11/2014,165.373,334.6907,268.492,128.5253
21/11/2014,163.4612,337.4574,271.452,129.2891
24/11/2014,161.0385,336.9548,270.2899,128.578
25/11/2014,160.6992,338.0601,268.9087,130.6325
26/11/2014,159.4852,337.9715,268.1991,131.2146
27/11/2014,159.4852,337.9715,268.1991,131.2146
28/11/2014,146.4067,328.1801,260.6282,129.0069
01/12/2014,148.5277,342.8261,263.6446,130.0889
02/12/2014,143.9235,337.6608,260.8063,127.3781
03/12/2014,142.9422,339.4539,260.4829,127.0202
04/12/2014,140.2326,340.0226,264.553,127.9433
05/12/2014,141.2794,334.7694,262.7965,129.0062
08/12/2014,135.1115,335.8266,260.7821,128.9
09/12/2014,136.8147,347.9498,262.2188,129.5089
10/12/2014,134.0528,347.6446,259.2386,128.5311
11/12/2014,132.282,346.4651,259.8505,129.2555
12/12/2014,131.8839,345.5326,260.6326,129.9742
15/12/2014,129.117,339.9674,257.2112,130.6043
16/12/2014,126.8294,333.179,254.234,129.55
17/12/2014,129.0237,334.0689,254.3449,130.2436
18/12/2014,125.6472,334.1627,253.1769,131.4852
19/12/2014,126.339,334.8834,254.9578,130.6326
22/12/2014,120.757,329.7478,253.236,130.5328
23/12/2014,123.29,329.7403,251.9888,130.9448
24/12/2014,119.6575,328.4967,250.7735,129.1635
25/12/2014,119.6575,328.4967,250.7735,129.1635
26/12/2014,118.28,335.2983,249.3985,130.188
29/12/2014,118.242,330.6416,248.6547,129.7078
30/12/2014,117.4299,337.0199,250.5113,128.6034
31/12/2014,114.1064,330.2508,249.3046,126.5293
01/01/2015,114.1064,330.2508,249.3046,126.5293
02/01/2015,114.2598,331.517,247.8791,124.671
05/01/2015,109.2731,337.4951,245.9285,127.9182
06/01/2015,107.5717,342.8541,244.5966,129.4346
07/01/2015,106.9215,340.5319,244.3692,128.3857
08/01/2015,107.8361,339.2932,246.9763,127.9518
09/01/2015,107.4631,341.0908,244.9335,128.6841
12/01/2015,102.5614,345.3686,243.1126,126.6616
13/01/2015,103.434,348.7676,237.3907,124.8369
14/01/2015,109.5048,347.898,229.8995,124.5723
15/01/2015,105.9764,354.7854,233.3976,124.0828
16/01/2015,108.6715,360.8324,239.1237,124.4445
19/01/2015,108.6715,360.8324,239.1237,124.4445
20/01/2015,102.5279,365.5318,238.2325,124.4571
21/01/2015,105.2806,366.7172,241.229,124.2098
22/01/2015,103.0372,369.0734,239.2326,123.3252
23/01/2015,104.3615,367.072,232.8913,122.529
26/01/2015,102.4609,362.6189,237.8984,122.6232
27/01/2015,105.0969,365.7538,233.286,122.2183
28/01/2015,102.3236,364.5967,234.4323,120.8552
29/01/2015,101.4185,350.9727,231.3468,119.7885
30/01/2015,106.4188,358.1576,235.9435,119.2747
02/02/2015,108.904,357.9162,236.3711,118.4559
03/02/2015,114.3069,354.8634,241.1378,121.9077
04/02/2015,107.3315,356.1346,240.4271,121.1246
05/02/2015,109.5563,354.6805,241.0607,122.2721
06/02/2015,111.1058,346.1388,240.5668,122.3256
09/02/2015,112.7347,349.6115,240.3329,123.4526
10/02/2015,110.6927,346.6177,236.2333,121.8883
11/02/2015,110.1314,343.3975,235.0508,122.0434
12/02/2015,113.2328,343.8001,238.6111,122.6285
13/02/2015,116.3168,347.8454,238.6322,123.5637
16/02/2015,116.3168,347.8454,238.6322,123.5637
17/02/2015,116.5039,339.0396,235.2618,124.4418
18/02/2015,115.0596,336.7058,236.261,123.111
19/02/2015,114.6663,338.8767,235.708,123.1844
20/02/2015,115.1077,337.7319,233.2536,121.7522
23/02/2015,113.0059,336.7707,233.3102,120.5372
24/02/2015,112.5769,335.6888,237.0315,121.3003
25/02/2015,115.8662,337.8667,236.3579,120.0657
26/02/2015,111.8187,340.4595,239.0442,121.0935
27/02/2015,115.3877,340.7212,238.6074,121.9138
02/03/2015,112.1422,339.1275,237.6721,120.0946
03/03/2015,114.3145,337.5,234.8742,119.7409
04/03/2015,114.5997,336.0268,235.7554,118.747
05/03/2015,114.4367,335.0555,235.8862,117.8367
06/03/2015,113.2662,326.5546,233.7224,117.7784
09/03/2015,110.99,326.8412,236.681,118.1056
10/03/2015,108.8774,324.7338,232.8661,117.3314
11/03/2015,110.3513,321.3154,230.5575,117.9483
12/03/2015,108.3803,322.4041,233.2032,118.0092
13/03/2015,105.3149,322.3674,234.841,115.7899
16/03/2015,103.8861,323.1803,234.4123,116.4965
17/03/2015,104.471,321.9361,233.4366,114.7719
18/03/2015,108.0977,322.3552,229.2504,116.0969
19/03/2015,105.2235,329.1439,234.4946,116.0263
20/03/2015,106.2167,336.5425,240.8174,117.9374
23/03/2015,106.5737,337.2068,242.4976,119.0803
24/03/2015,106.5833,338.4708,242.0578,118.319
25/03/2015,107.783,339.7821,240.3953,118.317
26/03/2015,110.4104,342.1331,241.8523,117.0898
27/03/2015,106.174,340.7149,238.8449,116.6615
30/03/2015,106.1898,335.3894,239.6056,117.1066
31/03/2015,104.7522,334.5432,236.0497,115.367
01/04/2015,107.4073,342.2111,237.0662,117.4143
02/04/2015,105.9666,338.7595,237.7509,118.8438
03/04/2015,105.9666,338.7595,237.7509,118.8438
06/04/2015,109.6277,344.638,237.0709,118.439
07/04/2015,111.5541,341.5195,238.3454,117.9839
08/04/2015,105.8659,337.8743,236.6168,117.591
09/04/2015,106.0276,334.4041,236.3714,116.4041
10/04/2015,107.5833,337.7942,237.3726,116.3191
13/04/2015,107.7567,336.2065,236.239,114.965
14/04/2015,109.3103,334.1136,236.4841,115.7159
15/04/2015,114.3806,336.5555,238.0396,115.7246
16/04/2015,115.8612,335.9071,241.488,116.4092
17/04/2015,114.5828,336.6562,240.5845,116.4117
20/04/2015,113.8914,332.8498,238.6931,116.2369
21/04/2015,112.5644,335.4362,238.1595,115.5632
22/04/2015,113.377,330.9419,237.102,115.5181
23/04/2015,115.1843,332.6596,236.8262,116.4292
24/04/2015,115.32,327.6394,241.9515,115.4023
27/04/2015,114.3841,337.5799,245.0853,114.5723
28/04/2015,114.3488,340.8254,246.628,114.6409
29/04/2015,116.569,340.4112,247.4945,115.615
30/04/2015,119.2508,331.7348,254.4785,114.7628
01/05/2015,119.2703,330.0065,255.1518,113.5159
04/05/2015,119.5322,334.2067,254.7928,113.487
05/05/2015,120.7781,336.2768,259.9198,114.1124
06/05/2015,120.8843,335.2822,256.0788,114.5422
07/05/2015,117.636,332.4761,254.7384,113.8081
08/05/2015,119.1808,334.7706,254.9973,115.0922
11/05/2015,118.0302,332.726,252.9839,114.793
12/05/2015,121.2351,335.8158,255.7127,114.2379
13/05/2015,121.4808,344.9086,254.1354,113.8507
14/05/2015,121.8271,347.6761,252.3571,115.4045
15/05/2015,121.7417,348.2284,251.8709,115.1109
18/05/2015,121.0009,349.6199,249.2429,115.67
19/05/2015,117.4031,341.7238,243.0228,114.261
20/05/2015,118.506,342.3849,242.0176,113.5027
21/05/2015,121.0287,341.5185,241.9597,113.5878
22/05/2015,118.8496,341.0381,239.479,112.1095
25/05/2015,118.8496,341.0381,239.479,112.1095
26/05/2015,115.7641,335.857,237.3848,110.6981
27/05/2015,114.0248,335.052,236.8854,109.9649
28/05/2015,113.3647,335.646,238.9838,110.5101
29/05/2015,116.7083,336.0259,234.8907,110.7415
01/06/2015,116.1059,335.6855,235.5629,111.6919
02/06/2015,117.77,337.5069,235.5741,113.4037
03/06/2015,115.0901,333.8172,235.7907,113.3679
04/06/2015,112.4812,329.7717,233.2495,114.5262
05/06/2015,113.8853,327.6617,233.9549,113.7349
08/06/2015,113.8596,328.6609,234.6778,114.7757
09/06/2015,118.2346,329.4752,235.8153,115.0818
10/06/2015,120.3952,331.3453,237.3133,113.651
11/06/2015,118.996,330.0682,233.02,112.0415
12/06/2015,116.9582,329.1002,232.6437,111.5819
15/06/2015,117.528,331.8485,229.7973,109.9223
16/06/2015,117.9642,330.1773,227.5862,111.3309
17/06/2015,117.6728,329.2292,226.8337,112.0844
18/06/2015,117.3468,335.5462,226.5776,111.8164
19/06/2015,116.0432,335.2764,224.3837,111.1307
22/06/2015,115.5408,331.7751,223.9829,113.4997
23/06/2015,116.81,328.0343,227.5896,114.3736
24/06/2015,115.9258,327.911,227.2566,114.7037
25/06/2015,116.0217,327.4188,227.0575,116.6816
26/06/2015,115.2473,327.3119,226.3616,118.7961
29/06/2015,114.0395,328.1123,224.6667,119.0496
30/06/2015,116.1962,326.0103,223.5063,124.9299
01/07/2015,113.1179,325.4734,226.329,123.466
02/07/2015,113.6956,324.1965,226.1889,123.9188
03/07/2015,113.6956,324.1965,226.1889,123.9188
06/07/2015,106.4509,327.2319,220.1554,123.1917
07/07/2015,106.2831,318.7365,211.9362,121.1105
08/07/2015,105.9452,322.0351,215.6092,121.0966
09/07/2015,108.0436,322.2217,220.3257,122.2137
10/07/2015,108.3612,322.6039,219.2184,123.3316
13/07/2015,107.9437,321.9594,221.7435,124.3133
14/07/2015,108.3275,320.7832,220.867,123.3261
15/07/2015,106.5175,318.0828,220.8273,122.4423
16/07/2015,105.8705,316.9955,220.9971,121.9012
17/07/2015,106.3984,313.6107,218.8445,120.5147
20/07/2015,105.3431,307.9917,218.0621,117.6567
21/07/2015,106.4496,307.397,216.3472,117.6623
22/07/2015,104.8458,304.6293,213.4597,116.6018
23/07/2015,102.9966,304.9873,210.5068,116.1734
24/07/2015,101.769,301.9616,209.964,114.0923
27/07/2015,100.6838,304.8393,207.8053,110.9276
28/07/2015,101.1508,304.9988,211.7617,111.8648
29/07/2015,102.1413,304.8459,211.8589,111.1037
30/07/2015,101.1919,303.645,209.196,111.6429
31/07/2015,99.3778,305.2281,207.1826,111.0461
03/08/2015,96.3373,302.8113,205.4695,110.0783
04/08/2015,97.6603,303.3069,206.6469,110.5195
05/08/2015,96.806,302.236,204.9085,111.2122
06/08/2015,96.5703,303.834,204.0842,110.4025
07/08/2015,95.4221,305.4373,203.4338,111.6156
10/08/2015,98.1067,310.0458,208.1626,114.7432
11/08/2015,96.3835,310.7445,202.2445,112.4138
12/08/2015,98.0591,315.0587,203.1106,108.0803
13/08/2015,95.7524,312.989,202.2924,109.8865
14/08/2015,95.6588,311.388,202.6532,109.8704
17/08/2015,94.3295,313.0232,200.6793,109.4531
18/08/2015,94.2264,309.9365,197.3917,109.0233
19/08/2015,91.7756,314.2978,197.6311,108.3305
20/08/2015,91.4912,321.3409,200.402,109.4531
21/08/2015,89.3563,321.5012,197.4106,107.5875
24/08/2015,85.4888,317.2961,192.0122,106.7682
25/08/2015,86.5832,313.3546,196.1514,106.5669
26/08/2015,85.8009,307.4389,191.7321,105.4817
27/08/2015,91.0257,308.9691,198.5163,106.9087
28/08/2015,94.9786,311.9199,201.7265,106.9626
31/08/2015,100.126,311.8128,201.3915,106.7752
01/09/2015,94.5167,313.499,199.2801,105.4682
02/09/2015,95.2864,312.4786,200.5774,104.9141
03/09/2015,96.5294,310.8239,203.9924,104.681
04/09/2015,94.9132,309.3328,199.7727,104.5658
07/09/2015,94.9132,309.3328,199.7727,104.5658
08/09/2015,95.204,310.3676,205.9165,105.5763
09/09/2015,92.2653,305.4922,206.2554,105.6355
10/09/2015,94.4256,307.3675,207.5679,105.9323
11/09/2015,93.1665,305.377,207.5977,107.3325
14/09/2015,91.8625,305.5161,203.19,108.7538
15/09/2015,92.2132,304.2675,203.8276,108.2832
16/09/2015,94.3923,310.664,205.6308,107.7431
17/09/2015,93.6962,310.7884,205.2254,106.7776
18/09/2015,90.9392,316.0353,201.1553,105.2446
21/09/2015,92.7756,315.3219,200.7488,106.3329
22/09/2015,92.7665,311.162,195.2331,105.1567
23/09/2015,90.7373,312.7186,195.1408,105.8277
24/09/2015,91.4407,319.1497,196.1801,106.1596
25/09/2015,91.8433,317.3602,194.3405,108.8029
28/09/2015,90.3267,311.4028,192.1936,107.7758
29/09/2015,90.5788,310.5842,193.1013,108.3963
30/09/2015,90.2337,307.9008,198.6826,109.1517
01/10/2015,88.7885,307.5545,196.0025,109.3104
02/10/2015,89.3238,316.3315,196.4265,109.7113
05/10/2015,90.6929,318.9438,197.3123,111.0542
06/10/2015,93.9756,322.2464,196.6827,111.8899
07/10/2015,92.7458,323.3143,198.9615,111.8255
08/10/2015,94.7833,320.6357,196.8898,111.093
09/10/2015,94.7473,323.303,205.0324,111.0953
12/10/2015,91.6153,325.3207,204.7149,110.9594
13/10/2015,90.5805,325.7384,202.8852,112.4101
14/10/2015,90.7312,329.836,203.8929,111.8336
15/10/2015,90.1668,331.6741,203.7684,111.1121
16/10/2015,90.8245,330.4986,202.583,110.4437
19/10/2015,88.6496,326.9037,199.6948,109.4357
20/10/2015,88.8724,328.2816,199.0481,110.0243
21/10/2015,87.287,325.0231,196.9287,110.8059
22/10/2015,87.4163,325.5043,197.5725,110.3264
23/10/2015,86.1192,324.7715,196.7279,109.7531
26/10/2015,84.3363,325.8931,195.9621,110.3416
27/10/2015,83.7233,325.5839,196.2473,110.0219
28/10/2015,86.1473,330.0279,196.5674,109.7575
29/10/2015,85.7322,320.0863,193.4918,110.108
30/10/2015,87.2354,318.9647,193.1079,110.8789
02/11/2015,86.2829,316.9741,193.3882,110.2523
03/11/2015,88.8162,311.5769,193.8749,111.2636
04/11/2015,86.2704,308.9741,193.385,110.7953
05/11/2015,86.0692,308.1581,190.4968,109.6095
06/11/2015,85.4187,303.1859,190.222,109.075
09/11/2015,84.3369,301.7682,189.008,107.4044
10/11/2015,84.8561,301.5288,187.5782,106.7125
11/11/2015,82.8658,300.2312,188.5466,107.1566
12/11/2015,81.0148,299.1877,185.1935,107.4568
13/11/2015,80.5584,299.0268,185.0909,106.6572
16/11/2015,81.3217,299.6831,181.3386,107.1967
17/11/2015,79.9573,296.3067,180.0091,106.7893
18/11/2015,80.2794,295.8229,178.0785,106.0704
19/11/2015,79.4914,298.4595,178.097,107.3848
20/11/2015,78.666,297.405,176.5671,107.6607
23/11/2015,79.2923,295.0648,173.4988,108.2696
24/11/2015,80.9207,297.1283,177.215,107.518
25/11/2015,80.7441,296.3196,177.1826,108.326
26/11/2015,80.7441,296.3196,177.1826,108.326
27/11/2015,78.2922,292.8625,176.6913,107.5746
30/11/2015,77.9507,294.9407,176.3396,107.87
01/12/2015,78.4933,294.5565,178.4181,108.949
02/12/2015,75.2617,292.1657,177.0903,108.7293
03/12/2015,76.8216,294.0551,176.9845,110.3291
04/12/2015,75.648,301.1975,179.8367,111.4102
07/12/2015,71.65,298.3158,176.8582,109.446
08/12/2015,71.1746,297.172,176.5037,108.9389
09/12/2015,70.9408,297.8152,177.4618,109.3422
10/12/2015,70.6725,296.4662,177.4337,109.4096
11/12/2015,68.7814,296.0081,179.48,108.4038
14/12/2015,67.8071,292.467,179.7147,108.6515
15/12/2015,67.8056,292.5045,175.6302,108.2162
16/12/2015,66.1459,298.2118,177.4292,107.0235
17/12/2015,66.0404,289.6815,175.3471,107.7975
18/12/2015,65.8355,294.9708,179.7494,109.0684
21/12/2015,65.8455,299.366,181.606,108.3898
22/12/2015,65.3064,298.0271,179.4455,107.6144
23/12/2015,67.6964,296.6915,181.7916,107.4537
24/12/2015,68.6848,298.7522,181.5093,107.0998
25/12/2015,68.6848,298.7522,181.5093,107.0998
28/12/2015,68.6144,294.525,179.7544,105.9617
29/12/2015,70.8852,294.7031,183.1518,106.7021
30/12/2015,67.9861,292.5557,183.6815,106.8955
31/12/2015,69.7507,292.4293,182.2973,106.7863
01/01/2016,69.7507,292.4293,182.2973,106.7863
04/01/2016,69.6575,295.7255,177.5408,104.9602
05/01/2016,68.7347,297.0871,177.8984,104.6932
06/01/2016,65.4452,299.8902,177.7616,104.5955
07/01/2016,65.6222,305.1475,174.3051,104.8465
08/01/2016,65.9284,300.8135,175.1388,105.2184
11/01/2016,63.1757,300.1757,170.9537,103.804
12/01/2016,60.9004,297.2848,169.799,104.9582
13/01/2016,60.4477,299.9616,170.9775,105.6444
14/01/2016,60.2952,294.8821,173.1901,105.851
15/01/2016,57.4789,299.169,170.5075,106.0913
18/01/2016,57.4789,299.169,170.5075,106.0913
19/01/2016,56.7254,300.1397,173.1435,106.6583
20/01/2016,55.5284,303.7751,171.5241,105.4748
21/01/2016,56.9841,301.7512,174.349,106.1282
22/01/2016,60.6446,301.2181,174.5085,106.4777
25/01/2016,58.4818,304.2306,173.7805,106.5193
26/01/2016,59.8842,309.0368,177.514,106.4334
27/01/2016,61.2951,307.5688,179.9156,106.1103
28/01/2016,62.5753,306.2153,178.1416,104.9321
29/01/2016,64.6508,306.3418,179.7568,105.9199
01/02/2016,61.1954,309.2544,179.3247,105.4823
02/02/2016,58.0101,308.784,178.9068,106.1396
03/02/2016,60.789,314.1932,181.8934,105.8591
04/02/2016,59.8701,318.116,183.9909,105.3403
05/02/2016,59.6362,317.7418,179.8608,104.8166
08/02/2016,58.8157,329.5639,180.3752,103.8428
09/02/2016,55.6869,329.8381,176.7746,103.5022
10/02/2016,55.8095,328.0574,176.0452,103.5476
11/02/2016,54.8282,341.6841,174.5816,103.5805
12/02/2016,58.3969,339.9981,176.5357,103.6608
15/02/2016,58.3969,339.9981,176.5357,103.6608
16/02/2016,56.3692,331.1267,178.9286,104.477
17/02/2016,59.1615,332.0258,179.6085,104.9493
18/02/2016,58.3287,335.3563,180.2245,104.2926
19/02/2016,56.4448,335.9305,182.9397,103.9476
22/02/2016,58.2356,330.73,186.3791,104.4584
23/02/2016,56.455,333.5799,183.936,104.0873
24/02/2016,57.7093,337.1909,184.2862,103.6379
25/02/2016,58.2563,336.3628,181.952,103.3881
26/02/2016,57.8905,329.867,184.9143,102.9853
29/02/2016,58.6571,333.864,185.7777,102.9726
01/03/2016,59.235,332.2065,187.0628,102.4061
02/03/2016,59.0937,335.956,189.5622,102.9988
03/03/2016,58.9537,339.9646,191.4674,103.8167
04/03/2016,60.8682,345.6497,195.498,104.9019
07/03/2016,63.3984,343.9626,195.55,105.0383
08/03/2016,62.2019,342.3407,189.0616,105.5004
09/03/2016,64.4248,341.0945,191.3755,105.536
10/03/2016,63.7233,345.2553,189.2889,106.2721
11/03/2016,64.4777,342.9146,190.9848,107.2928
14/03/2016,63.2913,339.5728,189.3183,108.1462
15/03/2016,62.6453,335.2254,187.4681,107.7175
16/03/2016,64.5521,334.7448,187.3383,107.9519
17/03/2016,66.4035,346.5346,192.5579,108.6123
18/03/2016,65.7418,343.0883,191.3222,108.4908
21/03/2016,65.6298,341.3435,192.2207,109.2077
22/03/2016,66.2599,342.488,191.7345,110.1072
23/03/2016,63.9222,333.9914,188.1392,109.4561
24/03/2016,63.8985,333.1505,186.8909,108.7753
25/03/2016,63.8985,333.1505,186.8909,108.7753
28/03/2016,64.0764,332.809,187.5411,109.1814
29/03/2016,63.2678,336.166,185.8955,109.6966
30/03/2016,63.4348,334.2584,185.4295,108.5444
31/03/2016,63.2582,337.1294,186.4761,107.5415
01/04/2016,61.27,332.2862,186.6815,108.0039
04/04/2016,60.2255,330.8621,185.6086,107.0528
05/04/2016,59.9211,333.9244,184.6204,106.6477
06/04/2016,61.741,332.4054,184.8584,106.5056
07/04/2016,61.9081,335.7548,180.4311,106.1295
08/04/2016,64.7496,338.3284,181.8738,107.1234
11/04/2016,65.2512,344.6087,181.692,106.5667
12/04/2016,67.7852,346.6167,186.7076,107.4895
13/04/2016,67.5297,344.6971,189.6862,109.1628
14/04/2016,66.7032,339.4485,189.5031,108.9993
15/04/2016,65.2707,341.889,188.5808,110.2091
18/04/2016,65.163,341.634,190.4395,111.4005
19/04/2016,67.4348,349.6759,194.2839,113.6327
20/04/2016,69.3736,350.6769,196.1783,116.3603
21/04/2016,68.5757,349.6148,196.0329,115.377
22/04/2016,69.6507,344.4462,196.9228,111.8749
25/04/2016,68.274,347.1261,196.1211,113.2417
26/04/2016,69.6794,348.3484,196.0021,114.8046
27/04/2016,71.1916,350.7718,194.8645,114.0713
28/04/2016,71.689,355.4433,196.5787,114.3427
29/04/2016,71.755,361.6093,199.8644,115.0983
02/05/2016,69.5267,361.8846,199.2272,115.4329
03/05/2016,68.5796,360.026,195.3815,113.4048
04/05/2016,68.5564,355.3972,193.754,113.7896
05/05/2016,68.536,355.1294,190.062,111.8591
06/05/2016,68.9676,360.6353,190.2885,113.2175
09/05/2016,67.039,352.6244,185.0506,112.2271
10/05/2016,69.2733,352.2839,184.8064,115.6047
11/05/2016,71.7533,355.7528,186.958,115.8579
12/05/2016,72.065,353.5974,183.9429,116.8432
13/05/2016,71.413,354.0674,183.921,116.7464
16/05/2016,72.4084,354.5217,185.2905,117.3533
17/05/2016,73.1383,355.6597,185.5109,118.3747
18/05/2016,72.778,354.4999,184.622,118.2241
19/05/2016,73.0134,346.9066,183.0464,116.5867
20/05/2016,73.0181,346.8149,182.8629,117.6695
23/05/2016,72.6948,345.9723,182.127,116.7705
24/05/2016,72.7658,340.4583,182.6242,116.6181
25/05/2016,73.8699,339.3821,183.4934,119.1147
26/05/2016,73.4071,339.0798,184.753,120.0257
27/05/2016,73.4295,337.455,185.6381,120.4352
30/05/2016,73.4295,337.455,185.6381,120.4352
31/05/2016,73.9628,336.0373,185.3349,119.0482
01/06/2016,74.528,335.0928,185.8367,120.5443
02/06/2016,75.0547,335.2429,184.9698,123.3048
03/06/2016,74.3336,343.2734,186.9672,124.3786
06/06/2016,75.5783,344.6576,188.4206,125.8967
07/06/2016,76.5026,344.2737,185.642,126.0998
08/06/2016,77.6034,350.7561,189.4183,128.9835
09/06/2016,77.9763,354.4775,187.7382,128.0206
10/06/2016,75.8608,355.4786,187.5322,127.6277
13/06/2016,75.7742,358.3391,188.9824,127.6204
14/06/2016,75.3021,358.466,187.8321,127.185
15/06/2016,74.4088,358.9596,190.9625,126.5141
16/06/2016,72.3336,361.5879,187.3964,125.2825
17/06/2016,74.6597,359.7323,188.2746,128.0056
20/06/2016,77.2269,359.8135,191.4933,125.8283
21/06/2016,77.3048,354.783,192.3648,122.2122
22/06/2016,76.0687,354.2455,193.5067,121.8953
23/06/2016,77.1983,353.1176,194.7487,120.9661
24/06/2016,74.1436,367.4531,191.1743,119.1624
27/06/2016,72.9963,367.6147,190.3142,120.2208
28/06/2016,75.6064,366.8536,195.4706,121.3502
29/06/2016,77.5185,371.6501,196.7652,121.1222
30/06/2016,76.1288,371.6424,197.865,121.1717
01/07/2016,77.2652,380.9023,201.4918,120.2325
04/07/2016,77.2652,380.9023,201.4918,120.2325
05/07/2016,73.0725,386.6955,198.3702,117.6111
06/07/2016,74.0639,390.0889,197.8552,116.1898
07/07/2016,71.3737,386.982,195.4429,113.4195
08/07/2016,71.839,387.7544,197.2245,115.9724
11/07/2016,70.7726,388.592,198.3339,116.2746
12/07/2016,73.0771,383.5839,203.6883,117.6403
13/07/2016,70.6381,386.6507,203.9241,119.0297
14/07/2016,71.7909,383.8416,204.567,117.7224
15/07/2016,72.0703,381.9847,203.7307,116.2137
18/07/2016,70.9764,381.8545,204.521,117.2301
19/07/2016,70.6509,382.0836,205.5519,114.0939
20/07/2016,70.557,377.2285,204.6287,112.8597
21/07/2016,69.7302,380.7852,204.6651,113.2089
22/07/2016,69.7812,378.5891,202.9762,112.1965
25/07/2016,68.4412,377.5009,202.3158,111.5013
26/07/2016,68.2223,377.9307,201.5348,111.1074
27/07/2016,66.8951,380.9662,199.0798,111.3465
28/07/2016,67.5,383.4388,202.0068,110.3893
29/07/2016,67.9896,387.5815,204.1463,112.1865
01/08/2016,65.7612,388.8915,203.6547,109.4959
02/08/2016,65.2056,392.6418,203.7788,109.0248
03/08/2016,67.3027,389.7464,203.9065,109.4353
04/08/2016,68.4857,390.1259,201.6677,109.7183
05/08/2016,68.0071,381.9415,202.0948,111.6134
08/08/2016,68.8539,381.2677,202.7457,112.1046
09/08/2016,67.6825,382.6118,202.1093,111.6972
10/08/2016,66.3245,385.4983,203.4256,110.8176
11/08/2016,68.3494,384.2652,203.8139,110.6476
12/08/2016,69.3153,381.0875,200.2295,110.7384
15/08/2016,70.787,382.7632,202.3282,112.2445
16/08/2016,71.7974,384.7907,202.756,112.4415
17/08/2016,72.4331,381.8835,202.3074,112.5431
18/08/2016,73.9641,384.1436,203.2605,113.1725
19/08/2016,73.5099,379.5496,202.5547,112.6144
22/08/2016,72.2168,376.4084,201.2551,113.4797
23/08/2016,73.494,377.3339,200.7177,113.0801
24/08/2016,72.7993,371.9075,197.2267,111.9116
25/08/2016,73.6396,370.4767,197.0343,110.7854
26/08/2016,73.9318,371.4861,197.2206,109.5815
29/08/2016,73.0782,372.3901,197.0195,108.7836
30/08/2016,71.9575,369.2157,196.4729,107.6241
31/08/2016,70.4094,368.4005,195.7627,106.8212
01/09/2016,68.0783,370.895,196.5591,107.6205
02/09/2016,69.3534,375.2408,196.8482,108.9408
05/09/2016,69.3534,375.2408,196.8482,108.9408
06/09/2016,69.3847,385.1247,196.4818,109.4791
07/09/2016,69.9802,382.5055,197.2339,110.6597
08/09/2016,72.9318,380.0196,197.478,111.162
09/09/2016,70.7392,376.8278,196.4827,110.9116
12/09/2016,71.8037,372.9512,195.0871,110.2266
13/09/2016,70.6045,372.4334,193.9493,108.4045
14/09/2016,69.1527,373.4381,197.203,108.4349
15/09/2016,70.2337,371.6872,195.8607,108.9367
16/09/2016,69.6619,369.1099,195.7604,111.0453
19/09/2016,69.5021,373.0954,197.6496,112.0289
20/09/2016,70.1248,373.1033,199.0582,113.4698
21/09/2016,71.4626,378.5569,198.5849,113.0079
22/09/2016,71.9608,383.1099,202.9918,112.7243
23/09/2016,69.8906,380.8537,203.0092,111.5178
26/09/2016,71.6557,380.1095,203.4836,110.7647
27/09/2016,70.2504,374.9072,202.9738,111.6588
28/09/2016,72.7326,373.3239,204.4325,111.3284
29/09/2016,73.1437,374.1695,204.3841,110.8156
30/09/2016,73.3426,372.5513,205.9526,111.3561
03/10/2016,74.0666,369.693,205.2042,111.9336
04/10/2016,74.4429,354.8535,202.8084,112.305
05/10/2016,75.8836,354.1774,202.2551,112.6908
06/10/2016,76.5228,349.0632,202.1373,111.2809
07/10/2016,76.8137,349.0488,202.2293,111.3703
10/10/2016,78.6096,352.3542,204.8776,111.9957
11/10/2016,77.7076,350.5988,202.4577,112.1438
12/10/2016,76.9406,350.1616,202.9356,111.0481
13/10/2016,78.0115,350.6506,200.3294,112.8155
14/10/2016,77.7752,350.1385,199.809,113.9144
17/10/2016,77.3441,350.5577,198.9191,115.13
18/10/2016,77.7644,352.7582,198.7979,114.7874
19/10/2016,78.283,354.2981,198.5177,115.3708
20/10/2016,77.1377,353.1679,196.7442,114.0446
21/10/2016,77.2121,352.8887,195.9815,114.3526
24/10/2016,76.7007,352.7417,197.5996,114.7176
25/10/2016,75.213,355.7276,201.8021,114.9706
26/10/2016,73.7016,353.452,202.0232,116.0395
27/10/2016,74.5628,354.1071,204.0364,116.567
28/10/2016,73.7293,356.4665,206.5689,115.4653
31/10/2016,71.3409,355.7404,208.6558,114.819
01/11/2016,70.5633,362.2885,209.4817,113.116
02/11/2016,68.5638,367.8941,208.3258,113.3564
03/11/2016,67.83,365.3284,210.665,113.3579
04/11/2016,66.9039,365.3118,210.2031,114.0694
07/11/2016,67.7301,359.0617,214.2232,114.7096
08/11/2016,66.704,359.2615,217.4942,115.3455
09/11/2016,67.1609,359.1842,222.2064,113.5511
10/11/2016,66.3499,359.7567,226.6626,113.1456
11/11/2016,65.3948,343.4417,222.4761,112.2544
14/11/2016,65.5051,340.1797,224.984,111.7277
15/11/2016,67.5526,341.6369,224.5676,112.0812
16/11/2016,67.422,340.8946,220.6316,110.9844
17/11/2016,67.2921,338.5634,221.1314,111.3047
18/11/2016,68.2612,336.0991,219.46,111.7544
21/11/2016,70.9543,335.7582,224.407,113.4042
22/11/2016,71.1486,336.694,226.9737,113.2792
23/11/2016,71.3931,330.9623,231.5983,113.2881
24/11/2016,71.3931,330.9623,231.5983,113.2881
25/11/2016,69.8825,329.1065,235.6993,113.4746
28/11/2016,71.7714,332.3516,236.5033,114.0335
29/11/2016,69.9078,332.1341,228.4921,112.0923
30/11/2016,74.3768,327.3078,230.2166,111.5413
01/12/2016,77.4014,326.5576,230.5332,110.159
02/12/2016,77.5234,330.0975,229.2915,110.5071
05/12/2016,79.0617,330.2375,234.8177,111.7481
06/12/2016,78.0722,328.4624,233.8221,112.324
07/12/2016,76.8875,332.6016,230.864,112.0527
08/12/2016,78.1258,330.568,229.0224,110.9152
09/12/2016,78.9117,327.7502,232.048,111.5321
12/12/2016,78.9013,329.799,230.2448,111.6706
13/12/2016,78.8883,327.2506,229.6134,111.1138
14/12/2016,77.868,329.5873,231.8297,110.6546
15/12/2016,77.3967,315.6234,231.1576,110.4436
16/12/2016,78.263,318.6097,227.3973,110.4034
19/12/2016,78.1017,318.9521,221.9525,109.5678
20/12/2016,77.6922,317.3124,222.9734,108.676
21/12/2016,78.4824,316.4458,222.3671,108.4689
22/12/2016,78.9741,315.3349,222.2725,107.3689
23/12/2016,79.7665,315.272,219.6447,106.6982
26/12/2016,79.7665,315.272,219.6447,106.6982
27/12/2016,81.1904,317.6411,221.0197,109.0526
28/12/2016,82.0728,318.3438,219.1691,108.3684
29/12/2016,81.5515,322.7934,216.9114,108.9509
30/12/2016,81.0995,320.2148,218.606,109.0238
02/01/2017,81.0995,320.2148,218.606,109.0238
03/01/2017,77.3783,324.6878,216.5554,109.8327
04/01/2017,77.8566,326.1679,221.5428,112.0323
05/01/2017,78.2683,329.8347,221.5415,112.3004
06/01/2017,78.5898,327.5951,222.0801,111.256
09/01/2017,75.3419,330.8323,223.4279,111.735
10/01/2017,75.1785,331.8888,228.4484,112.2265
11/01/2017,76.2654,334.0184,227.0661,112.0017
12/01/2017,77.9998,334.6521,231.0922,113.5795
13/01/2017,77.614,333.5696,233.8594,113.6507
16/01/2017,77.614,333.5696,233.8594,113.6507
17/01/2017,77.6753,339.0513,229.1024,115.5556
18/01/2017,75.4845,339.5445,230.8883,115.7739
19/01/2017,76.0502,335.9204,229.4912,114.9667
20/01/2017,76.2917,336.7778,230.0106,115.4201
23/01/2017,76.1803,339.8133,231.2748,115.6954
24/01/2017,76.7635,338.8146,234.9463,114.7615
25/01/2017,76.3096,335.0582,233.1674,114.6191
26/01/2017,77.5973,332.7403,229.8551,114.2061
27/01/2017,76.6295,333.9843,230.3581,113.913
30/01/2017,75.3775,335.0818,229.5619,112.1083
31/01/2017,74.9385,340.3082,234.8972,112.6461
01/02/2017,76.4535,339.1858,235.4553,114.5799
02/02/2017,75.969,341.34,234.8603,114.2018
03/02/2017,75.5993,341.8967,231.1038,113.6943
06/02/2017,74.4565,345.3544,233.1251,113.5827
07/02/2017,74.1958,346.5103,231.9318,114.0122
08/02/2017,74.7036,346.9361,234.9969,114.9469
09/02/2017,75.3036,346.579,233.6562,115.094
10/02/2017,75.6464,347.4206,241.2733,115.9596
13/02/2017,74.0792,344.7874,241.8591,115.739
14/02/2017,74.222,345.084,240.7538,115.3796
15/02/2017,74.2554,347.056,241.9617,116.431
16/02/2017,73.703,349.3933,240.6884,115.0969
17/02/2017,73.6386,348.6606,238.8533,113.9673
20/02/2017,73.6386,348.6606,238.8533,113.9673
21/02/2017,72.5545,348.4864,240.7596,114.0252
22/02/2017,72.028,347.0745,240.0078,114.1397
23/02/2017,73.0399,351.6327,234.4131,112.8214
24/02/2017,72.8492,354.22,237.844,112.1976
27/02/2017,72.4174,354.3961,238.7262,110.8752
28/02/2017,72.9027,353.6806,240.1693,112.3264
01/03/2017,72.6884,352.9982,242.5091,114.4913
02/03/2017,71.4577,345.5741,237.6079,113.4948
03/03/2017,72.2527,344.2334,237.7614,113.5818
06/03/2017,72.687,344.2203,235.3484,113.3205
07/03/2017,72.3453,341.0508,232.0622,112.0217
08/03/2017,70.3381,338.4266,230.1915,111.3492
09/03/2017,69.7794,335.7774,228.5238,110.0792
10/03/2017,69.1289,334.8047,228.9841,109.6458
13/03/2017,69.1801,335.4481,231.5177,108.9165
14/03/2017,68.0919,335.0525,231.4214,108.7381
15/03/2017,69.1085,334.6533,233.8681,109.0827
16/03/2017,68.6066,342.1905,235.4388,109.4892
17/03/2017,68.9175,343.249,237.2923,109.6125
20/03/2017,69.3861,344.2173,236.0711,108.9574
21/03/2017,69.2279,347.5162,233.9237,108.4459
22/03/2017,68.5068,348.1474,234.1916,107.943
23/03/2017,68.5555,347.6857,234.5812,107.4547
24/03/2017,68.9942,348.8427,233.9878,106.7435
27/03/2017,68.8792,352.2229,232.4567,106.419
28/03/2017,69.6489,352.9965,236.1347,106.6564
29/03/2017,71.0705,352.5976,237.3749,106.3339
30/03/2017,71.4476,350.5715,237.9769,105.6865
31/03/2017,71.8449,351.4957,235.2558,105.7825
03/04/2017,71.1198,351.8537,231.5926,105.431
04/04/2017,73.029,353.3466,232.1772,104.8247
05/04/2017,72.9977,350.6179,237.0818,105.3128
06/04/2017,73.8807,351.9155,234.5993,104.7681
07/04/2017,73.9377,352.2311,234.2302,105.0057
10/04/2017,74.5195,350.3067,230.4319,105.7336
11/04/2017,74.23,356.2439,228.7023,105.8089
12/04/2017,74.1959,357.2892,225.6727,106.1601
13/04/2017,74.4631,360.5269,227.3272,106.4517
14/04/2017,74.4631,360.5269,227.3272,106.4517
17/04/2017,73.7294,361.2772,228.2553,106.0365
18/04/2017,73.295,360.4566,222.2718,105.6614
19/04/2017,71.6987,357.7062,223.3933,105.2737
20/04/2017,71.529,357.0407,226.6513,104.0248
21/04/2017,70.2031,357.2698,225.0262,104.1274
24/04/2017,69.664,354.9108,225.9492,104.3716
25/04/2017,69.9721,351.3746,227.7282,104.9325
26/04/2017,70.3287,349.5608,228.1256,103.8353
27/04/2017,69.3748,349.3985,226.4254,103.9782
28/04/2017,69.6974,349.5113,227.2517,104.4777
01/05/2017,68.8059,344.701,229.2714,106.9021
02/05/2017,67.776,344.9554,229.525,106.3463
03/05/2017,68.292,341.7206,223.8996,106.6954
04/05/2017,65.9235,336.3921,221.5514,105.0561
05/05/2017,67.1115,335.9003,222.4524,105.5077
08/05/2017,66.8879,335.8795,220.4342,104.6753
09/05/2017,66.6207,332.6391,220.791,104.8376
10/05/2017,68.3794,333.9595,220.0229,105.4132
11/05/2017,69.38,335.3512,221.3779,104.9658
12/05/2017,69.6583,336.7764,222.0378,105.2118
15/05/2017,70.0834,338.3351,223.0127,104.8744
16/05/2017,69.4272,340.386,223.3596,105.0013
17/05/2017,69.6289,345.7624,223.7928,105.6819
18/05/2017,69.842,343.3214,222.6889,103.6482
19/05/2017,71.3964,344.1409,226.9964,105.1862
22/05/2017,72.2636,347.8868,227.6367,105.3139
23/05/2017,71.8267,346.4226,228.0214,103.8716
24/05/2017,71.6154,345.8277,226.5249,103.8997
25/05/2017,69.3224,346.9096,227.3402,103.4011
26/05/2017,70.2623,349.9625,226.0266,103.3018
29/05/2017,70.2623,349.9625,226.0266,103.3018
30/05/2017,69.091,349.3939,224.9855,102.0752
31/05/2017,67.414,351.2602,224.8817,102.2151
01/06/2017,66.957,349.5302,224.3151,101.548
02/06/2017,66.2155,352.885,223.6502,101.5418
05/06/2017,65.5424,353.718,221.4375,101.825
06/06/2017,66.4788,357.4167,220.4978,102.3193
07/06/2017,64.2862,356.0757,220.4672,103.5493
08/06/2017,64.2848,352.2103,222.792,104.3435
09/06/2017,64.5809,349.5625,225.8264,104.5087
12/06/2017,64.5118,347.5935,222.8939,102.8334
13/06/2017,64.5522,346.5986,221.9217,103.3364
14/06/2017,62.7063,350.0464,221.6214,102.8669
15/06/2017,63.3759,343.4762,220.835,103.5201
16/06/2017,63.6587,343.5473,221.1912,104.3667
19/06/2017,62.4157,340.7604,223.4476,103.7217
20/06/2017,61.7121,339.6486,221.5819,103.0039
21/06/2017,60.6475,339.9018,224.2783,101.701
22/06/2017,60.9612,341.3792,225.0556,100.0711
23/06/2017,61.3767,343.5198,226.0705,100.0342
26/06/2017,62.2181,341.117,226.1156,99.8194
27/06/2017,63.1936,341.3341,228.84,100.3186
28/06/2017,63.9401,342.533,229.6815,100.3953
29/06/2017,63.826,341.1459,231.4158,102.0911
30/06/2017,64.8911,340.302,232.4494,105.3641
03/07/2017,65.3412,332.8038,232.6608,107.9819
04/07/2017,65.3412,332.8038,232.6608,107.9819
05/07/2017,63.0396,332.2898,230.4492,108.9843
06/07/2017,63.6616,333.086,230.7962,108.341
07/07/2017,62.288,327.3733,229.3809,109.0649
10/07/2017,62.8502,329.1953,228.3182,110.8274
11/07/2017,64.1274,330.1244,230.2617,110.8988
12/07/2017,63.962,331.778,230.7184,108.8364
13/07/2017,64.3318,330.3609,230.6354,105.5908
14/07/2017,65.0698,333.714,232.796,106.7985
17/07/2017,64.8427,335.8736,234.1417,106.2705
18/07/2017,65.6105,338.4141,235.0891,106.6096
19/07/2017,66.438,338.5773,232.9493,107.6436
20/07/2017,65.9744,339.508,232.2912,108.9092
21/07/2017,64.4352,341.9091,232.9323,107.709
24/07/2017,64.3283,341.8043,234.5981,106.4875
25/07/2017,66.0869,341.8945,240.7023,104.3497
26/07/2017,66.7645,340.8805,241.8199,105.4427
27/07/2017,67.4737,343.6981,242.0455,106.1258
28/07/2017,68.0752,346.1337,240.7512,106.5327
31/07/2017,67.8531,346.2651,242.0252,106.2603
01/08/2017,67.1506,347.3721,241.2771,103.836
02/08/2017,67.4107,347.0162,242.4993,104.3925
03/08/2017,66.8547,345.6728,241.9008,103.2107
04/08/2017,67.1548,341.7016,241.8372,103.1611
07/08/2017,67.1084,341.747,245.5869,104.236
08/08/2017,66.9714,342.0603,250.8076,103.9989
09/08/2017,67.7049,347.9504,250.6473,104.2348
10/08/2017,67.4151,351.2173,250.8673,100.6845
11/08/2017,67.5613,352.0376,249.8217,101.1113
14/08/2017,66.3691,351.6159,248.5128,100.9008
15/08/2017,66.2444,347.3131,248.8344,98.8386
16/08/2017,65.4161,349.1587,256.3653,98.224
17/08/2017,66.1117,351.6902,254.3587,98.2336
18/08/2017,67.3012,351.2584,255.5279,98.6884
21/08/2017,66.4411,352.366,258.7052,98.2649
22/08/2017,66.6375,351.0339,258.9519,97.7967
23/08/2017,67.3286,352.1401,259.9976,97.7685
24/08/2017,66.9639,351.1814,262.8831,98.5375
25/08/2017,66.8681,352.838,260.1463,98.3314
28/08/2017,66.5663,358.4824,261.2768,98.091
29/08/2017,66.9785,359.1513,264.095,97.4014
30/08/2017,66.2311,358.1227,262.5839,97.1595
31/08/2017,68.822,360.1506,265.3534,98.9694
01/09/2017,69.0269,363.0924,267.956,98.8459
04/09/2017,69.0269,363.0924,267.956,98.8459
05/09/2017,69.0065,366.6443,266.514,100.1552
06/09/2017,69.6484,365.3791,267.356,100.6702
07/09/2017,69.7447,368.763,267.5224,99.7578
08/09/2017,68.3985,368.9924,260.3837,99.6848
11/09/2017,68.8314,364.7217,263.2586,99.5843
12/09/2017,69.3919,364.0623,263.0001,98.9542
13/09/2017,70.4443,363.0009,257.5411,99.6702
14/09/2017,70.8238,362.8615,255.5374,100.3959
15/09/2017,70.9166,361.5775,254.7743,100.7455
18/09/2017,71.3404,355.8141,256.9549,100.089
19/09/2017,70.8682,356.4347,257.9891,99.1652
20/09/2017,71.5212,357.9089,260.8143,99.9517
21/09/2017,70.6867,351.8795,257.7675,99.8701
22/09/2017,71.0119,352.2558,255.0256,100.3912
25/09/2017,72.4046,355.9802,255.7587,99.8479
26/09/2017,72.0734,352.6115,254.1399,99.1245
27/09/2017,72.2807,349.5142,253.8636,99.2879
28/09/2017,71.5799,349.8123,256.966,98.7105
29/09/2017,71.2409,348.1287,255.3914,98.9662
02/10/2017,69.7058,346.2224,255.9702,98.2246
03/10/2017,69.4672,345.9686,258.4077,97.9002
04/10/2017,69.743,346.2861,259.9316,97.9619
05/10/2017,70.506,345.6421,263.0579,98.4856
06/10/2017,68.7163,346.8007,261.275,98.7273
09/10/2017,68.6506,349.8325,263.3637,98.3742
10/10/2017,69.9682,352.8726,264.893,98.4058
11/10/2017,70.3588,351.5001,264.5871,97.8808
12/10/2017,70.1469,353.7526,267.2784,98.8266
13/10/2017,71.1384,356.17,268.0896,99.8926
16/10/2017,71.2975,355.6561,272.1532,98.9611
17/10/2017,71.4502,350.5303,268.9451,98.6176
18/10/2017,71.2844,349.6603,267.8442,98.3226
19/10/2017,70.7685,352.4538,268.7327,98.7371
20/10/2017,71.4762,349.6045,267.8732,97.7877
23/10/2017,71.5065,349.7014,269.5326,98.8453
24/10/2017,72.1699,348.6086,271.5852,98.9
25/10/2017,71.8325,348.5438,271.8557,98.723
26/10/2017,72.2671,346.0479,271.9063,98.3386
27/10/2017,72.8219,346.1914,267.1733,98.6482
30/10/2017,73.1061,347.9209,268.0851,98.5239
31/10/2017,72.9966,345.6584,270.2685,98.0558
01/11/2017,72.6998,349.6047,274.3711,98.2342
02/11/2017,73.0843,349.5711,273.1633,99.0098
03/11/2017,74.4461,346.1748,272.3778,98.3054
06/11/2017,77.0066,350.8427,274.1554,98.9514
07/11/2017,76.7493,348.1167,268.5637,98.9069
08/11/2017,76.6979,350.775,268.6678,99.2303
09/11/2017,77.2465,350.6904,266.14,98.4246
10/11/2017,76.9796,347.4587,266.0289,98.879
13/11/2017,76.5616,349.3878,268.8771,98.1582
14/11/2017,75.2453,350.3441,263.0996,97.6142
15/11/2017,74.7952,348.7739,263.2825,97.7457
16/11/2017,74.3035,349.4253,261.7835,97.5398
17/11/2017,75.7373,354.7294,263.7601,98.6518
20/11/2017,75.1004,347.6903,264.1199,98.3055
21/11/2017,75.298,349.6533,266.3047,98.3386
22/11/2017,75.5518,352.6181,267.8721,99.0159
23/11/2017,75.5518,352.6181,267.8721,99.0159
24/11/2017,75.3798,350.9847,270.656,98.7086
27/11/2017,75.6748,352.5926,267.3895,98.302
28/11/2017,76.1693,351.6042,262.9887,98.1006
29/11/2017,75.6679,347.1071,261.2213,98.7928
30/11/2017,74.6902,344.7423,259.0453,98.4496
01/12/2017,75.8533,345.4308,262.7519,99.1316
04/12/2017,74.2409,344.46,261.7993,98.8459
05/12/2017,74.2553,340.2768,253.3867,99.0177
06/12/2017,72.6805,339.9343,252.3167,98.1469
07/12/2017,72.693,336.5133,252.9158,97.3969
08/12/2017,73.5585,335.6873,253.087,97.1277
11/12/2017,74.5555,335.2198,256.1457,96.131
12/12/2017,72.779,333.5637,256.2707,95.5474
13/12/2017,72.0872,336.0316,257.1889,96.1246
14/12/2017,72.5325,338.1042,259.8765,95.7952
15/12/2017,72.1067,338.8791,264.3227,95.6698
18/12/2017,73.0003,341.2827,265.6839,95.5797
19/12/2017,73.1454,340.7582,266.5691,95.7714
20/12/2017,73.3916,342.5067,270.1159,96.1364
21/12/2017,73.4135,342.5313,272.2726,96.352
22/12/2017,74.0735,345.2845,275.0709,96.1413
25/12/2017,74.0735,345.2845,275.0709,96.1413
26/12/2017,75.633,347.9401,276.6864,96.6591
27/12/2017,75.7569,349.5457,278.9502,97.1565
28/12/2017,76.9474,351.6148,282.1453,96.6561
29/12/2017,77.6021,355.2479,282.7705,96.9785
01/01/2018,77.6021,355.2479,282.7705,96.9785
02/01/2018,77.6738,357.0018,281.7727,97.8142
03/01/2018,78.5666,357.8237,278.7664,98.0563
04/01/2018,78.0849,358.4752,280.9061,97.9628
05/01/2018,77.2096,358.7156,277.5528,97.7389
08/01/2018,77.5124,357.6287,276.8198,96.8715
09/01/2018,79.005,355.5846,275.543,97.0258
10/01/2018,79.1626,356.8695,278.0435,96.7593
11/01/2018,79.9532,357.1922,277.3895,96.2352
12/01/2018,80.8956,360.6435,278.4912,95.8682
15/01/2018,80.8956,360.6435,278.4912,95.8682
16/01/2018,80.2013,361.3897,277.3943,95.5102
17/01/2018,80.9041,361.706,275.4671,96.0316
18/01/2018,80.6913,358.205,277.7879,95.8412
19/01/2018,79.8288,359.8602,278.1819,96.2055
22/01/2018,80.0326,359.4467,279.6289,96.6199
23/01/2018,81.636,360.0845,276.1845,96.4311
24/01/2018,82.5352,366.9813,283.9283,97.4291
25/01/2018,82.6687,368.9757,283.9821,97.4348
26/01/2018,83.6548,365.9073,283.9696,97.6513
29/01/2018,82.9914,361.917,284.3539,98.3807
30/01/2018,82.2912,360.5393,281.1553,99.0101
31/01/2018,81.1012,362.0868,283.38,98.2887
01/02/2018,80.7425,362.6762,285.6238,98.0509
02/02/2018,79.9622,358.3232,281.5751,97.6594
05/02/2018,78.2645,358.0151,284.5575,97.1435
06/02/2018,77.5193,356.137,279.5046,98.4201
07/02/2018,75.7771,351.3996,273.744,99.0201
08/02/2018,75.3045,352.8271,274.5102,98.7695
09/02/2018,72.7822,351.171,270.161,98.1487
12/02/2018,72.459,355.5255,272.5124,99.7092
13/02/2018,72.8234,356.1645,278.0924,99.8716
14/02/2018,74.1132,363.5954,285.5755,99.952
15/02/2018,74.3304,362.6631,285.764,100.5299
16/02/2018,74.6671,362.4611,286.5893,99.9492
19/02/2018,74.6671,362.4611,286.5893,99.9492
20/02/2018,75.3837,355.9725,282.5685,99.9639
21/02/2018,75.6812,356.9784,284.6202,100.1477
22/02/2018,76.4536,356.924,284.7959,100.568
23/02/2018,77.0661,356.01,281.7005,100.698
26/02/2018,77.5716,356.9315,282.3371,101.3519
27/02/2018,76.938,353.0919,280.3551,101.4303
28/02/2018,75.3001,352.8316,277.2289,102.9222
01/03/2018,74.8523,349.5797,275.6094,104.544
02/03/2018,75.0861,354.2903,274.9231,103.6097
05/03/2018,76.1594,353.3511,273.9949,104.4112
06/03/2018,76.5815,358.3489,276.0392,103.996
07/03/2018,75.6779,355.3782,272.6427,102.7075
08/03/2018,74.7669,354.2067,269.3885,103.189
09/03/2018,75.9573,355.2244,274.6009,101.7222
12/03/2018,75.8105,354.2619,272.0288,101.7309
13/03/2018,75.628,356.0224,274.4611,101.9856
14/03/2018,75.6448,355.2714,273.5721,101.4204
15/03/2018,75.4579,353.098,271.7494,101.0636
16/03/2018,76.3517,351.2499,271.4467,100.4956
19/03/2018,75.7933,352.6716,270.205,98.5989
20/03/2018,77.1604,350.8108,267.3362,98.5877
21/03/2018,78.4106,353.9689,268.9546,98.9169
22/03/2018,77.7968,355.0497,265.7627,99.1227
23/03/2018,78.7467,360.6631,263.3817,99.2495
26/03/2018,78.6315,362.2867,263.2862,98.6427
27/03/2018,78.9817,358.9233,264.4967,98.4698
28/03/2018,78.3506,353.8422,264.5829,97.8746
29/03/2018,78.9709,353.3745,265.1548,100.033
30/03/2018,78.9709,353.3745,265.1548,100.033
02/04/2018,77.0926,359.4581,266.0668,99.5534
03/04/2018,77.5983,356.1299,266.3404,100.3179
04/04/2018,77.6143,356.0756,263.3642,99.0257
05/04/2018,77.4744,354.1654,266.5349,100.5264
06/04/2018,76.6508,355.7877,266.8705,100.7875
09/04/2018,77.7351,357.4742,271.4067,102.0037
10/04/2018,79.3047,359.0002,276.866,101.7261
11/04/2018,80.3594,362.7613,278.2789,101.2345
12/04/2018,80.3389,357.605,276.3765,101.4271
13/04/2018,81.0784,359.7558,276.5262,100.8112
16/04/2018,80.3582,360.4587,282.7743,99.544
17/04/2018,80.4099,360.7485,282.3468,99.3935
18/04/2018,81.8206,363.8772,294.7216,99.7905
19/04/2018,81.4728,362.8752,290.989,99.6507
20/04/2018,82.1784,360.3146,289.855,98.8765
23/04/2018,82.6991,354.6751,281.248,98.342
24/04/2018,82.2323,357.1808,278.9588,98.7644
25/04/2018,82.3554,354.0694,278.7835,99.5985
26/04/2018,82.98,353.0258,279.4742,99.654
27/04/2018,82.4934,353.8405,273.9513,101.0412
30/04/2018,82.9345,352.5594,274.4844,101.4695
01/05/2018,81.9376,348.6806,272.3418,102.8078
02/05/2018,81.9124,349.6565,276.6065,102.4804
03/05/2018,81.9097,351.4929,274.063,103.2161
04/05/2018,82.8638,352.2748,279.0042,102.1435
07/05/2018,84.0102,352.0879,278.8188,100.2269
08/05/2018,82.8324,351.9114,278.0719,100.7261
09/05/2018,84.6913,352.1104,278.2376,100.3126
10/05/2018,85.4943,355.1163,278.8317,100.2391
11/05/2018,85.189,354.7705,277.8695,99.0935
14/05/2018,86.0135,353.7496,279.5663,99.2467
15/05/2018,86.2328,346.1515,278.5671,99.6081
16/05/2018,86.7332,346.9118,279.6184,98.9503
17/05/2018,87.1468,347.0099,280.0327,98.8535
18/05/2018,86.714,347.2526,278.677,100.2345
21/05/2018,87.1775,347.5196,280.149,101.185
22/05/2018,87.955,348.011,280.5096,101.8712
23/05/2018,88.056,346.6684,277.5281,102.7662
24/05/2018,87.318,351.1489,279.9235,102.4529
25/05/2018,85.2061,350.3182,278.327,103.2654
28/05/2018,85.2061,350.3182,278.327,103.2654
29/05/2018,83.8737,348.5419,279.197,102.7018
30/05/2018,85.1965,349.8854,280.6556,101.7363
31/05/2018,85.143,349.1151,281.1603,102.0597
01/06/2018,84.4232,347.9367,283.7843,101.622
04/06/2018,83.2629,347.5305,286.0019,99.2008
05/06/2018,83.079,349.104,290.0892,99.2877
06/06/2018,82.585,349.6906,292.9156,99.2046
07/06/2018,84.2582,350.627,291.6355,98.3587
08/06/2018,83.5963,350.2245,292.1534,98.6135
11/06/2018,84.0104,351.4096,290.3607,97.4473
12/06/2018,83.7875,350.3481,289.8252,98.7144
13/06/2018,84.5082,351.2479,290.809,97.6388
14/06/2018,84.1244,354.0253,287.5298,95.9934
15/06/2018,82.5593,344.088,281.2375,94.7554
18/06/2018,83.314,344.2741,279.5539,93.7501
19/06/2018,82.5281,343.4004,273.8422,92.1901
20/06/2018,82.9513,342.5046,274.4771,92.6154
21/06/2018,82.1631,341.8041,273.1935,92.6583
22/06/2018,84.0838,342.5188,274.229,93.3278
25/06/2018,83.3257,341.5609,269.4757,91.7126
26/06/2018,84.7896,339.3524,269.6766,91.4245
27/06/2018,86.5712,338.1296,270.8572,91.3436
28/06/2018,86.5331,336.143,268.8942,90.6131
29/06/2018,87.444,337.6457,267.7664,91.3652
02/07/2018,85.7437,333.294,264.1412,88.895
03/07/2018,85.988,336.7587,261.7268,89.2208
04/07/2018,85.988,336.7587,261.7268,89.2208
05/07/2018,85.4476,338.1518,256.3519,89.358
06/07/2018,85.6305,337.4145,255.8997,91.8533
09/07/2018,86.137,338.594,258.6158,90.5633
10/07/2018,86.4481,337.4937,255.9044,89.8928
11/07/2018,83.0046,333.9132,249.5983,87.7563
12/07/2018,83.3943,335.121,251.554,88.4779
13/07/2018,83.7037,333.214,250.3854,87.8941
16/07/2018,81.0282,332.9253,248.242,88.0974
17/07/2018,81.1998,329.437,246.8458,88.7685
18/07/2018,81.6432,329.3708,248.9347,88.6888
19/07/2018,82.0507,327.6554,244.0669,89.1749
20/07/2018,82.3178,329.6969,248.4137,90.0908
23/07/2018,82.2376,327.9211,248.5217,90.1302
24/07/2018,82.8457,328.4389,252.8754,90.0923
25/07/2018,83.7623,330.1042,252.2488,91.7919
26/07/2018,84.3882,328.4979,252.7607,91.5527
27/07/2018,84.0293,327.9724,252.8473,91.6546
30/07/2018,84.8924,327.9925,252.6373,92.6883
31/07/2018,83.6282,328.5484,255.1982,93.8297
01/08/2018,82.2565,326.8173,248.6885,92.7908
02/08/2018,83.6544,324.9712,247.0094,92.7512
03/08/2018,83.7119,325.9982,249.4826,93.1487
06/08/2018,84.1456,324.3719,248.5424,93.764
07/08/2018,85.0798,324.6342,250.2651,93.8642
08/08/2018,83.4505,325.4911,253.3965,93.995
09/08/2018,83.2695,325.4303,252.4698,93.5154
10/08/2018,83.9503,324.4543,251.3339,90.6938
13/08/2018,83.602,318.8677,248.3577,90.1086
14/08/2018,83.7842,319.5979,245.4247,91.1156
15/08/2018,82.259,313.4918,235.4114,89.9219
16/08/2018,82.3422,314.5548,241.0227,91.3145
17/08/2018,82.8082,314.2129,241.3514,91.4908
20/08/2018,83.0577,316.5799,243.691,90.639
21/08/2018,83.5276,318.1799,245.3134,89.9893
22/08/2018,85.141,318.8273,245.5725,88.8718
23/08/2018,85.2591,315.9309,244.5109,87.8601
24/08/2018,85.7553,321.1634,248.2243,88.1009
27/08/2018,85.7062,322.1155,248.5835,87.7045
28/08/2018,85.2844,321.4528,251.7337,86.625
29/08/2018,86.3287,320.4457,251.1938,87.2851
30/08/2018,86.8484,318.0852,247.8288,87.0855
31/08/2018,86.7786,318.2741,244.098,88.2304
03/09/2018,86.7786,318.2741,244.098,88.2304
04/09/2018,86.3398,314.9645,237.8671,88.1223
05/09/2018,85.285,315.6283,238.2898,87.7052
06/09/2018,84.4299,316.0747,238.558,87.4268
07/09/2018,84.6363,315.2384,238.4138,87.7144
10/09/2018,84.875,315.2235,239.0579,88.5482
11/09/2018,86.4333,315.6,235.5089,87.7163
12/09/2018,87.0744,318.0842,240.3036,87.1234
13/09/2018,85.5749,317.3108,240.3652,86.3704
14/09/2018,85.125,315.3763,238.1637,86.3099
17/09/2018,85.3424,316.7901,236.3285,85.2432
18/09/2018,87.0597,316.0286,240.1914,84.4854
19/09/2018,87.5691,317.6175,241.5407,85.6642
20/09/2018,87.7327,318.3743,243.3997,86.8535
21/09/2018,87.9548,316.5975,252.1209,87.0391
24/09/2018,89.9234,317.2043,250.2414,86.8296
25/09/2018,90.5755,318.1032,249.4095,86.8498
26/09/2018,89.5605,316.4427,249.6266,86.7372
27/09/2018,90.7133,313.5171,245.5184,86.9563
28/09/2018,91.2825,317.3897,249.352,86.3867
01/10/2018,93.7403,315.5291,249.7877,87.6494
02/10/2018,94.2152,319.598,251.5704,89.0178
03/10/2018,95.6947,318.662,256.3458,88.6616
04/10/2018,93.7082,318.0263,252.3017,88.9065
05/10/2018,93.3321,319.1548,250.7641,89.7332
08/10/2018,94.162,314.1631,248.6618,89.9565
09/10/2018,94.8098,315.1232,252.0778,89.7342
10/10/2018,93.5381,315.1755,248.8076,88.9951
11/10/2018,90.896,323.5948,248.3716,89.5588
12/10/2018,90.7309,322.6019,249.501,90.8166
15/10/2018,91.6515,324.8171,247.8581,92.6147
16/10/2018,91.9917,324.8558,247.9352,91.862
17/10/2018,91.0451,323.9505,247.6697,92.2633
18/10/2018,89.4223,324.2414,246.4625,91.2378
19/10/2018,90.3488,324.1964,246.7763,90.9145
22/10/2018,89.7997,323.1077,247.9509,90.6622
23/10/2018,87.7396,326.6415,246.3569,90.6859
24/10/2018,87.3133,324.9203,245.5798,89.9402
25/10/2018,87.9489,324.9861,244.6882,88.9658
26/10/2018,88.1858,326.0472,243.7084,89.8264
29/10/2018,87.6875,323.1684,242.2871,89.0355
30/10/2018,86.6559,322.8119,237.9699,88.2849
31/10/2018,86.2572,319.8356,235.5945,88.2631
01/11/2018,84.4929,327.124,239.9704,89.9843
02/11/2018,84.4034,325.9501,243.9487,90.5899
05/11/2018,86.4873,325.2779,241.0407,90.2079
06/11/2018,85.9352,323.3479,239.2702,89.8453
07/11/2018,85.6113,324.1988,240.6941,89.8672
08/11/2018,84.4911,322.7692,241.1007,89.6778
09/11/2018,85.3574,318.0091,237.0258,88.9684
12/11/2018,85.8784,316.3916,235.6857,89.2598
13/11/2018,84.9266,315.8086,235.5192,88.2339
14/11/2018,91.1527,318.1214,236.6405,88.5131
15/11/2018,84.8297,320.0722,238.3159,88.5593
16/11/2018,86.8504,322.3083,241.1835,88.7956
19/11/2018,90.2634,322.8893,240.1458,87.9814
20/11/2018,85.5247,321.4023,238.3564,87.7717
21/11/2018,85.8608,323.9591,240.015,88.0465
22/11/2018,85.8608,323.9591,240.015,88.0465
23/11/2018,81.2036,321.7904,238.0414,87.3674
26/11/2018,81.9248,321.6554,237.0187,86.923
27/11/2018,81.7,319.2798,233.5399,87.0937
28/11/2018,83.636,322.4649,237.1357,88.5038
29/11/2018,84.1201,322.3534,237.7266,88.2381
30/11/2018,83.374,320.5769,239.9692,88.6388
03/12/2018,83.0405,324.7972,242.0771,89.626
04/12/2018,84.2641,326.9384,239.9402,89.8189
05/12/2018,84.0704,325.8576,241.0703,89.6212
06/12/2018,81.9617,325.7318,237.1578,89.1406
07/12/2018,84.3675,328.507,238.2654,90.0277
10/12/2018,83.1369,327.4742,235.571,89.5983
11/12/2018,82.6177,327.1548,237.3404,89.5833
12/12/2018,80.7023,328.8305,237.2284,89.9395
13/12/2018,81.9902,328.3371,236.9987,89.8342
14/12/2018,78.9279,326.0707,237.1173,89.2992
17/12/2018,75.8225,328.8641,236.944,89.1808
18/12/2018,74.8391,328.9755,232.398,89.0921
19/12/2018,75.6627,330.1393,235.0372,88.5261
20/12/2018,72.4982,332.7735,233.7559,88.0186
21/12/2018,73.4241,329.9714,232.3269,87.2917
24/12/2018,68.5859,333.4264,231.0284,87.484
25/12/2018,68.5859,333.4264,231.0284,87.484
26/12/2018,71.93,335.1847,232.4401,86.7358
27/12/2018,70.8826,337.7794,229.8142,86.5006
28/12/2018,69.7088,338.8032,229.1347,87.0732
31/12/2018,67.7473,339.0251,227.6857,86.518
01/01/2019,67.7473,339.0251,227.6857,86.518
02/01/2019,68.5131,340.1759,225.6486,86.837
03/01/2019,69.1902,343.1191,224.6869,87.5222
04/01/2019,70.6768,341.2363,230.2752,88.3051
07/01/2019,70.5018,342.0056,231.3926,88.9528
08/01/2019,71.5816,340.9963,231.4371,88.8958
09/01/2019,73.8817,342.3772,231.4371,89.4338
10/01/2019,74.0081,341.0115,230.5165,88.1023
11/01/2019,74.0138,341.5259,231.7574,88.4639
14/01/2019,75.3306,342.1279,230.1366,88.0608
15/01/2019,76.2427,341.1849,231.2165,87.4822
16/01/2019,76.0039,342.3848,233.5851,87.8265
17/01/2019,75.9976,341.5548,234.5753,88.5924
18/01/2019,77.7561,338.8973,237.8421,89.3261
21/01/2019,77.7561,338.8973,237.8421,89.3261
22/01/2019,74.9145,338.7225,235.3112,88.8873
23/01/2019,74.284,339.1725,237.0332,89.2754
24/01/2019,75.0173,337.9147,236.6334,89.257
25/01/2019,75.8794,343.692,241.8225,89.5335
28/01/2019,72.8967,345.1287,238.0665,89.4246
29/01/2019,74.4278,346.7222,240.9459,88.9498
30/01/2019,74.7327,347.2647,244.32,89.1925
31/01/2019,73.9933,349.9921,246.0064,89.1468
01/02/2019,74.82,348.6568,246.2403,89.1645
04/02/2019,74.0075,347.9288,250.4534,89.5931
05/02/2019,73.4842,347.6708,249.6099,89.7418
06/02/2019,74.0223,346.0248,248.8756,89.9781
07/02/2019,72.1914,346.0702,248.6952,88.9265
08/02/2019,72.7379,347.458,245.8353,88.7926
11/02/2019,72.6904,345.581,243.8128,87.9789
12/02/2019,73.6863,346.0257,241.6215,88.7573
13/02/2019,74.1235,346.063,241.4216,88.6438
14/02/2019,74.7165,345.1879,240.4587,87.5223
15/02/2019,76.4648,347.9941,243.2871,87.9891
18/02/2019,76.4648,347.9941,243.2871,87.9891
19/02/2019,76.8815,353.8275,246.9703,87.312
20/02/2019,77.3767,355.5903,250.3749,87.3958
21/02/2019,77.7656,349.6213,250.2818,87.9631
22/02/2019,77.986,351.2019,253.4832,88.0568
25/02/2019,76.539,350.1711,253.2321,87.1563
26/02/2019,76.8097,349.9833,253.7304,86.1579
27/02/2019,77.9696,347.7051,254.9269,86.2694
28/02/2019,78.0215,346.0147,254.6498,85.6703
01/03/2019,77.1569,340.6691,254.8655,85.8706
04/03/2019,77.7748,337.5986,252.2505,85.6213
05/03/2019,78.0562,337.0586,254.875,86.0932
06/03/2019,77.8068,337.5595,253.9984,84.9067
07/03/2019,78.2477,337.0457,251.6222,84.0617
08/03/2019,77.6458,341.3321,250.3901,84.0195
11/03/2019,77.7622,339.3481,249.7151,83.4407
12/03/2019,77.8379,341.4874,253.913,84.564
13/03/2019,79.0364,343.995,255.6676,84.7555
14/03/2019,79.1867,339.6502,252.6828,84.8218
15/03/2019,78.6763,341.9718,252.515,85.6942
18/03/2019,79.405,341.7898,253.5727,85.5427
19/03/2019,79.6271,343.0748,255.9455,85.4244
20/03/2019,80.1449,341.8349,256.6754,85.5519
21/03/2019,79.7484,343.6398,253.8157,85.8999
22/03/2019,78.5162,344.5286,251.2287,85.6451
25/03/2019,78.6541,347.4956,251.3499,85.9576
26/03/2019,79.1898,345.2766,252.5948,85.6739
27/03/2019,78.5652,343.715,253.8265,84.9588
28/03/2019,78.2887,337.7144,253.0104,84.7982
29/03/2019,78.5391,339.0926,256.939,83.7697
01/04/2019,79.9132,338.2415,256.6147,84.4414
02/04/2019,80.4622,338.3065,254.516,84.6535
03/04/2019,80.4266,338.5226,258.1126,84.8794
04/04/2019,80.1331,338.2506,255.6103,85.5455
05/04/2019,81.1123,338.5442,254.91,84.9676
08/04/2019,82.2706,340.5537,255.7435,84.6595
09/04/2019,81.9268,341.8355,255.3035,84.7485
10/04/2019,82.9338,343.1496,254.907,84.9779
11/04/2019,81.971,337.0708,252.4765,84.3219
12/04/2019,82.3513,337.974,255.8544,84.6045
15/04/2019,81.5273,337.3064,255.0431,84.5431
16/04/2019,81.9167,334.1692,253.0242,83.5957
17/04/2019,81.3876,334.2154,254.1026,82.9879
18/04/2019,81.473,334.1814,251.406,83.5861
19/04/2019,81.473,334.1814,251.406,83.5861
22/04/2019,83.0676,334.6951,250.7975,83.0056
23/04/2019,83.1518,332.829,249.2351,82.4987
24/04/2019,82.9071,334.7776,250.0157,81.8289
25/04/2019,82.9493,334.6724,247.5212,82.0909
26/04/2019,81.3583,337.1874,248.6788,81.9279
29/04/2019,81.4995,334.9825,248.9,81.2894
30/04/2019,81.9116,336.1134,248.1616,80.9727
01/05/2019,82.1438,334.5047,243.8927,81.069
02/05/2019,80.5686,331.4947,242.315,81.003
03/05/2019,80.6008,335.2662,243.9584,80.6483
06/05/2019,80.4315,335.5687,244.3907,79.7771
07/05/2019,79.4729,335.947,241.6315,79.7036
08/05/2019,80.5632,334.793,239.5845,79.2598
09/05/2019,80.1863,335.1131,238.302,78.1873
10/05/2019,80.5265,335.6526,239.5308,77.7408
13/05/2019,80.1338,338.5345,236.1038,77.9082
14/05/2019,81.0398,337.6183,238.3232,80.0035
15/05/2019,81.2923,337.9607,240.6709,80.1403
16/05/2019,82.5016,334.2211,241.3969,81.3032
17/05/2019,82.0601,331.336,239.195,80.3545
20/05/2019,82.161,331.9982,237.004,81.5649
21/05/2019,81.7999,331.0169,236.9361,81.7795
22/05/2019,79.9148,331.3815,234.2081,81.6815
23/05/2019,77.0055,334.5592,234.3512,81.1696
24/05/2019,77.7569,333.9186,237.4253,82.728
27/05/2019,77.7569,333.9186,237.4253,82.728
28/05/2019,78.442,331.4406,236.9541,85.1692
29/05/2019,78.1108,332.6969,234.7434,85.7416
30/05/2019,75.593,334.3567,234.7451,87.8887
31/05/2019,72.1044,338.52,233.5673,87.099
03/06/2019,71.1008,342.8519,232.0015,87.3934
04/06/2019,71.4218,343.1852,232.8342,87.4759
05/06/2019,69.6322,344.3037,230.0388,85.5038
06/06/2019,69.9797,346.7432,231.7583,86.6931
07/06/2019,71.469,348.1033,229.8803,85.615
10/06/2019,71.0389,342.7598,231.549,85.5753
11/06/2019,71.4868,343.6901,233.3545,86.2875
12/06/2019,69.5003,344.898,232.984,87.4283
13/06/2019,70.2149,347.0171,232.4283,88.4051
14/06/2019,71.0189,346.7512,230.4718,88.9363
17/06/2019,70.1499,346.6207,230.886,89.5707
18/06/2019,71.06,349.0634,234.9727,89.0067
19/06/2019,70.581,348.5216,234.2913,88.0525
20/06/2019,72.4375,360.9711,235.871,89.1751
21/06/2019,73.0979,360.6027,233.8978,88.0542
24/06/2019,73.8587,364.7688,235.9501,88.8409
25/06/2019,74.1466,364.4838,239.1987,88.9379
26/06/2019,75.5559,363.8019,238.6501,88.4155
27/06/2019,75.798,362.7195,237.9143,88.4536
28/06/2019,74.9549,363.3262,238.3521,87.5421
01/07/2019,75.1177,357.7272,235.512,86.2763
02/07/2019,72.5809,361.7323,233.6897,85.6358
03/07/2019,73.8787,364.8511,234.9481,87.4772
04/07/2019,73.8787,364.8511,234.9481,87.4772
05/07/2019,74.9944,358.9778,234.2861,86.7224
08/07/2019,74.9303,359.2775,234.7098,86.5494
09/07/2019,75.3264,359.9089,233.5694,86.1954
10/07/2019,77.9158,362.7504,238.5713,86.6216
11/07/2019,77.4997,361.2225,238.5163,87.5739
12/07/2019,77.702,362.8088,239.8725,88.3778
15/07/2019,76.7437,363.8031,241.953,87.243
16/07/2019,74.4579,364.948,243.7689,86.0778
17/07/2019,73.6487,368.9389,245.5043,85.753
18/07/2019,72.1413,371.1135,246.5178,84.7726
19/07/2019,72.4309,370.8408,246.7187,85.9588
22/07/2019,73.3574,372.0855,243.0196,84.6289
23/07/2019,73.818,371.4068,242.1866,84.9215
24/07/2019,72.8148,372.6042,244.5305,85.2949
25/07/2019,73.13,369.7164,242.3657,84.7449
26/07/2019,72.6144,370.602,241.0702,84.5353
29/07/2019,72.7413,371.1074,243.9691,85.0379
30/07/2019,73.8761,373.436,242.1005,84.2534
31/07/2019,75.0508,371.8663,241.7106,83.0568
01/08/2019,70.8521,369.6438,240.7615,81.6664
02/08/2019,71.4707,375.1388,235.6469,82.3238
05/08/2019,69.6577,379.6319,235.1522,82.2793
06/08/2019,69.0939,381.459,235.6898,81.8774
07/08/2019,66.4726,392.4395,234.368,81.8585
08/08/2019,67.8808,389.0992,240.8365,83.0563
09/08/2019,69.1723,388.9017,237.6928,83.6937
12/08/2019,69.2379,391.4232,238.774,81.1265
13/08/2019,71.8102,390.3935,242.2947,80.8501
14/08/2019,70.1106,394.683,239.6641,80.0906
15/08/2019,69.6887,395.0246,241.0247,79.8562
16/08/2019,69.7686,393.0654,241.0781,80.5882
19/08/2019,70.6823,389.7696,240.5653,79.461
20/08/2019,71.0263,391.6956,238.5509,79.1042
21/08/2019,70.8994,391.737,239.8183,79.5082
22/08/2019,70.386,389.7421,237.1676,79.5837
23/08/2019,69.4522,397.5124,236.4481,78.9418
26/08/2019,69.4418,398.693,236.9442,79.2556
27/08/2019,70.0279,404.285,237.2699,78.7635
28/08/2019,71.1734,404.5877,238.1886,79.3439
29/08/2019,72.2059,401.4873,240.2698,79.0796
30/08/2019,70.7745,400.112,242.9376,78.8593
02/09/2019,70.7745,400.112,242.9376,78.8593
03/09/2019,70.1777,410.1243,242.2808,78.1613
04/09/2019,73.1224,412.6517,247.2373,78.3942
05/09/2019,73.4299,401.874,248.196,78.0226
06/09/2019,74.1313,396.3323,248.477,77.8441
09/09/2019,75.7504,395.7673,249.4309,78.0245
10/09/2019,75.6166,393.5125,250.6514,79.1597
11/09/2019,74.0655,394.2488,250.1114,78.9501
12/09/2019,73.5268,395.1443,250.6048,80.4022
13/09/2019,73.675,390.4342,252.73,80.6096
16/09/2019,81.4441,395.2631,248.542,81.56
17/09/2019,78.0581,396.2554,246.698,80.4933
18/09/2019,76.9311,395.609,246.0649,80.5526
19/09/2019,76.7791,393.5322,246.7632,80.4902
20/09/2019,76.5034,395.1487,247.185,79.9954
23/09/2019,76.8933,402.9617,247.5003,80.5089
24/09/2019,75.4634,404.2895,244.8182,80.734
25/09/2019,74.6844,395.8579,245.3168,80.7437
26/09/2019,74.3006,395.6221,243.4804,80.6952
27/09/2019,73.6388,392.5355,244.3241,80.522
30/09/2019,71.5608,382.511,244.1795,82.161
01/10/2019,70.979,387.3256,243.3426,82.9983
02/10/2019,69.6751,393.1,243.6487,82.4554
03/10/2019,70.1771,394.2625,243.5854,82.5977
04/10/2019,70.9319,393.838,244.5348,82.3533
07/10/2019,70.7198,391.7587,245.4615,82.1287
08/10/2019,70.5258,392.5083,244.9749,82.7712
09/10/2019,70.3436,394.8768,244.0997,82.8261
10/10/2019,70.891,391.4363,248.6086,81.8142
11/10/2019,72.4069,388.7149,248.5068,83.4883
14/10/2019,71.6286,391.4109,245.5143,83.7607
15/10/2019,71.3944,386.9163,246.8189,83.4698
16/10/2019,71.7002,389.2565,244.192,83.1707
17/10/2019,72.0902,391.0955,244.0202,83.5713
18/10/2019,71.9475,390.0969,245.9746,83.8871
21/10/2019,71.1317,389.0755,245.919,83.4962
22/10/2019,71.8857,388.4429,246.3338,83.6374
23/10/2019,72.8453,390.5162,248.441,83.5706
24/10/2019,73.5399,393.4984,249.404,83.5427
25/10/2019,73.8001,394.2706,249.8838,83.4345
28/10/2019,73.8465,392.1643,250.6248,83.368
29/10/2019,74.2704,390.9278,252.1481,83.2373
30/10/2019,73.8228,392.3329,251.7172,83.4369
31/10/2019,72.7162,397.0116,248.5289,83.5913
01/11/2019,75.0276,396.2713,251.2671,84.0093
04/11/2019,76.168,396.3377,251.9433,83.8301
05/11/2019,77.0124,388.2813,251.8599,84.0478
06/11/2019,75.8179,390.3348,249.9579,83.7933
07/11/2019,75.9314,381.9493,252.4131,83.8081
08/11/2019,76.0386,380.293,250.3875,83.9044
11/11/2019,74.8491,379.0821,246.9883,82.9979
12/11/2019,74.6711,377.8282,246.1857,83.4359
13/11/2019,74.8642,380.9066,243.7889,83.2869
14/11/2019,74.8826,383.5087,241.2446,83.3259
15/11/2019,75.9466,382.156,241.4837,82.9219
18/11/2019,74.3032,383.1467,239.2008,82.5787
19/11/2019,72.6164,384.2724,239.7471,82.6987
20/11/2019,74.2555,384.2283,238.2341,82.8183
21/11/2019,75.7108,381.8953,237.2087,82.7972
22/11/2019,75.7221,381.5804,238.9426,83.0079
25/11/2019,75.1209,379.6896,238.0035,83.4633
26/11/2019,75.3176,381.2411,240.5216,82.8298
27/11/2019,74.7952,379.2546,240.0968,82.5876
28/11/2019,74.7952,379.2546,240.0968,82.5876
29/11/2019,70.8439,381.9217,236.3534,83.2169
02/12/2019,71.5584,380.5493,236.1958,82.9014
03/12/2019,72.2163,385.0544,232.5052,82.8959
04/12/2019,73.7887,382.5148,233.5788,83.1207
05/12/2019,74.2098,383.8499,233.5628,83.4609
06/12/2019,74.3337,377.882,237.0151,83.8404
09/12/2019,73.621,378.1297,237.5194,84.3219
10/12/2019,74.0518,379.0942,237.6928,84.9515
11/12/2019,73.238,381.2468,240.08,84.4167
12/12/2019,74.1643,381.243,242.3122,85.5505
13/12/2019,74.8115,383.3593,241.5939,85.6208
16/12/2019,75.3429,383.7918,243.7802,87.3263
17/12/2019,75.9076,383.6157,242.4975,87.4731
18/12/2019,75.6698,383.1342,242.9328,87.1834
19/12/2019,76.0249,384.8311,245.586,86.7191
20/12/2019,75.8509,384.5126,246.3519,87.0044
23/12/2019,75.4563,387.5425,245.1492,86.773
24/12/2019,75.8554,392.6045,245.8734,87.0742
25/12/2019,75.8554,392.6045,245.8734,87.0742
26/12/2019,76.9773,395.2629,246.6879,87.362
27/12/2019,76.7586,395.7742,246.4544,87.9617
30/12/2019,76.4409,396.226,246.9791,88.283
31/12/2019,75.7248,396.7255,243.5779,88.0034
01/01/2020,75.7248,396.7255,243.5779,88.0034
02/01/2020,75.508,398.4045,245.8618,88.011
03/01/2020,77.4217,403.8131,243.313,87.2553
06/01/2020,77.6773,407.2811,244.1966,87.1261
07/01/2020,77.2658,409.5056,244.5649,87.0213
08/01/2020,74.5659,405.5375,246.0853,86.8179
09/01/2020,74.4867,403.1918,245.4232,87.0258
10/01/2020,74.3264,405.2262,246.255,87.6444
13/01/2020,73.4562,402.833,247.372,87.3841
14/01/2020,73.5784,400.3767,247.4505,87.5994
15/01/2020,72.4891,403.4472,248.4346,87.1437
16/01/2020,72.5389,402.4973,247.5124,86.0811
17/01/2020,71.896,405.1908,247.7609,87.082
20/01/2020,71.896,405.1908,247.7609,87.082
21/01/2020,70.7885,403.495,246.5258,86.6782
22/01/2020,69.5405,403.3649,243.6665,86.7836
23/01/2020,68.7235,405.1538,239.9312,86.8548
24/01/2020,67.1471,407.8809,236.8077,85.8103
27/01/2020,66.0511,408.7752,230.223,84.935
28/01/2020,66.8193,404.304,228.8122,85.2328
29/01/2020,66.4236,404.5017,227.0591,84.6025
30/01/2020,64.8919,409.6361,225.521,83.6558
31/01/2020,64.5354,409.4859,225.7491,83.3142
03/02/2020,62.9422,406.7712,222.6797,83.2102
04/02/2020,63.1593,400.797,224.5792,83.4457
05/02/2020,64.2473,402.4955,228.6835,83.6358
06/02/2020,64.3847,405.0181,229.5992,83.5043
07/02/2020,64.0222,405.1186,225.6204,83.8913
10/02/2020,62.3624,406.861,224.7738,83.9584
11/02/2020,62.8835,404.0561,227.937,83.9361
12/02/2020,64.666,403.8988,228.5874,84.5559
13/02/2020,64.7758,405.9708,230.4184,84.3035
14/02/2020,65.2017,408.0814,227.8318,84.1493
17/02/2020,65.2017,408.0814,227.8318,84.1493
18/02/2020,66.1271,413.6605,227.3199,85.046
19/02/2020,67.1707,416.1251,227.0834,85.0983
20/02/2020,66.9732,417.9537,225.4244,84.3705
21/02/2020,66.1967,424.7286,225.9181,84.5405
24/02/2020,63.7802,432.1046,222.5733,82.6993
25/02/2020,62.6208,423.3802,222.3807,82.8791
26/02/2020,61.1255,420.2883,222.4892,82.9
27/02/2020,59.1957,419.3204,221.0434,82.1033
28/02/2020,57.0467,397.7697,219.9805,81.9924
02/03/2020,59.3301,404.8905,223.8799,82.8272
03/03/2020,59.8836,417.1505,221.8288,83.659
04/03/2020,59.9135,417.1592,222.8753,83.3829
05/03/2020,58.5695,422.9632,223.3927,82.2889
06/03/2020,54.1435,423.2438,221.1178,81.2136
09/03/2020,46.8187,422.9144,218.8112,80.0066
10/03/2020,50.5743,419.3211,219.5709,80.836
11/03/2020,49.213,414.8189,217.6929,80.0106
12/03/2020,46.7735,400.5165,213.3614,78.2509
13/03/2020,46.8891,378.3085,216.1928,77.9159
16/03/2020,43.2845,363.9333,211.612,75.6209
17/03/2020,41.6161,370.4073,206.1256,75.1396
18/03/2020,36.7341,357.2839,198.8529,75.3313
19/03/2020,40.5318,359.3764,199.0551,77.2937
20/03/2020,38.5322,361.7664,196.9714,78.6157
23/03/2020,38.342,383.1704,191.9947,80.0334
24/03/2020,39.6416,406.3624,195.309,80.7766
25/03/2020,40.1934,403.4443,196.3685,81.2322
26/03/2020,38.8491,407.7728,195.6732,80.4812
27/03/2020,38.2833,405.8298,196.5472,79.6902
30/03/2020,37.4303,401.6797,195.153,79.4892
31/03/2020,37.0283,392.3365,198.6214,79.3253
01/04/2020,35.5324,390.4529,194.4781,77.0849
02/04/2020,38.482,403.0818,196.1762,77.0601
03/04/2020,41.4671,403.9357,194.6289,76.6961
06/04/2020,41.5601,416.9765,195.715,76.9591
07/04/2020,41.6008,416.4062,198.6176,77.1982
08/04/2020,41.6582,415.2148,197.749,77.111
09/04/2020,40.61,433.4472,198.2596,77.66
10/04/2020,40.61,433.4472,198.2596,77.66
13/04/2020,41.0657,432.7444,199.8066,77.0678
14/04/2020,39.729,437.1658,202.4359,76.3192
15/04/2020,37.8078,428.0462,201.2462,76.0641
16/04/2020,38.4795,426.8657,201.4299,75.5542
17/04/2020,38.8352,418.6558,204.1871,75.6385
20/04/2020,38.3781,422.6467,204.41,75.2067
21/04/2020,33.399,414.2525,199.8701,74.5827
22/04/2020,34.9342,426.954,201.3971,75.0637
23/04/2020,34.7829,428.5053,201.4981,75.2235
24/04/2020,34.2832,426.1306,202.6925,73.9587
27/04/2020,33.0039,423.2427,203.1371,72.9567
28/04/2020,33.0099,422.8572,203.696,73.0849
29/04/2020,33.4914,421.0123,204.9538,73.3731
30/04/2020,35.7477,415.476,203.1601,74.8285
01/05/2020,35.3272,416.667,200.5851,74.6665
04/05/2020,36.4685,418.5013,199.7189,73.7877
05/05/2020,39.5933,419.4665,201.3018,74.3906
06/05/2020,37.6271,414.5307,203.6302,73.6066
07/05/2020,37.2398,424.8602,205.6109,74.1606
08/05/2020,37.8189,423.4689,206.494,74.6818
11/05/2020,37.0748,419.8346,206.548,74.4323
12/05/2020,36.2511,421.4135,204.5724,74.4217
13/05/2020,34.8548,423.1702,203.3749,73.3569
14/05/2020,36.1629,430.5738,202.3241,73.5147
15/05/2020,36.6237,438.1558,200.8708,73.6485
18/05/2020,39.2636,435.7711,206.9102,74.1257
19/05/2020,39.3664,440.1033,208.0104,74.0918
20/05/2020,39.5031,442.2796,210.8713,74.5986
21/05/2020,39.231,433.3022,209.3693,74.006
22/05/2020,38.9993,438.2254,205.879,73.5816
25/05/2020,38.9993,438.2254,205.879,73.5816
26/05/2020,40.1356,432.6617,207.5362,74.2179
27/05/2020,38.7466,433.1564,204.5544,74.0129
28/05/2020,38.5262,434.4657,206.6979,74.3237
29/05/2020,39.8062,441.7317,208.7755,74.152
01/06/2020,39.3003,443.0243,211.3516,74.2675
02/06/2020,40.3508,437.0256,212.982,74.5185
03/06/2020,40.7853,429.6943,213.6249,75.1436
04/06/2020,40.9345,434.7459,213.7211,75.9455
05/06/2020,42.2394,423.0095,217.6166,76.2103
08/06/2020,41.4979,429.4651,218.3107,76.08
09/06/2020,41.7134,432.3531,218.5647,75.6294
10/06/2020,42.1109,432.0801,221.6168,75.6888
11/06/2020,40.2912,436.3521,217.1012,75.2792
12/06/2020,39.6935,433.8495,216.5288,75.2022
15/06/2020,39.919,431.3934,215.4928,75.068
16/06/2020,40.3393,434.442,217.2302,74.9577
17/06/2020,40.3772,434.9127,218.3807,75.0885
18/06/2020,40.873,432.7482,219.115,74.7232
19/06/2020,41.4357,438.8386,219.5031,74.9378
22/06/2020,41.8638,441.7898,220.7591,74.8435
23/06/2020,41.3776,445.7191,219.9164,74.4717
24/06/2020,39.6688,442.2878,218.3392,74.0029
25/06/2020,39.1478,442.5308,218.8201,73.6412
26/06/2020,38.8065,445.0436,220.3286,72.8755
29/06/2020,40.6047,444.7336,221.7952,73.8916
30/06/2020,40.6733,451.3567,223.0919,75.4784
01/07/2020,40.5551,445.2114,223.3092,77.0519
02/07/2020,41.6994,447.7426,224.127,76.4552
03/07/2020,41.6994,447.7426,224.127,76.4552
06/07/2020,42.5464,449.6965,226.809,76.475
07/07/2020,42.9343,453.5577,228.043,76.6083
08/07/2020,42.6002,457.9201,231.2661,76.9809
09/07/2020,41.5358,453.5898,231.5566,77.0924
10/07/2020,42.2868,453.6198,235.8233,76.2138
13/07/2020,41.6261,459.5696,239.7354,75.0176
14/07/2020,41.5766,457.9731,237.2146,74.7668
15/07/2020,42.2967,459.0844,235.3865,75.7422
16/07/2020,41.6598,455.1995,235.7998,75.9507
17/07/2020,41.4341,457.5327,234.0771,76.4519
20/07/2020,40.9844,460.8286,234.9398,75.9818
21/07/2020,42.0386,473.1296,239.0099,75.8043
22/07/2020,41.9879,485.1865,236.2162,76.7181
23/07/2020,42.3531,489.3795,239.0208,76.6016
24/07/2020,42.7195,490.2799,236.8429,76.5378
27/07/2020,42.1658,504.0726,237.735,76.8443
28/07/2020,42.4967,504.8148,238.9749,76.0279
29/07/2020,43.1544,507.4584,240.6504,76.1558
30/07/2020,41.5922,500.9693,239.6756,76.6052
31/07/2020,41.5092,508.794,238.6098,77.393
03/08/2020,44.2769,509.826,241.9064,77.3972
04/08/2020,45.2484,524.3211,242.6919,76.5172
05/08/2020,45.6798,534.0115,245.6132,76.5518
06/08/2020,45.2828,545.1294,245.9109,76.2852
07/08/2020,45.3284,532.8486,241.1716,75.2488
10/08/2020,45.1044,543.2581,243.601,75.2419
11/08/2020,45.1165,509.5392,244.4863,75.3781
12/08/2020,45.638,509.7439,244.5917,75.9196
13/08/2020,45.569,522.2224,240.0718,77.502
14/08/2020,46.2878,510.2718,241.7718,77.3542
17/08/2020,46.6105,527.3931,245.5313,78.6691
18/08/2020,47.1675,532.1758,248.991,78.4369
19/08/2020,47.0789,520.1259,252.3616,78.6568
20/08/2020,46.5855,514.5368,250.0747,78.3339
21/08/2020,46.4518,512.6412,246.7421,78.3818
24/08/2020,46.9449,510.5857,247.6878,78.4766
25/08/2020,47.171,505.7842,248.9649,79.695
26/08/2020,46.8874,517.1621,250.2289,79.7407
27/08/2020,47.3046,511.3057,251.033,80.9606
28/08/2020,47.2581,522.4828,253.7334,81.3746
31/08/2020,46.9533,527.0063,255.1696,81.6514
01/09/2020,47.0004,527.3074,255.7363,82.0341
02/09/2020,46.481,514.6414,254.4775,82.0455
03/09/2020,46.1743,510.8263,250.6591,81.5344
04/09/2020,45.8515,509.3662,253.7399,81.8474
07/09/2020,45.8515,509.3662,253.7399,81.8474
08/09/2020,43.443,512.4508,250.1412,81.9045
09/09/2020,43.9524,515.2059,250.9574,81.8074
10/09/2020,43.0197,518.051,248.945,82.2133
11/09/2020,42.6212,512.7568,251.6581,82.9488
14/09/2020,42.5488,518.24,254.0758,82.638
15/09/2020,43.0328,519.2506,253.6443,82.1125
16/09/2020,43.4432,520.1614,254.4611,83.1934
17/09/2020,43.485,514.3072,253.6666,84.2947
18/09/2020,43.8751,516.8649,255.5821,85.2012
21/09/2020,43.292,493.7453,249.6611,83.3929
22/09/2020,42.5729,493.7921,250.8346,83.4725
23/09/2020,44.0337,479.3424,246.0891,82.9928
24/09/2020,44.9013,481.458,243.6632,82.274
25/09/2020,44.3329,478.8721,244.1039,82.6705
28/09/2020,44.5289,484.4554,247.553,82.1552
29/09/2020,42.1807,492.5617,247.4531,81.9908
30/09/2020,42.4383,486.5581,248.0284,84.4641
01/10/2020,41.6176,494.2632,239.3874,84.2732
02/10/2020,40.1432,491.4797,244.3446,84.2113
05/10/2020,42.615,496.4632,244.7783,84.4855
06/10/2020,42.8588,491.2145,244.9167,85.9816
07/10/2020,42.9395,487.5281,248.0462,87.0864
08/10/2020,43.7937,488.2881,249.4014,86.647
09/10/2020,44.1186,500.2587,254.9242,87.7898
12/10/2020,44.016,501.5657,254.6813,86.1833
13/10/2020,44.2196,489.3867,253.2873,86.8062
14/10/2020,44.3359,493.1595,254.112,87.5883
15/10/2020,44.6189,492.6731,255.6901,88.5576
16/10/2020,44.5881,493.031,256.5358,88.2734
19/10/2020,44.5166,495.4662,257.7466,88.7725
20/10/2020,44.6519,497.5293,260.9118,89.2069
21/10/2020,44.3378,501.5563,263.3741,89.5939
22/10/2020,44.2709,494.1139,261.9634,90.0796
23/10/2020,43.4389,494.0741,260.332,90.6696
26/10/2020,43.0323,492.9766,257.9038,90.6154
27/10/2020,43.8873,494.9141,258.6471,90.1488
28/10/2020,42.6775,482.727,256.4642,88.4179
29/10/2020,42.0076,480.5116,255.5233,87.692
30/10/2020,42.2065,484.22,255.5653,87.7813
02/11/2020,42.1395,488.5456,257.454,88.0432
03/11/2020,41.4632,493.5148,260.3366,88.6087
04/11/2020,42.153,488.6228,261.3606,89.487
05/11/2020,41.4429,504.7729,262.0637,90.4132
06/11/2020,40.3581,507.9642,263.5036,90.2347
09/11/2020,41.7973,479.4006,264.4539,90.5181
10/11/2020,42.874,487.3718,265.3767,92.4134
11/11/2020,43.4163,483.514,264.7454,92.2487
12/11/2020,42.8485,486.0786,265.4392,91.6311
13/11/2020,42.4633,490.7707,266.5899,91.8768
16/11/2020,41.4332,491.039,269.7072,93.1779
17/11/2020,41.3329,489.7789,270.1894,93.5844
18/11/2020,41.5861,486.4142,271.8725,94.4461
19/11/2020,40.7877,482.1377,272.2648,94.0687
20/11/2020,41.3769,485.9048,276.8812,93.8826
23/11/2020,42.171,475.7295,273.1873,94.3243
24/11/2020,43.6779,467.5444,276.4156,94.3654
25/11/2020,44.4505,467.7736,275.6332,93.408
26/11/2020,44.4505,467.7736,275.6332,93.408
27/11/2020,43.6407,459.4274,281.4613,94.7415
30/11/2020,43.6662,457.7925,282.4787,92.8355
01/12/2020,43.2965,472.322,284.9037,91.8974
02/12/2020,43.0731,474.5085,283.4844,92.0763
03/12/2020,41.6648,476.9304,282.6912,92.7708
04/12/2020,42.3611,477.2583,285.511,91.9566
07/12/2020,41.1357,484.9356,284.6904,92.0494
08/12/2020,41.0694,486.4229,283.5606,91.1288
09/12/2020,41.2857,475.7338,287.4849,92.2889
10/12/2020,42.7308,476.0054,292.5848,92.5269
11/12/2020,42.7972,477.2219,287.8899,93.1583
14/12/2020,43.3645,474.7421,290.233,93.1285
15/12/2020,43.6917,482.1267,289.8162,93.7991
16/12/2020,43.8759,484.7921,290.3936,94.2391
17/12/2020,43.9243,496.2723,293.1813,95.4817
18/12/2020,44.5498,495.2828,294.624,96.0341
21/12/2020,43.8506,495.7037,290.2065,96.6569
22/12/2020,43.8149,489.2766,284.4609,97.1428
23/12/2020,43.4695,492.6293,287.6144,98.3145
24/12/2020,43.0181,493.5772,289.402,98.6194
25/12/2020,43.0181,493.5772,289.402,98.6194
28/12/2020,41.7598,495.9886,289.6937,98.2676
29/12/2020,42.6056,494.9735,286.0641,100.1691
30/12/2020,42.7024,498.7191,286.1587,101.4259
31/12/2020,43.3774,498.3011,283.3603,102.5074
01/01/2021,43.3774,498.3011,283.3603,102.5074
04/01/2021,43.1691,512.9466,289.1548,102.3705
05/01/2021,45.1108,515.7836,293.5147,104.3733
06/01/2021,45.5397,503.9311,294.9845,104.6596
07/01/2021,45.6811,505.9475,297.8911,103.7846
08/01/2021,46.2786,478.1902,293.9675,104.4582
11/01/2021,46.4651,484.2227,287.4168,104.1153
12/01/2021,47.0689,483.5786,290.9117,107.0948
13/01/2021,46.8248,486.3238,290.9435,107.2843
14/01/2021,46.815,486.6304,293.3868,109.4651
15/01/2021,46.4119,478.2498,289.0001,108.8158
18/01/2021,46.4119,478.2498,289.0001,108.8158
19/01/2021,46.0087,482.2743,289.0251,107.4088
20/01/2021,46.1427,489.4936,290.8045,106.8427
21/01/2021,45.9042,489.6851,291.7523,106.9424
22/01/2021,45.2632,486.5112,290.8555,103.3708
25/01/2021,46.1749,486.0262,291.3624,104.9272
26/01/2021,46.3558,485.4025,289.7539,107.0327
27/01/2021,46.7571,483.5721,284.8273,107.2397
28/01/2021,46.3227,484.2689,284.9415,106.1053
29/01/2021,45.7505,490.3283,283.4171,107.4357
01/02/2021,47.8501,503.7188,283.0511,107.5859
02/02/2021,48.6016,484.7246,282.054,106.7752
03/02/2021,48.9184,487.1371,284.0811,107.6437
04/02/2021,49.7862,475.4346,284.8187,107.6329
05/02/2021,49.8527,483.1975,289.6763,107.6401
08/02/2021,50.6298,489.8615,291.355,109.2976
09/02/2021,50.674,489.8133,295.3665,109.52
10/02/2021,51.1285,489.5092,299.3391,106.74
11/02/2021,50.7077,486.1534,300.596,107.4105
12/02/2021,51.5144,486.597,302.1737,107.4512
15/02/2021,51.5144,486.597,302.1737,107.4512
16/02/2021,52.5514,481.6807,303.8514,109.5602
17/02/2021,53.2884,476.3099,304.3208,109.4446
18/02/2021,52.8196,475.7439,309.4069,109.9822
19/02/2021,52.3862,476.9744,315.7466,109.8751
22/02/2021,53.4211,486.8301,319.2625,111.6895
23/02/2021,53.2013,484.6727,318.1292,112.4335
24/02/2021,53.8733,483.8361,323.7276,113.805
25/02/2021,53.8591,478.2332,324.0714,112.5158
26/02/2021,52.7945,463.4828,312.1486,111.4674
01/03/2021,52.39,463.3146,312.4501,110.2708
02/03/2021,52.1392,466.3218,319.5051,111.3795
03/03/2021,52.7768,460.6182,311.7787,110.1763
04/03/2021,53.9725,453.6227,300.8579,110.1039
05/03/2021,55.2008,452.4381,305.8165,111.187
08/03/2021,54.46,448.186,306.0015,111.1995
09/03/2021,54.0211,459.9624,302.6921,111.3642
10/03/2021,54.3631,460.7213,302.9279,110.1333
11/03/2021,55.2688,461.135,308.0727,110.9127
12/03/2021,54.8954,459.3727,306.7837,110.7765
15/03/2021,54.0737,462.8794,310.3872,111.4093
16/03/2021,54.1068,461.9567,306.6475,111.9831
17/03/2021,53.6059,461.3782,309.1275,111.4038
18/03/2021,50.812,463.7158,307.4478,109.4004
19/03/2021,51.6823,465.4768,311.3073,110.2936
22/03/2021,52.0713,462.4294,313.3809,110.1422
23/03/2021,49.718,457.5152,308.0692,110.3625
24/03/2021,51.6949,459.1563,308.4952,110.5303
25/03/2021,50.3201,456.7126,304.844,108.5583
26/03/2021,51.8561,458.4987,311.3792,108.3055
29/03/2021,52.2528,452.9663,308.5788,107.696
30/03/2021,51.6863,444.4756,304.3931,105.6961
31/03/2021,50.8922,452.1574,304.5768,109.4837
01/04/2021,52.1891,456.518,304.443,107.6148
02/04/2021,52.1891,456.518,304.443,107.6148
05/04/2021,50.1805,455.8886,308.5384,107.7925
06/04/2021,50.3164,460.6647,312.1394,108.7766
07/04/2021,50.6916,460.4655,309.9902,108.7595
08/04/2021,50.7198,465.2671,312.9677,110.2419
09/04/2021,50.6628,461.4471,309.58,110.1455
12/04/2021,51.0528,457.0522,305.9241,108.8368
13/04/2021,51.5141,462.4489,308.192,110.0031
14/04/2021,53.2087,460.5676,313.4404,112.1928
15/04/2021,53.5171,468.616,317.3902,112.9917
16/04/2021,53.5112,471.9367,314.8045,113.2106
19/04/2021,53.8326,468.8588,316.479,113.5338
20/04/2021,53.345,470.4504,314.073,115.5149
21/04/2021,52.5562,476.5292,318.5595,117.3922
22/04/2021,52.8216,472.6383,318.1039,120.7295
23/04/2021,53.1601,471.3417,321.4719,121.2167
26/04/2021,53.2248,472.3726,328.0009,124.5113
27/04/2021,54.0478,472.9687,329.8906,124.6636
28/04/2021,54.7959,470.5688,331.5414,123.2515
29/04/2021,55.23,469.2929,331.406,122.4714
30/04/2021,54.4916,468.2737,331.4331,124.8642
03/05/2021,55.2305,477.7679,333.1129,124.1278
04/05/2021,56.0236,472.8596,334.9472,125.8092
05/05/2021,55.9852,474.3916,335.518,127.8736
06/05/2021,55.3972,484.8078,339.7479,129.8147
07/05/2021,55.6883,487.9736,347.7679,131.1268
10/05/2021,55.6249,489.3159,345.0463,128.8664
11/05/2021,55.9554,489.7364,346.741,130.8442
12/05/2021,56.5784,485.2489,343.1303,130.6275
13/05/2021,55.1902,484.7258,338.2778,125.7332
14/05/2021,56.0001,488.8388,338.7161,124.6218
17/05/2021,57.1912,498.6868,344.3679,125.1425
18/05/2021,56.5242,499.038,345.0029,125.725
19/05/2021,54.9822,500.4316,334.0255,123.5779
20/05/2021,54.0437,500.7109,332.9532,123.3317
21/05/2021,54.7151,497.2392,328.7501,122.6389
24/05/2021,55.9243,500.594,331.0127,122.1931
25/05/2021,56.009,504.0311,330.3748,120.6147
26/05/2021,56.4342,503.943,332.5486,120.368
27/05/2021,56.4085,503.1352,343.1025,123.8439
28/05/2021,56.2772,504.8272,344.1724,123.6922
31/05/2021,56.2772,504.8272,344.1724,123.6922
01/06/2021,57.6378,505.1396,343.029,126.6948
02/06/2021,58.1518,506.5649,340.9941,126.8287
03/06/2021,57.975,496.0685,332.7607,124.9652
04/06/2021,58.6389,501.633,337.5154,127.9912
07/06/2021,58.2956,503.5288,335.6192,126.477
08/06/2021,58.9783,501.422,338.0961,127.4371
09/06/2021,58.9518,502.7901,338.2438,127.3809
10/06/2021,59.2289,503.0981,337.55,127.7938
11/06/2021,59.8986,500.1896,339.4422,126.0206
14/06/2021,60.1898,496.9653,340.9821,122.4536
15/06/2021,60.1776,493.5849,332.1622,120.8374
16/06/2021,60.3683,495.0979,333.3213,119.5176
17/06/2021,59.5837,469.2708,321.1124,113.1906
18/06/2021,59.7501,468.5904,317.9476,117.2401
21/06/2021,60.445,471.6458,320.38,117.8473
22/06/2021,60.8701,469.8251,323.5324,116.0467
23/06/2021,61.4991,472.1163,328.5834,116.8386
24/06/2021,61.9852,470.4923,329.5788,116.3854
25/06/2021,62.595,470.8724,331.1084,114.8158
28/06/2021,62.2073,472.0034,330.2589,118.4807
29/06/2021,62.4778,467.0447,333.5315,118.3627
30/06/2021,62.7161,469.9063,333.2265,123.4613
01/07/2021,63.5556,470.5634,330.053,122.7865
02/07/2021,63.9532,473.5778,333.7724,122.1931
05/07/2021,63.9532,473.5778,333.7724,122.1931
06/07/2021,62.5222,474.4068,330.7536,116.0234
07/07/2021,61.7025,475.8184,332.8872,116.3377
08/07/2021,62.6457,474.8333,328.5307,115.6549
09/07/2021,63.5725,477.9858,335.2321,115.7525
12/07/2021,63.6785,477.0569,333.2208,117.8714
13/07/2021,64.2208,477.4613,334.81,118.1549
14/07/2021,63.0893,481.0721,332.5038,120.5771
15/07/2021,62.0944,482.4016,335.2093,121.0187
16/07/2021,62.4162,477.0398,335.6481,122.2497
19/07/2021,59.7728,473.0988,327.4575,120.3508
20/07/2021,60.6573,472.875,331.0907,122.9661
21/07/2021,62.8722,472.3952,329.8798,124.0084
22/07/2021,64.0105,473.2921,334.045,123.8721
23/07/2021,64.4624,472,338.3876,122.8181
26/07/2021,64.7229,471.855,346.1044,124.7375
27/07/2021,63.9941,469.152,342.3753,124.0816
28/07/2021,64.3956,470.2369,343.0537,124.6604
29/07/2021,65.5924,480.373,347.9272,125.5264
30/07/2021,65.1228,475.6173,346.407,122.2567
02/08/2021,63.6996,476.7493,346.094,123.0588
03/08/2021,63.7994,475.1404,341.4833,121.8463
04/08/2021,63.2021,474.711,338.8912,121.6224
05/08/2021,63.7223,472.8648,341.9541,122.5048
06/08/2021,63.2655,459.5178,339.7595,122.9998
09/08/2021,61.8445,447.6498,334.5721,122.322
10/08/2021,63.0193,449.2218,339.2831,124.0381
11/08/2021,63.3727,454.0002,342.2089,124.4742
12/08/2021,62.771,452.1338,341.6237,126.1883
13/08/2021,62.0317,460.2729,343.9496,127.2883
16/08/2021,61.6812,462.6507,341.9154,127.1922
17/08/2021,60.8617,461.6899,337.3599,125.7354
18/08/2021,60.3796,460.0027,331.8199,125.7062
19/08/2021,59.0005,458.9344,327.2168,123.2454
20/08/2021,58.2968,458.615,329.1718,120.947
23/08/2021,60.8649,465.4204,335.2902,121.3527
24/08/2021,61.9509,466.8539,339.2387,123.4738
25/08/2021,62.6506,462.8293,340.2154,123.8937
26/08/2021,63.2216,462.7256,338.1451,123.9522
27/08/2021,64.8312,469.8113,342.01,124.4936
30/08/2021,64.8585,467.8978,343.2155,123.8418
31/08/2021,64.8415,469.0918,347.5468,122.3218
01/09/2021,65.8335,469.5752,342.6341,120.9867
02/09/2021,66.9529,467.3865,343.8053,121.5163
03/09/2021,66.9627,475.6091,347.1874,121.7053
06/09/2021,66.9627,475.6091,347.1874,121.7053
07/09/2021,65.6726,466.6804,347.126,120.3335
08/09/2021,67.74,464.3315,348.1804,119.6961
09/09/2021,67.6469,466.1577,353.0872,118.2748
10/09/2021,68.0587,463.391,362.5793,118.6194
13/09/2021,69.8203,463.419,356.4591,118.4898
14/09/2021,70.0224,466.3642,351.5962,119.1676
15/09/2021,72.1188,463.5221,358.0919,121.0896
16/09/2021,71.5207,451.565,352.5559,120.6545
17/09/2021,70.2054,448.5643,352.0069,119.688
20/09/2021,68.6771,450.5127,344.8774,117.722
21/09/2021,68.0041,455.144,342.972,117.8573
22/09/2021,69.1005,456.5153,352.2465,119.4141
23/09/2021,70.7122,449.6871,354.0283,120.7693
24/09/2021,71.8757,448.9997,355.0659,121.2619
27/09/2021,75.214,450.1972,351.2156,121.8094
28/09/2021,75.6849,446.3063,351.5679,121.421
29/09/2021,73.8151,439.2082,347.7881,121.6871
30/09/2021,75.8793,448.4788,340.069,122.1932
01/10/2021,75.3365,450.8266,342.6639,123.5013
04/10/2021,77.2768,453.1448,347.0075,122.6506
05/10/2021,80.7748,451.6381,347.2309,122.6617
06/10/2021,76.8579,451.4998,344.294,122.4258
07/10/2021,77.3523,451.5062,350.0118,123.2637
08/10/2021,77.3685,451.341,356.6198,123.2697
11/10/2021,77.1193,450.8298,364.4818,122.9816
12/10/2021,77.76,450.9211,363.8351,121.9346
13/10/2021,78.2011,460.8519,371.8775,120.4962
14/10/2021,79.1206,462.7957,380.7721,121.3536
15/10/2021,78.6998,456.2683,393.4094,122.1044
18/10/2021,76.8026,455.3855,391.0552,122.2309
19/10/2021,77.6733,458.9701,384.468,122.3852
20/10/2021,78.6256,464.2562,387.6299,124.407
21/10/2021,77.3954,462.4892,370.707,122.4038
22/10/2021,78.3202,466.5806,367.2196,122.9714
25/10/2021,81.3024,469.3104,370.29,124.0429
26/10/2021,81.3456,464.4729,365.8629,124.6267
27/10/2021,80.9923,466.0008,353.7247,124.9122
28/10/2021,78.8949,466.4705,358.7454,125.2553
29/10/2021,77.444,461.9665,355.4214,125.7848
01/11/2021,76.9548,464.8993,356.493,127.6643
02/11/2021,78.547,461.216,354.0136,127.4646
03/11/2021,77.4438,454.893,349.3516,126.6149
04/11/2021,76.8138,463.7521,343.771,125.4207
05/11/2021,77.18,469.5047,344.9952,124.2387
08/11/2021,77.0015,473.3982,350,123.3715
09/11/2021,75.955,473.0117,346.9602,125.2057
10/11/2021,74.2324,478.4887,347.7988,126.2856
11/11/2021,75.4941,483.8952,352.8778,127.5503
12/11/2021,73.3473,484.9904,356.2788,129.3334
15/11/2021,74.2829,483.6657,351.3165,129.7689
16/11/2021,75.3368,480.4624,346.3784,129.2966
17/11/2021,72.4289,484.6597,344.9994,131.6632
18/11/2021,73.251,481.7739,346.1538,130.4182
19/11/2021,72.2976,479.326,354.034,130.4663
22/11/2021,71.7048,468.1648,357.6673,131.5169
23/11/2021,73.7779,459.892,356.4561,133.0364
24/11/2021,74.1071,460.1993,361.0143,132.6453
25/11/2021,74.1071,460.1993,361.0143,132.6453
26/11/2021,69.4695,458.7526,347.2004,131.0656
29/11/2021,67.7887,456.9756,349.9407,128.8146
30/11/2021,64.1766,455.0627,347.1299,125.3273
01/12/2021,62.756,454.6325,347.982,125.8181
02/12/2021,62.2298,450.1726,345.68,127.431
03/12/2021,62.5955,455.1516,346.2665,128.9178
06/12/2021,62.2148,453.3456,346.3406,129.8185
07/12/2021,64.0175,455.4928,350.269,129.1918
08/12/2021,64.8696,455.2715,353.6765,129.1876
09/12/2021,64.2524,451.7281,350.8906,128.4616
10/12/2021,65.0274,454.1324,348.8498,127.9288
13/12/2021,64.1976,455.4022,350.4445,127.5568
14/12/2021,63.5751,450.4674,347.5899,128.0459
15/12/2021,63.8269,447.2946,342.504,127.0576
16/12/2021,64.5357,458.0662,353.3449,128.4951
17/12/2021,63.2209,459.6228,354.8294,128.369
20/12/2021,62.3552,456.5239,351.0487,127.066
21/12/2021,64.0511,456.3362,358.231,129.2534
22/12/2021,65.2283,460.2871,365.5598,131.479
23/12/2021,65.0765,462.7173,366.6233,131.8165
24/12/2021,65.0765,462.7173,366.6233,131.8165
27/12/2021,67.3189,462.3419,368.8308,132.8078
28/12/2021,67.4142,463.3237,367.7502,131.3218
29/12/2021,67.4531,461.1857,366.5476,132.0552
30/12/2021,66.557,463.7152,367.2666,130.4868
31/12/2021,65.9886,467.8768,369.3371,129.8464
03/01/2022,67.2371,459.8373,368.1751,129.6914
04/01/2022,67.4366,463.805,373.535,132.8483
05/01/2022,68.604,466.4081,373.2356,132.287
06/01/2022,69.1706,455.0248,370.0089,131.3979
07/01/2022,69.2601,457.6058,371.9684,132.9959
10/01/2022,69.3362,458.1221,369.937,131.517
11/01/2022,71.7024,463.6127,378.2044,132.3581
12/01/2022,74.1847,467.1934,383.6632,132.8896
13/01/2022,72.4687,465.832,382.3052,130.732
14/01/2022,73.7768,463.6874,378.8014,131.0571
17/01/2022,73.7768,463.6874,378.8014,131.0571
18/01/2022,74.4724,465.7279,379.9492,131.643
19/01/2022,74.0014,475.2704,387.232,134.7946
20/01/2022,72.9553,477.5441,396.2946,135.7174
21/01/2022,73.3593,473.5139,392.6741,134.7913
24/01/2022,72.7312,472.9093,383.0643,134.8224
25/01/2022,74.0044,475.4678,385.6735,135.6432
26/01/2022,75.8862,470.5953,389.7122,136.5683
27/01/2022,76.8808,457.893,386.7612,135.9345
28/01/2022,78.8731,454.4291,382.2424,137.6734
31/01/2022,80.502,456.7797,380.271,137.3975
01/02/2022,80.0221,458.7609,385.6768,139.7813
02/02/2022,83.9864,461.013,386.0587,138.8688
03/02/2022,82.0334,458.1857,387.0365,138.9592
04/02/2022,81.7046,459.3948,389.196,139.8123
07/02/2022,79.6675,465.0633,392.1616,141.2286
08/02/2022,78.4113,466.8541,390.8525,141.1803
09/02/2022,77.7401,469.234,400.4988,143.58
10/02/2022,77.6061,470.2887,403.927,142.1283
11/02/2022,79.0285,470.4618,392.5565,143.4966
14/02/2022,81.1937,478.0847,394.5438,142.8488
15/02/2022,79.6249,473.0503,395.7712,140.9898
16/02/2022,82.1607,477.3056,398.0091,142.6938
17/02/2022,80.4383,484.512,400.0745,143.3804
18/02/2022,80.4686,484.6645,400.0692,143.6467
21/02/2022,80.4686,484.6645,400.0692,143.6467
22/02/2022,82.1899,487.7187,403.5669,147.3101
23/02/2022,82.9911,489.4933,401.0912,149.9591
24/02/2022,84.1554,493.1161,406.5408,150.6532
25/02/2022,82.1663,482.2471,404.3515,144.5219
28/02/2022,84.0987,486.5065,404.4809,149.5904
01/03/2022,89.3371,500.6067,417.0312,155.3559
02/03/2022,95.1028,494.7375,427.3071,156.0759
03/03/2022,94.0649,497.4739,440.5672,158.9925
04/03/2022,100.251,506.2399,459.1098,160.9663
07/03/2022,102.432,511.5669,510.8944,162.8597
08/03/2022,104.8493,526.4983,502.0096,164.4346
09/03/2022,94.4008,510.5808,488.3234,160.1314
10/03/2022,92.4594,515.171,492.145,159.2017
11/03/2022,95.0782,511.7833,492.2528,160.1417
14/03/2022,91.3034,502.959,483.0965,158.7902
15/03/2022,87.0815,496.3442,481.2018,159.7537
16/03/2022,87.3368,490.2186,475.8657,156.1894
17/03/2022,94.1485,501.2084,472.2375,158.4833
18/03/2022,94.4533,495.8597,457.2073,157.3719
21/03/2022,98.8252,497.1626,446.0776,160.9267
22/03/2022,100.242,493.5983,433.4045,160.8726
23/03/2022,104.2152,498.069,459.3107,161.9569
24/03/2022,103.8185,506.5046,470.9675,160.2452
25/03/2022,105.3885,503.4901,464.1277,161.8106
28/03/2022,99.907,498.5413,456.552,158.4722
29/03/2022,97.5014,491.1442,446.2766,154.912
30/03/2022,101.2133,497.0518,457.1541,157.354
31/03/2022,97.6027,500.0486,453.2837,155.6968
01/04/2022,98.0647,491.864,457.1639,153.5374
04/04/2022,100.421,493.5588,460.3898,156.168
05/04/2022,101.0391,492.0402,459.87,158.5839
06/04/2022,97.952,490.8278,457.178,157.5036
07/04/2022,98.8309,495.0316,452.7505,157.7677
08/04/2022,99.9546,496.9772,455.336,161.355
11/04/2022,99.7178,498.2923,444.5196,161.3466
12/04/2022,103.7906,507.3595,449.2457,163.2206
13/04/2022,108.0466,510.5002,451.6692,163.9683
14/04/2022,111.6894,507.0125,453.3286,163.7904
15/04/2022,111.6894,507.0125,453.3286,163.7904
18/04/2022,115.3059,511.4875,455.7589,166.7496
19/04/2022,108.3771,502.4978,456.1741,165.1999
20/04/2022,107.7694,501.2505,452.0659,166.0604
21/04/2022,108.701,496.6282,456.5744,165.5883
22/04/2022,105.5368,492.0757,448.3534,163.9535
25/04/2022,103.9553,481.8443,431.9528,163.1393
26/04/2022,106.8787,482.7284,432.5503,164.0336
27/04/2022,109.5566,479.3561,435.4181,165.3922
28/04/2022,108.9492,478.2762,429.1511,165.8631
29/04/2022,110.7859,481.746,424.675,164.5716
02/05/2022,112.4929,470.0531,420.5325,162.0777
03/05/2022,113.3199,471.8117,410.2838,160.8315
04/05/2022,118.8861,470.184,412.3657,162.6278
05/05/2022,121.1071,471.7268,406.797,163.4189
06/05/2022,117.9921,472.7331,400.5864,161.5243
09/05/2022,108.6601,465.4176,386.0085,158.6787
10/05/2022,108.8365,460.105,385.1732,159.1134
11/05/2022,113.4464,463.2888,387.2276,161.8754
12/05/2022,113.9763,453.7265,379.8381,163.5701
13/05/2022,115.9591,451.6279,381.0559,164.9465
16/05/2022,118.7522,455.434,382.3873,169.4191
17/05/2022,119.2534,457.3837,387.5476,170.4003
18/05/2022,117.2557,455.8106,383.0809,166.6133
19/05/2022,118.6452,462.4893,396.7215,166.8031
20/05/2022,117.7115,461.4708,396.8084,166.1097
23/05/2022,121.3363,462.8084,399.9622,166.1919
24/05/2022,121.4599,467.8525,393.1241,164.6226
25/05/2022,122.9196,463.2875,390.5761,164.2116
26/05/2022,124.7176,464.0361,391.366,165.3176
27/05/2022,124.7696,465.3457,398.8074,166.3061
30/05/2022,124.7696,465.3457,398.8074,166.3061
31/05/2022,122.3069,461.689,397.2773,161.3971
01/06/2022,126.5069,462.8745,394.1273,159.7095
02/06/2022,126.4496,469.0184,400.8004,161.7864
03/06/2022,128.3673,463.1573,398.4191,159.9589
06/06/2022,132.6616,462.8536,404.3626,162.2732
07/06/2022,132.675,464.9064,401.9116,162.5763
08/06/2022,130.9464,465.3551,402.4021,163.7095
09/06/2022,132.7494,463.2955,394.3561,165.1672
10/06/2022,131.1365,468.2325,385.2222,163.792
13/06/2022,129.3034,456.5702,375.027,162.0421
14/06/2022,121.1139,451.5752,368.9658,160.9849
15/06/2022,121.3245,455.0229,372.811,160.453
16/06/2022,122.2378,463.1842,364.8437,162.497
17/06/2022,115.4007,459.977,361.8936,160.4747
20/06/2022,115.4007,459.977,361.8936,160.4747
21/06/2022,115.7971,460.5487,366.1821,156.6958
22/06/2022,114.6034,458.7572,355.577,154.5337
23/06/2022,110.2784,455.1346,347.2908,148.4651
24/06/2022,111.8515,455.5853,338.2417,148.7669
27/06/2022,113.7387,454.729,341.0983,147.4557
28/06/2022,115.0112,452.514,342.6294,149.2817
29/06/2022,113.4208,451.1673,344.5222,150.4184
30/06/2022,104.4544,447.3346,333.8323,146.7872
01/07/2022,108.301,442.8807,325.2441,142.1612
04/07/2022,108.301,442.8807,325.2441,142.1612
05/07/2022,100.743,433.0585,319.7271,135.8335
06/07/2022,98.6175,427.9978,317.6568,135.7611
07/07/2022,106.096,428.7776,325.0621,139.7885
08/07/2022,105.6658,429.5354,323.3299,144.4193
11/07/2022,108.0832,427.0607,318.4931,143.3615
12/07/2022,101.8293,424.9195,311.597,136.9044
13/07/2022,105.229,428.1447,310.514,137.6368
14/07/2022,103.8651,417.7865,299.3848,136.0017
15/07/2022,107.5815,418.9966,300.9909,136.4984
18/07/2022,112.4792,421.4122,313.1856,140.7252
19/07/2022,111.4377,420.8039,308.9878,138.669
20/07/2022,115.1784,418.6296,314.9262,137.5925
21/07/2022,112.4533,421.5017,313.2425,134.8863
22/07/2022,114.0386,423.7055,320.111,132.8481
25/07/2022,117.2574,420.8209,318.1428,135.059
26/07/2022,118.2809,421.5914,318.6417,138.7878
27/07/2022,118.6013,422.2812,321.0672,140.0227
28/07/2022,115.9621,434.5386,326.415,143.0545
29/07/2022,117.4237,438.5773,339.2736,143.7762
01/08/2022,114.5545,440.5999,336.6953,140.2223
02/08/2022,111.5633,439.9258,331.4275,138.0579
03/08/2022,112.8178,436.2225,327.5227,137.4788
04/08/2022,110.2236,443.189,332.3367,140.6276
05/08/2022,109.95,438.8564,335.8068,140.4105
08/08/2022,107.9843,445.3806,335.3345,140.2064
09/08/2022,110.0268,446.1232,338.6506,141.9364
10/08/2022,113.113,447.683,344.889,143.6382
11/08/2022,118.3764,444.5728,353.0741,145.9845
12/08/2022,117.1372,447.8727,344.8681,147.4774
15/08/2022,115.2655,442.5414,338.0226,145.3587
16/08/2022,117.1645,439.9577,341.2669,142.6883
17/08/2022,117.9754,435.7603,336.3428,142.077
18/08/2022,119.443,433.3981,336.3199,141.0199
19/08/2022,120.7033,429.9312,338.6745,142.7129
22/08/2022,122.4716,426.3024,338.9055,145.0255
23/08/2022,121.9297,429.4659,339.0979,147.908
24/08/2022,123.8298,428.8397,337.4108,148.9717
25/08/2022,122.889,431.6742,340.8318,146.7479
26/08/2022,122.801,425.9447,343.1549,149.8102
29/08/2022,125.0004,425.2678,340.6449,150.8812
30/08/2022,119.7364,420.8751,332.6516,149.2279
31/08/2022,118.572,417.0048,330.2686,148.9135
01/09/2022,117.1039,412.7562,316.8866,145.3295
02/09/2022,115.1219,416.379,315.1383,146.9655
05/09/2022,115.1219,416.379,315.1383,146.9655
06/09/2022,111.408,414.7908,319.4968,145.9645
07/09/2022,107.226,419.3903,316.7247,145.5784
08/09/2022,108.0408,418.8599,321.3959,145.2207
09/09/2022,110.6177,422.0861,328.1929,148.7755
12/09/2022,112.9307,429.818,335.0276,151.9105
13/09/2022,112.5251,423.6169,334.2622,150.9019
14/09/2022,116.9109,422.4464,331.5236,149.5046
15/09/2022,109.6013,414.9354,327.5927,148.6442
16/09/2022,106.7195,416.7037,330.3002,148.5594
19/09/2022,107.4403,415.6847,330.0589,148.2024
20/09/2022,106.7793,413.5093,330.4575,151.832
21/09/2022,106.5507,415.8778,327.1709,151.194
22/09/2022,103.8288,417.6185,327.2565,151.7112
23/09/2022,99.4144,409.322,315.2494,148.1323
26/09/2022,97.9883,403.0835,307.2036,146.1671
27/09/2022,98.1382,402.9577,303.6098,146.3718
28/09/2022,101.834,412.1211,305.9007,147.7019
29/09/2022,100.7739,411.0695,313.8381,147.3712
30/09/2022,98.8528,413.3565,309.5715,146.4908
03/10/2022,100.0459,426.7929,311.7451,146.6199
04/10/2022,104.7248,434.7872,323.0827,147.8384
05/10/2022,106.8689,430.2551,325.3636,147.6515
06/10/2022,108.0819,430.8624,325.5939,146.259
07/10/2022,109.6666,426.7177,318.316,147.5647
10/10/2022,106.6428,417.1702,317.4511,150.2384
11/10/2022,105.8372,418.6536,315.7502,149.0878
12/10/2022,104.3912,414.3784,317.4715,148.5101
13/10/2022,107.399,414.2252,320.2654,148.7871
14/10/2022,104.2805,404.7312,316.6495,146.6234
17/10/2022,102.6639,410.9181,311.4514,146.5788
18/10/2022,100.1389,408.806,309.6624,145.9175
19/10/2022,99.4332,403.5247,308.6402,145.5635
20/10/2022,98.6379,405.6827,315.0393,146.4868
21/10/2022,97.0521,411.3149,315.3811,147.1148
24/10/2022,98.8319,411.6267,314.6492,145.5803
25/10/2022,101.4275,413.2054,314.1832,146.0773
26/10/2022,102.7844,416.0737,325.0066,145.6645
27/10/2022,102.1538,415.4679,321.505,145.1477
28/10/2022,100.4652,409.8184,312.6852,144.4454
31/10/2022,103.1954,409.0309,307.8464,148.0763
01/11/2022,101.0709,413.4939,318.3533,149.8311
02/11/2022,105.2318,413.2406,320.3853,149.2187
03/11/2022,103.5124,408.812,314.6008,147.7171
04/11/2022,108.336,424.2848,332.2481,149.8399
07/11/2022,110.4685,425.8415,328.1045,148.9039
08/11/2022,104.9621,435.5649,334.7037,147.7987
09/11/2022,101.1051,434.3178,333.8697,147.4481
10/11/2022,103.454,443.8573,340.6209,146.2548
11/11/2022,102.854,446.7546,356.2433,147.986
14/11/2022,101.5285,450.4699,362.1719,147.5233
15/11/2022,102.7884,447.8829,365.4519,149.0723
16/11/2022,103.3002,447.9763,353.2233,147.2976
17/11/2022,101.8719,442.7679,340.5535,145.5891
18/11/2022,100.8404,441.2942,342.3456,146.0834
21/11/2022,103.4556,438.0435,334.5045,145.955
22/11/2022,105.3717,438.9478,341.0759,145.7717
23/11/2022,105.2646,441.5184,340.7025,146.4325
24/11/2022,105.2646,441.5184,340.7025,146.4325
25/11/2022,101.8112,443.6331,337.4232,145.9389
28/11/2022,101.1005,438.8473,338.0493,146.3567
29/11/2022,102.0353,442.0244,343.435,146.624
30/11/2022,102.4323,443.0344,352.5867,147.6329
01/12/2022,101.351,458.8421,358.2199,145.0132
02/12/2022,97.4455,459.8224,365.4232,143.1328
05/12/2022,91.2194,450.5044,363.3811,141.9506
06/12/2022,88.2806,450.3682,366.2341,142.2741
07/12/2022,88.059,456.2763,374.2471,143.3394
08/12/2022,89.0504,458.5839,371.1587,143.9674
09/12/2022,90.3367,462.702,369.3637,143.5119
12/12/2022,93.5807,457.809,365.5146,144.1456
13/12/2022,97.3207,467.0942,365.4574,145.5065
14/12/2022,96.4576,466.5608,364.5242,145.7277
15/12/2022,96.6922,456.6312,357.1192,145.8082
16/12/2022,93.8583,459.1748,353.6636,145.6025
19/12/2022,92.1927,458.2289,350.3722,144.7299
20/12/2022,89.9933,468.8406,356.4272,146.6095
21/12/2022,91.577,468.52,359.9392,148.0575
22/12/2022,88.8336,460.0035,356.4694,147.1002
23/12/2022,90.6795,463.2245,358.8128,148.555
26/12/2022,90.6795,463.2245,358.8128,148.555
27/12/2022,91.8572,468.5264,359.9371,148.5856
28/12/2022,89.2978,465.3358,363.3683,150.0811
29/12/2022,88.4857,469.3586,362.743,149.7231
30/12/2022,89.8869,468.4252,360.477,150.0333
02/01/2023,89.8869,468.4252,360.477,150.0333
03/01/2023,84.4829,473.4342,360.9213,147.8255
04/01/2023,82.1218,474.6373,354.0522,145.3137
05/01/2023,80.5642,468.5135,349.8383,144.9675
06/01/2023,80.5506,476.8985,355.4569,145.8416
09/01/2023,82.2684,478.0871,365.8454,145.6073
10/01/2023,81.2759,476.9005,367.2986,144.8193
11/01/2023,83.4393,476.5459,371.5516,144.903
12/01/2023,84.5065,482.9523,374.6284,146.9962
13/01/2023,84.6332,489.1931,378.8288,147.5429
16/01/2023,84.6332,489.1931,378.8288,147.5429
17/01/2023,85.3193,485.7383,379.0287,149.1938
18/01/2023,84.2588,483.2726,384.6573,148.7057
19/01/2023,85.1058,487.6315,386.5999,147.3667
20/01/2023,85.7771,488.8306,385.5707,147.2493
23/01/2023,87.6346,487.3349,385.0346,146.2109
24/01/2023,85.1852,489.6271,387.7357,146.8527
25/01/2023,83.7781,491.9834,389.5551,147.7901
26/01/2023,84.0427,489.9519,391.1725,150.3326
27/01/2023,82.956,487.9408,386.4102,150.3071
30/01/2023,80.2248,487.405,385.6614,151.7688
31/01/2023,81.1878,489.1334,389.7246,153.4657
01/02/2023,77.5445,487.6491,382.4706,152.0121
02/02/2023,76.8218,485.4099,383.1342,152.788
03/02/2023,74.461,469.2866,374.2504,151.5659
06/02/2023,75.0512,469.2445,366.8654,150.8576
07/02/2023,78.2987,470.0535,367.8976,151.2257
08/02/2023,77.9186,472.395,365.3257,151.8943
09/02/2023,77.5065,468.7832,371.585,151.2628
10/02/2023,79.5122,467.7292,361.7729,153.5475
13/02/2023,79.2923,464.7316,360.7778,154.0031
14/02/2023,79.5428,465.2453,360.4116,154.437
15/02/2023,78.5051,459.9502,354.9959,152.5106
16/02/2023,77.8069,461.8615,358.6142,153.0202
17/02/2023,75.3939,461.5458,357.9075,153.6132
20/02/2023,75.3939,461.5458,357.9075,153.6132
21/02/2023,74.4664,461.0687,369.6917,154.9864
22/02/2023,73.6365,459.9476,363.4568,154.2707
23/02/2023,75.3222,455.3824,355.5075,153.1703
24/02/2023,76.7673,451.207,346.8898,151.2823
27/02/2023,77.497,452.2319,352.8119,150.693
28/02/2023,78.5469,455.8886,354.0984,148.5087
01/03/2023,79.6757,457.7534,361.5428,149.7423
02/03/2023,79.7783,455.9521,355.1086,150
03/03/2023,82.2455,460.3346,356.0706,150.4906
06/03/2023,80.0506,460.0352,354.5384,150.6776
07/03/2023,78.6798,448.9739,347.2502,149.8412
08/03/2023,77.2643,448.5446,349.1205,148.7967
09/03/2023,76.1864,451.7676,346.816,146.8852
10/03/2023,76.2893,459.728,343.8202,147.2896
13/03/2023,76.0662,476.0188,346.6031,146.7228
14/03/2023,73.8504,475.5441,344.9734,147.253
15/03/2023,69.9,478.875,336.0097,146.9224
16/03/2023,71.2056,476.4279,336.6303,148.2361
17/03/2023,69.4525,489.8517,339.1538,147.5499
20/03/2023,69.2636,492.7431,339.734,147.4958
21/03/2023,71.1842,483.7621,339.4144,146.4897
22/03/2023,71.0546,487.1163,341.9363,145.1364
23/03/2023,70.3993,498.4156,347.0022,142.8678
24/03/2023,70.3158,496.6215,347.8582,145.1843
27/03/2023,71.6829,490.0615,350.44,146.5489
28/03/2023,71.6665,495.0715,352.7772,148.0074
29/03/2023,71.3218,494.2076,352.4903,148.1337
30/03/2023,71.4311,499.2728,350.8153,148.1903
31/03/2023,73.0904,497.8888,352.9396,150.0639
03/04/2023,75.4107,500.2063,349.3441,151.1575
04/04/2023,75.3766,512.6507,343.9966,150.1517
05/04/2023,76.2031,511.9157,341.1465,150.127
06/04/2023,75.1226,510.4611,341.9229,150.2172
07/04/2023,75.1226,510.4611,341.9229,150.2172
10/04/2023,75.7139,505.503,340.9404,150.4796
11/04/2023,76.6405,509.8086,341.7831,152.0262
12/04/2023,77.153,512.2936,345.8451,151.8939
13/04/2023,76.0655,520.4431,350.3201,152.0669
14/04/2023,76.8116,510.7068,352.2509,152.7119
17/04/2023,76.4611,507.4535,351.2014,155.2969
18/04/2023,76.8415,510.8155,357.566,156.1464
19/04/2023,74.812,508.9783,355.7059,154.2646
20/04/2023,73.6263,511.363,351.9233,152.5653
21/04/2023,73.8705,504.4146,347.3131,150.6162
24/04/2023,75.0908,507.5748,345.0815,150.1546
25/04/2023,73.5147,506.5198,335.7469,149.116
26/04/2023,70.933,504.8618,336.9558,148.3112
27/04/2023,71.2655,506.1614,337.744,146.6528
28/04/2023,72.735,506.3321,340.8294,147.5822
01/05/2023,71.7363,505.2257,342.2732,146.8185
02/05/2023,68.4989,513.1623,341.5994,145.4712
03/05/2023,66.0468,516.1885,338.7565,146.9367
04/05/2023,65.8113,522.454,335.8418,147.4627
05/05/2023,67.855,515.131,340.4149,150.6342
08/05/2023,69.8227,516.5417,341.9511,149.8978
09/05/2023,70.1345,518.7884,338.843,148.5742
10/05/2023,69.2073,516.6081,331.6442,148.7473
11/05/2023,68.1831,507.7206,321.8753,147.2554
12/05/2023,68.0356,506.3824,324.0193,147.5099
15/05/2023,69.5717,507.8181,324.2312,149.589
16/05/2023,69.3843,500.2574,319.5427,147.0482
17/05/2023,70.7509,498.7037,325.0549,144.9535
18/05/2023,71.4726,492.6337,320.3852,143.6797
19/05/2023,71.1518,498.9468,323.3362,143.0869
22/05/2023,70.4822,497.3417,320.2938,144.8574
23/05/2023,70.6645,495.7489,315.5397,144.3982
24/05/2023,72.2159,492.1545,309.8334,143.7405
25/05/2023,70.043,486.6626,312.3132,142.7722
26/05/2023,70.3665,488.9874,316.8059,144.7241
29/05/2023,70.3665,488.9874,316.8059,144.7241
30/05/2023,67.5673,491.4205,314.604,141.2339
31/05/2023,66.3562,494.086,312.3161,141.3957
01/06/2023,66.9137,498.6222,317.9261,143.7086
02/06/2023,68.2543,492.5574,318.1583,145.0807
05/06/2023,69.1634,493.1643,317.2043,144.7787
06/06/2023,69.1037,494.7957,316.776,145.7761
07/06/2023,70.2599,489.7301,319.7215,145.5979
08/06/2023,69.6441,497.5415,321.8021,148.3075
09/06/2023,68.3902,497.6323,322.4387,148.4225
12/06/2023,66.4121,494.7503,317.8282,148.8102
13/06/2023,68.5378,491.5683,323.7809,149.5967
14/06/2023,67.8283,494.9596,330.0678,149.7884
15/06/2023,70.8049,494.6094,331.403,154.6317
16/06/2023,72.373,495.6225,332.3286,159.1636
19/06/2023,72.373,495.6225,332.3286,159.1636
20/06/2023,70.639,487.1801,325.9201,158.781
21/06/2023,72.3142,484.717,325.9703,161.761
22/06/2023,70.5256,479.0447,325.528,159.2361
23/06/2023,70.9514,479.6923,319.8835,155.2951
26/06/2023,71.5511,482.9334,315.0231,155.362
27/06/2023,69.8138,481.6425,319.0599,151.6331
28/06/2023,70.2628,481.1025,314.1193,147.3659
29/06/2023,70.6986,478.9998,313.1939,146.6012
30/06/2023,71.9515,482.3404,315.9039,148.5438
03/07/2023,70.7859,482.9998,316.7517,149.5227
04/07/2023,70.7859,482.9998,316.7517,149.5227
05/07/2023,71.9641,484.0322,316.4626,150.8313
06/07/2023,71.5503,479.4324,314.8579,150.0305
07/07/2023,72.8807,484.6942,316.0168,148.4609
10/07/2023,72.9784,484.8775,316.436,149.6565
11/07/2023,74.4625,485.8323,316.1091,150.7563
12/07/2023,74.4809,495.4506,325.539,148.1481
13/07/2023,74.8277,498.8954,330.4934,151.1331
14/07/2023,73.9614,500.2031,330.0707,152.9108
17/07/2023,73.0721,498.0967,324.5083,151.8992
18/07/2023,74.7992,503.9667,321.7531,154.3917
19/07/2023,74.8137,504.646,319.5745,157.8942
20/07/2023,75.9208,500.8767,322.2605,158.2842
21/07/2023,77.0115,499.5925,320.943,157.6537
24/07/2023,78.2624,497.7212,325.0649,162.5133
25/07/2023,78.826,499.2637,331.971,162.2424
26/07/2023,78.5442,501.2987,327.9409,159.8506
27/07/2023,78.9904,493.918,326.7058,157.9923
28/07/2023,79.7861,497.4056,331.4272,155.7531
31/07/2023,80.5108,501.6187,337.7704,152.387
01/08/2023,80.1155,492.8617,333.7537,152.596
02/08/2023,78.2022,490.1024,326.1821,150.968
03/08/2023,80.0294,488.1729,328.9501,149.9463
04/08/2023,80.8135,489.7362,327.6371,150.0167
07/08/2023,81.1772,486.5387,325.9183,149.7043
08/08/2023,82.1964,482.6894,321.1059,149.5646
09/08/2023,84.8258,480.6023,321.2607,149.0864
10/08/2023,82.9662,480.7744,320.5272,149.8378
11/08/2023,83.3769,480.0287,316.2109,148.8327
14/08/2023,82.9598,479.5213,313.5877,148.5257
15/08/2023,81.5392,477.6217,310.7354,146.2728
16/08/2023,80.3868,475.8272,309.8961,147.5816
17/08/2023,81.1373,474.2434,312.6277,147.4483
18/08/2023,81.2194,474.6464,312.4457,149.3627
21/08/2023,81.0877,478.8763,313.6655,148.7342
22/08/2023,80.4345,480.0049,317.127,147.678
23/08/2023,79.572,488.7051,320.8659,150.4109
24/08/2023,80.0084,487.9604,318.9355,151.0197
25/08/2023,81.2626,486.6862,317.9147,152.0473
28/08/2023,80.8696,488.3307,318.2962,153.2635
29/08/2023,81.0318,494.3964,321.5973,151.6074
30/08/2023,81.6372,495.8273,322.8047,151.3638
31/08/2023,82.4323,493.1825,321.9328,150.1304
01/09/2023,83.3791,492.3283,327.2656,150.6938
04/09/2023,83.3791,492.3283,327.2656,150.6938
05/09/2023,83.8562,486.6388,324.9281,151.4442
06/09/2023,83.8028,483.3778,321.8236,151.6705
07/09/2023,83.7352,481.9023,321.3776,150.1799
08/09/2023,84.64,481.7062,317.7824,149.8503
11/09/2023,84.7983,483.7576,324.0166,150.6237
12/09/2023,86.0256,481.5862,320.9503,149.7558
13/09/2023,86.0447,480.1306,323.1939,150.4704
14/09/2023,87.2212,479.3914,326.1573,151.2686
15/09/2023,86.6192,483.8665,322.2741,151.125
18/09/2023,86.9324,485.9908,323.1436,149.8186
19/09/2023,87.1539,485.9257,320.9312,150.1619
20/09/2023,85.8194,490.3493,323.8648,149.8241
21/09/2023,85.7168,484.4235,317.5791,147.6328
22/09/2023,85.5183,486.3833,320.855,147.7323
25/09/2023,85.3893,482.7288,318.13,147.2731
26/09/2023,85.2305,478.6776,317.0576,147.4226
27/09/2023,87.2616,470.9717,315.7125,147.1871
28/09/2023,86.678,468.7453,322.947,147.263
29/09/2023,86.0484,465.0461,327.0161,143.805
02/10/2023,84.2937,456.8125,321.4752,145.5471
03/10/2023,84.8227,455.5741,316.9234,144.8035
04/10/2023,81.3115,453.271,313.9101,143.9828
05/10/2023,80.9711,452.1671,311.486,145.4117
06/10/2023,82.3619,458.106,315.0567,144.8239
09/10/2023,84.761,462.9423,316.5703,144.9241
10/10/2023,84.9287,465.2751,313.2603,144.3151
11/10/2023,83.8291,468.5062,311.9942,143.2791
12/10/2023,83.75,466.9325,310.6442,145.7763
13/10/2023,86.5075,482.6923,309.4518,146.9101
16/10/2023,85.3441,480.9082,309.5872,147.1423
17/10/2023,85.3097,482.4599,308.8975,147.8269
18/10/2023,86.4672,489.1975,310.184,149.0318
19/10/2023,86.2149,491.3169,309.9403,150.4051
20/10/2023,85.9088,496.2923,309.4022,149.0758
23/10/2023,84.4815,493.8627,308.6483,148.8447
24/10/2023,83.5161,493.1672,311.2028,149.0005
25/10/2023,84.8662,494.4378,312.0649,147.956
26/10/2023,84.2806,494.5334,309.5697,147.3431
27/10/2023,85.5389,494.7221,314.1034,148.3823
30/10/2023,82.8495,498.6994,316.5284,146.6174
31/10/2023,83.6904,494.5039,313.7381,147.1827
01/11/2023,83.1898,492.4998,314.5611,146.3777
02/11/2023,84.6174,494.0001,314.4583,147.2259
03/11/2023,83.4729,497.2344,317.8091,149.4043
06/11/2023,82.4255,495.1593,321.9714,150.3437
07/11/2023,79.4055,489.279,318.6861,148.9089
08/11/2023,77.5534,486.9527,318.7829,150.0321
09/11/2023,77.3241,490.1693,317.2836,149.8484
10/11/2023,77.9003,481.1319,312.3622,149.0178
13/11/2023,79.6027,484.1038,314.9912,151.9824
14/11/2023,79.1747,490.8687,317.5008,152.1356
15/11/2023,78.7414,492.4421,320.0922,151.8929
16/11/2023,75.4526,498.8326,316.5618,150.3711
17/11/2023,76.6871,498.0344,316.6457,148.5678
20/11/2023,77.5732,496.2864,320.5238,150.4496
21/11/2023,77.4331,501.6952,321.0777,151.1436
22/11/2023,77.1542,499.2409,315.406,149.9714
23/11/2023,77.1542,499.2409,315.406,149.9714
24/11/2023,76.0831,504.4296,316.4464,147.8182
27/11/2023,75.341,508.0888,314.3317,147.4119
28/11/2023,75.8389,514.632,317.2499,148.7628
29/11/2023,76.3971,516.6929,316.6037,149.0129
30/11/2023,74.9571,515.8685,314.8344,150.0339
01/12/2023,73.8135,523.1264,319.6698,148.4033
04/12/2023,72.5474,509.7841,313.3585,148.3269
05/12/2023,72.1064,507.0426,308.6771,148.8593
06/12/2023,69.2221,507.8769,306.7244,145.3799
07/12/2023,69.165,506.8762,307.9563,147.2248
08/12/2023,70.3104,497.1521,309.5204,146.421
11/12/2023,69.56,492.3418,307.3197,146.8711
12/12/2023,66.9419,492.1222,307.855,147.2452
13/12/2023,68.0424,492.5444,308.3932,145.3259
14/12/2023,70.1047,508.6316,317.3492,146.0981
15/12/2023,70.5739,505.8489,320.0456,146.4375
18/12/2023,71.4894,506.7809,318.8557,145.9254
19/12/2023,71.8824,510.0949,320.9562,146.5726
20/12/2023,71.89,510.7633,320.6378,144.0771
21/12/2023,72.0346,511.3203,320.6299,143.2748
22/12/2023,71.8526,514.7451,323.9281,143.8239
25/12/2023,71.8526,514.7451,323.9281,143.8239
26/12/2023,72.7005,514.3958,324.0285,145.3436
27/12/2023,71.9868,520.1239,330.2052,145.2527
28/12/2023,70.9675,517.0874,328.3386,145.8816
29/12/2023,70.434,513.564,327.5073,143.371
01/01/2024,70.434,513.564,327.5073,143.371
02/01/2024,70.1645,513.5556,324.3005,142.0581
03/01/2024,72.2843,503.986,321.5022,141.7972
04/01/2024,72.4051,505.5952,317.874,141.7194
05/01/2024,73.6582,506.2283,318.0014,140.6243
08/01/2024,71.6349,503.2681,315.1297,139.9897
09/01/2024,73.4564,502.2081,313.8585,141.1272
10/01/2024,72.0274,501.1653,314.3647,140.1638
11/01/2024,72.5801,497.804,314.5735,140.4816
12/01/2024,73.5354,507.124,312.8886,138.8916
15/01/2024,73.5354,507.124,312.8886,138.8916
16/01/2024,72.479,502.1889,313.6213,139.3894
17/01/2024,72.4323,495.6127,309.191,137.85
18/01/2024,72.7596,499.22,309.4349,138.9971
19/01/2024,71.215,500.2038,310.6983,139.6998
22/01/2024,71.3257,496.9809,309.791,141.0214
23/01/2024,71.4947,498.5809,316.1113,141.9956
24/01/2024,72.5035,498.975,321.3443,142.8271
25/01/2024,73.5251,499.543,321.1303,141.7275
26/01/2024,74.0675,499.2021,322.348,140.6656
29/01/2024,72.6269,502.9627,321.1575,139.1084
30/01/2024,73.2257,504.0835,322.9816,141.6869
31/01/2024,72.3979,506.963,321.2995,141.8944
01/02/2024,70.8532,508.0755,317.2816,140.9084
02/02/2024,69.7873,502.6213,315.2689,139.9587
05/02/2024,70.458,498.8898,311.2232,139.8129
06/02/2024,70.4378,500.8466,312.1164,139.9001
07/02/2024,70.8364,500.3685,310.119,139.9805
08/02/2024,72.1295,501.1486,307.1186,139.6575
09/02/2024,72.2376,499.2799,305.3332,139.9216
12/02/2024,71.6081,499.3203,307.6547,139.7746
13/02/2024,71.581,491.3839,307.5898,139.2618
14/02/2024,69.9789,492.1158,308.0807,137.6842
15/02/2024,70.5338,497.0925,310.077,136.2168
16/02/2024,71.0863,501.5664,313.3091,136.5038
19/02/2024,71.0863,501.5664,313.3091,136.5038
20/02/2024,69.7321,503.0808,312.8269,137.1616
21/02/2024,71.8153,500.7987,316.679,136.1287
22/02/2024,72.1299,499.7276,318.1106,134.7632
23/02/2024,70.0043,504.2695,317.8311,133.2255
26/02/2024,71.1206,500.1804,315.2085,134.5294
27/02/2024,72.3473,501.3441,316.9556,135.8416
28/02/2024,72.389,500.5311,316.918,136.1
29/02/2024,72.0958,504.1432,319.5209,135.7174
01/03/2024,72.9956,514.3923,319.4358,134.3006
04/03/2024,73.035,523.604,320.6281,135.0239
05/03/2024,72.597,526.5781,319.6007,133.9358
06/03/2024,73.1764,532.3471,321.5033,134.2724
07/03/2024,72.3257,534.1804,325.7451,136.6359
08/03/2024,71.4449,537.9264,324.1948,136.8086
11/03/2024,71.2894,539.6439,328.1658,137.644
12/03/2024,70.849,533.8784,329.0797,138.5396
13/03/2024,71.9812,540.6206,332.585,138.2155
14/03/2024,73.4793,537.7219,330.1438,137.1922
15/03/2024,73.0446,538.3255,333.2661,137.6634
18/03/2024,74.4857,538.4912,331.9799,137.486
19/03/2024,74.9988,537.024,327.9952,137.5566
20/03/2024,73.7618,537.1681,327.6862,138.4769
21/03/2024,73.4528,541.2579,329.3682,139.152
22/03/2024,73.0961,535.8361,326.3566,138.0797
25/03/2024,73.7043,539.425,326.3702,139.1515
26/03/2024,73.2169,538.3145,323.0236,138.5343
27/03/2024,72.5003,541.584,322.3111,137.73
28/03/2024,73.8443,547.319,325.1202,139.1296
29/03/2024,73.8443,547.319,325.1202,139.1296
01/04/2024,74.6854,551.9488,326.5123,138.8874
02/04/2024,76.0665,561.0295,330.062,137.6295
03/04/2024,76.3153,573.182,338.4936,138.9708
04/04/2024,76.4033,573.0091,344.4392,139.1925
05/04/2024,76.8983,581.3286,344.5385,139.9169
08/04/2024,76.7074,584.1987,346.6995,139.4834
09/04/2024,76.1825,587.333,349.0741,138.7118
10/04/2024,76.7594,585.1483,349.8485,138.7379
11/04/2024,75.7946,590.7986,347.5235,137.5773
12/04/2024,76.5836,591.558,350.9967,138.6428
15/04/2024,75.6891,595.462,355.7325,138.0566
16/04/2024,76.1513,598.4583,353.1667,137.1542
17/04/2024,74.2808,595.0396,358.2042,137.4553
18/04/2024,74.0265,596.8438,363.1295,135.9728
19/04/2024,74.144,602.2839,370.6496,137.5594
22/04/2024,74.4256,581.65,370.8252,139.1281
23/04/2024,75.4585,581.531,362.9854,139.5667
24/04/2024,74.5707,580.8402,364.8468,140.0262
25/04/2024,75.057,581.7513,366.4846,140.286
26/04/2024,74.9975,582.2142,367.5035,139.897
29/04/2024,75.0562,585.0848,373.6564,140.4699
30/04/2024,74.1148,569.7014,370.3592,137.7309
01/05/2024,71.8271,571.7901,366.8255,137.5259
02/05/2024,72.325,572.0285,362.4503,138.8419
03/05/2024,72.5478,571.2084,367.9536,139.9242
06/05/2024,73.2314,580.4673,369.7906,142.6697
07/05/2024,73.1651,578.8761,371.4772,142.7082
08/05/2024,73.4396,578.9018,366.4625,141.0788
09/05/2024,74.099,586.2819,368.8273,140.205
10/05/2024,73.0266,593.6214,370.0304,142.2899
13/05/2024,74.1354,587.5773,376.0839,142.6019
14/05/2024,73.2646,592.1284,379.8767,141.6604
15/05/2024,74.1207,604.0349,383.4759,140.9198
16/05/2024,74.969,603.1396,382.6005,140.5114
17/05/2024,76.3764,616.3157,394.2094,140.9197
20/05/2024,77.0944,626.5509,399.5522,144.0954
21/05/2024,76.1636,622.5022,403.4518,144.4733
22/05/2024,76.9319,613.3625,387.7014,145.3803
23/05/2024,75.6684,597.6387,384.6076,145.239
24/05/2024,74.9353,597.4285,385.3832,146.1621
27/05/2024,74.9353,597.4285,385.3832,146.1621
28/05/2024,76.7004,610.3761,392.7744,146.9943
29/05/2024,75.0825,608.8327,392.2309,145.2537
30/05/2024,73.4201,605.0623,383.6521,143.9843
31/05/2024,73.079,595.6559,377.073,142.7885
03/06/2024,72.484,602.0865,378.0305,141.6582
04/06/2024,70.7745,592.074,372.3752,141.2886
05/06/2024,72.421,599.77,368.392,140.8325
06/06/2024,73.9577,609.3968,373.2141,142.8232
07/06/2024,74.6149,587.2265,359.7259,140.4479
10/06/2024,75.84,590.0906,362.4257,139.7511
11/06/2024,77.631,586.7895,357.5088,139.7608
12/06/2024,77.3837,597.4997,364.3704,139.8726
13/06/2024,77.0947,584.4954,359.2726,141.2871
14/06/2024,76.4248,592.4992,355.3223,139.9197
17/06/2024,76.6187,588.5833,354.2729,137.9364
18/06/2024,78.2051,592.9143,354.5054,138.2172
19/06/2024,78.2051,592.9143,354.5054,138.2172
20/06/2024,77.5742,603.7243,359.4509,136.9243
21/06/2024,77.1164,590.5368,355.0424,136.0974
24/06/2024,78.4414,592.7916,354.7632,137.6298
25/06/2024,77.4544,586.9571,353.214,135.4237
26/06/2024,76.8516,584.0683,354.6918,134.7647
27/06/2024,76.8756,588.5402,353.2155,135.6306
28/06/2024,76.0547,590.7524,356.927,134.3552
01/07/2024,76.5161,591.1533,357.1971,135.4411
02/07/2024,76.2135,590.4398,356.0359,135.7799
03/07/2024,76.6624,603.3749,362.9175,135.6892
04/07/2024,76.6624,603.3749,362.9175,135.6892
05/07/2024,75.5433,613.2224,366.2902,137.1669
08/07/2024,75.2143,603.0768,364.547,134.609
09/07/2024,74.3086,604.7158,360.122,134.3383
10/07/2024,74.3539,606.8072,360.2215,133.0986
11/07/2024,74.0835,618.1651,356.7355,133.857
12/07/2024,74.2864,615.4843,359.3427,133.2066
15/07/2024,73.003,616.1431,356.1642,130.9494
16/07/2024,72.4528,626.1844,350.0676,131.2505
17/07/2024,72.2586,619.3539,347.6659,131.3226
18/07/2024,72.9615,617.999,342.0985,130.5707
19/07/2024,71.4079,602.5253,338.1678,129.8567
22/07/2024,72.2315,602.0286,333.3366,132.3061
23/07/2024,70.8673,604.5961,330.5386,132.0073
24/07/2024,71.0359,606.2396,328.4773,130.8301
25/07/2024,70.768,587.6132,327.4561,132.218
26/07/2024,69.8549,593.122,328.4234,128.8051
29/07/2024,68.9508,592.151,325.1393,129.5234
30/07/2024,68.9205,600.4929,324.378,128.3636
31/07/2024,70.2383,606.6002,332.7193,127.8631
01/08/2024,68.8889,605.7873,329.6249,127.1072
02/08/2024,66.9618,603.3986,327.5421,128.029
05/08/2024,66.5225,592.9031,322.7409,128.3565
06/08/2024,67.0742,590.6547,325.1647,128.3322
07/08/2024,69.0982,589.5003,322.3284,128.5978
08/08/2024,69.7568,598.7061,322.9218,128.1029
09/08/2024,70.1136,600.5703,327.542,127.0716
12/08/2024,71.9896,608.6631,330.6822,126.9826
13/08/2024,70.6984,608.3285,329.4594,124.6048
14/08/2024,70.449,600.8957,329.7654,125.2454
15/08/2024,71.0072,608.9013,335.5462,125.0739
16/08/2024,69.3397,619.6256,335.6577,125.0223
19/08/2024,68.9355,622.9198,341.2331,126.6082
20/08/2024,68.3795,625.8586,344.5568,126.6892
21/08/2024,67.709,625.4634,345.6547,126.7884
22/08/2024,67.6063,617.2889,343.1695,124.966
23/08/2024,68.4973,626.869,349.4051,126.0895
26/08/2024,69.6064,629.7907,350.5901,126.8322
27/08/2024,68.2532,629.3136,353.3457,128.5091
28/08/2024,67.6117,622.529,346.8097,128.3002
29/08/2024,68.5222,628.6362,344.9735,129.4308
30/08/2024,67.2238,618.3345,344.0354,129.4981
02/09/2024,67.2238,618.3345,344.0354,129.4981
03/09/2024,65.6502,613.7501,337.0758,130.8157
04/09/2024,64.6323,615.4799,334.179,131.7329
05/09/2024,65.1047,621.511,333.2686,131.6925
06/09/2024,64.2111,613.482,328.6956,129.1624
09/09/2024,64.1808,617.6331,331.3428,130.525
10/09/2024,62.6935,619.4642,328.6545,129.4955
11/09/2024,63.673,621.0221,333.9879,130.038
12/09/2024,65.0936,634.2396,339.4181,131.1113
13/09/2024,64.4609,644.8698,343.1986,132.3876
16/09/2024,65.438,645.111,348.5167,132.0652
17/09/2024,65.89,641.3258,347.5011,133.1801
18/09/2024,65.6026,641.0735,348.2721,134.1513
19/09/2024,66.6036,647.9024,351.2924,133.8102
20/09/2024,67.2995,654.2964,348.3199,133.3117
23/09/2024,67.8807,653.5836,349.1705,136.6026
24/09/2024,68.2397,665.1149,358.9596,137.4669
25/09/2024,67.5758,664.5273,358.4476,138.8747
26/09/2024,65.9846,668.1667,367.723,138.1347
27/09/2024,67.2288,660.5659,368.4248,138.6916
30/09/2024,67.5467,657.3621,367.5204,139.3821
01/10/2024,68.3786,664.6654,371.6597,140.1014
02/10/2024,68.4447,661.8156,376.7767,140.1125
03/10/2024,71.3862,666.4581,369.0243,139.193
04/10/2024,71.0113,664.0551,372.8755,138.3835
07/10/2024,72.0109,661.9717,373.0604,137.2275
08/10/2024,69.6464,649.1454,363.5666,136.1841
09/10/2024,68.7892,647.8307,357.6819,136.2232
10/10/2024,70.3084,653.3197,362.2262,136.5907
11/10/2024,69.9187,662.9565,368.5899,135.6375
14/10/2024,68.2579,658.959,362.3206,134.8707
15/10/2024,66.3789,663.786,358.2254,133.8677
16/10/2024,65.6837,667.3065,359.2977,133.5258
17/10/2024,65.7784,669.394,355.9191,134.1352
18/10/2024,64.5998,681.1777,360.3542,133.0352
21/10/2024,65.5469,687.4314,357.9299,133.25
22/10/2024,67.1785,696.3724,360.1803,134.2316
23/10/2024,66.5958,684.5997,360.5881,135.0411
24/10/2024,67.0208,688.1097,360.7039,134.7355
25/10/2024,68.4497,689.1812,360.1257,133.6634
28/10/2024,64.3255,690.8254,358.8714,132.4582
29/10/2024,64.1395,697.8923,358.3052,132.6409
30/10/2024,65.0077,699.7889,355.5227,133.3336
31/10/2024,64.5628,683.656,353.8767,133.5854
01/11/2024,64.4991,683.132,356.0218,133.2633
04/11/2024,66.3413,682.4568,357.8203,133.6579
05/11/2024,66.0818,684.0512,362.296,134.2023
06/11/2024,66.2336,662.949,351.4724,134.9943
07/11/2024,66.155,671.2577,362.8737,137.3168
08/11/2024,64.939,667.1944,354.3025,136.8842
11/11/2024,65.1151,648.678,349.8232,136.0491
12/11/2024,65.274,647.3982,344.9276,134.9731
13/11/2024,65.9084,643.2653,342.4513,134.5985
14/11/2024,65.0971,640.2584,340.5367,133.841
15/11/2024,64.5636,639.1242,344.5582,135.091
18/11/2024,66.5553,651.7094,345.6466,136.503
19/11/2024,66.8765,655.0469,348.0608,135.7742
20/11/2024,67.7172,657.7104,349.4465,136.1273
21/11/2024,69.0498,661.9169,347.4175,135.1669
22/11/2024,68.2421,671.0701,346.9303,135.5811
25/11/2024,67.9869,648.0403,350.6945,135.4357
26/11/2024,68.176,649.6811,348.51,136.0039
27/11/2024,66.1624,651.7942,349.6255,136.4909
28/11/2024,66.1624,651.7942,349.6255,136.4909
29/11/2024,66.9227,657.787,349.6563,136.1372
02/12/2024,65.8981,652.5972,347.8565,134.0451
03/12/2024,65.7772,657.6352,352.1218,134.6849
04/12/2024,64.9921,661.4224,353.7912,134.8064
05/12/2024,65.0318,654.3903,353.1293,136.6287
06/12/2024,64.4068,656.8224,350.7176,138.5406
09/12/2024,65.8453,667.1728,353.0702,138.5337
10/12/2024,65.7793,674.0227,353.0013,139.2889
11/12/2024,67.665,682.3659,352.5155,138.4043
12/12/2024,67.7588,666.7392,351.5829,137.8558
13/12/2024,68.2066,657.5338,349.8835,136.9184
16/12/2024,67.5082,656.8378,346.9465,137.1916
17/12/2024,67.1746,654.728,343.5509,135.6673
18/12/2024,67.4978,652.2568,342.5426,134.3772
19/12/2024,67.9628,637.1013,337.5887,134.1679
20/12/2024,68.583,646.8794,340.4555,135.2987
23/12/2024,68.4684,645.139,339.9647,135.9764
24/12/2024,69.6525,647.0593,344.1581,136.0278
25/12/2024,69.6525,647.0593,344.1581,136.0278
26/12/2024,68.2923,651.1902,344.744,136.9305
27/12/2024,69.5212,645.0029,343.2408,136.7264
30/12/2024,72.0844,639.8067,342.0313,136.6176
31/12/2024,71.2644,643.2888,339.1052,137.7468
01/01/2025,71.2644,643.2888,339.1052,137.7468
02/01/2025,72.4947,652.0445,336.2612,138.5967
03/01/2025,71.3702,650.2953,335.4807,135.7684
06/01/2025,72.4388,651.8175,338.5383,136.747
07/01/2025,72.2172,655.7876,340.8925,137.1785
08/01/2025,72.5933,657.194,341.0317,136.2233
09/01/2025,73.648,662.3853,344.706,136.8083
10/01/2025,76.4993,668.593,347.4109,139.4018
13/01/2025,77.6044,656.9083,348.846,141.5075
14/01/2025,77.1785,657.9313,348.8085,140.6795
15/01/2025,79.3788,670.2825,351.1306,140.7636
16/01/2025,79.9323,677.4083,354.9273,138.7392
17/01/2025,78.1108,674.2444,356.4647,140.1186
20/01/2025,78.1108,674.2444,356.4647,140.1186
21/01/2025,76.3155,678.3367,353.4476,142.6836
22/01/2025,76.904,680.2262,350.3161,142.5093
23/01/2025,76.2819,676.3463,349.5543,143.7086
24/01/2025,76.2225,680.9047,349.626,142.8061
27/01/2025,73.9736,669.707,345.5078,141.8763
28/01/2025,73.3653,677.4529,343.1659,142.8602
29/01/2025,73.2267,679.9254,346.6351,145.4865
30/01/2025,72.6416,695.2275,347.5116,144.9026
31/01/2025,72.5197,692.2495,343.7724,144.4051
03/02/2025,75.0216,697.9374,346.8953,145.8891
04/02/2025,74.2567,704.0281,349.4296,147.7761
05/02/2025,73.8247,707.0829,351.8338,147.1264
06/02/2025,74.0486,702.3467,353.9073,148.0839
07/02/2025,73.8559,703.5302,358.0706,146.9987
10/02/2025,75.4906,712.7472,362.074,148.1728
11/02/2025,76.8775,711.6403,357.7728,147.1197
12/02/2025,75.9422,713.3492,360.2656,147.4124
13/02/2025,76.0534,716.2475,361.4338,148.4071
14/02/2025,76.481,708.7067,359.706,149.191
17/02/2025,76.481,708.7067,359.706,149.191
18/02/2025,78.691,720.5552,359.2374,150.219
19/02/2025,80.222,716.5744,359.1902,149.4269
20/02/2025,79.8501,722.7294,363.8367,149.3707
21/02/2025,78.6004,719.8889,360.754,148.8006
24/02/2025,77.8637,719.9317,356.3903,146.8299
25/02/2025,77.5549,707.6432,353.705,146.4048
26/02/2025,76.1733,712.2162,356.2783,145.3571
27/02/2025,77.0664,703.4629,358.0903,143.2065
28/02/2025,76.0472,691.581,353.2251,141.0854
03/03/2025,76.9759,705.7779,357.6225,139.7292
04/03/2025,78.133,709.8604,356.3422,138.3998
05/03/2025,77.4618,714.7868,365.9988,140.3588
06/03/2025,76.5802,716.022,370.2943,140.9923
07/03/2025,77.7014,711.0783,367.5535,141.3212
10/03/2025,77.5744,707.144,365.7621,141.5087
11/03/2025,77.5651,714.3648,369.8192,141.2648
12/03/2025,76.1768,722.2771,373.2239,140.1911
13/03/2025,75.7298,733.5068,375.5805,141.5289
14/03/2025,75.9797,735.9786,373.9432,140.9073
17/03/2025,75.9522,736.5691,375.7174,142.4937
18/03/2025,75.8,745.6937,375.7644,142.1523
19/03/2025,77.2804,742.7138,378.6298,141.9269
20/03/2025,76.2987,742.1252,377.8478,142.5142
21/03/2025,76.3265,735.4046,375.4669,141.8425
24/03/2025,76.3906,734.6648,375.1049,141.1416
25/03/2025,75.9693,740.3983,379.6847,140.6782
26/03/2025,76.422,740.291,380.5537,139.7867
27/03/2025,76.8978,751.9103,373.9205,140.1526
28/03/2025,77.3289,754.9803,373.3657,140.4257
31/03/2025,79.0851,760.9027,368.1776,140.5309
01/04/2025,77.9817,758.6612,367.0707,143.3056
02/04/2025,79.0035,764.2339,365.0882,143.2259
03/04/2025,76.115,742.4564,355.1656,141.3989
04/04/2025,71.1102,712.5997,335.0676,138.4523
07/04/2025,69.1981,703.2604,326.0048,138.4083
08/04/2025,67.3033,706.832,322.4248,138.7117
09/04/2025,70.784,727.2092,321.8867,140.1019
10/04/2025,67.9901,747.2788,332.5748,141.1505
11/04/2025,68.6876,765.7006,340.3544,143.5043
14/04/2025,67.9682,763.9036,343.2047,142.3128
15/04/2025,67.9282,767.2668,343.7175,142.3776
16/04/2025,68.4475,790.5472,345.4576,143.5235
17/04/2025,69.8317,784.7047,346.3376,143.545
18/04/2025,69.8317,784.7047,346.3376,143.545
21/04/2025,67.3734,803.3435,346.1992,142.5409
22/04/2025,67.9452,804.275,351.5115,142.573
23/04/2025,67.3527,784.3739,353.5202,142.9516
24/04/2025,67.4632,794.402,356.1798,144.6343
25/04/2025,67.6846,782.6427,353.0728,144.9048
28/04/2025,68.3878,792.0531,353.4403,144.6009
29/04/2025,67.8736,790.8229,354.3337,142.3553
30/04/2025,66.2532,784.4132,342.623,142.1901
01/05/2025,67.744,764.6495,342.8499,141.4625
02/05/2025,68.1514,767.5992,345.8913,142.369
05/05/2025,67.0716,783.6663,346.762,140.8646
06/05/2025,68.0316,807.0817,349.8207,140.7415
07/05/2025,68.0756,798.4234,344.3759,139.4335
08/05/2025,69.2118,781.6355,343.9205,140.0287
09/05/2025,70.9045,790.285,347.5589,140.2796
12/05/2025,70.977,767.5189,348.8176,140.488
13/05/2025,72.0735,773.6893,353.1356,141.1182
14/05/2025,70.9408,759.3787,354.1212,141.3355
15/05/2025,69.2912,767.7164,352.7042,140.3719
16/05/2025,69.4602,758.81,348.6992,138.8065
19/05/2025,67.9583,768.5604,348.7181,139.8312
20/05/2025,69.8858,781.5102,349.7195,140.732
21/05/2025,69.5436,789.4194,350.2406,141.9821
22/05/2025,68.6121,783.9632,349.5876,141.4335
23/05/2025,69.2746,799.1688,355.1163,140.9545
26/05/2025,69.2746,799.1688,355.1163,140.9545
27/05/2025,68.9174,785.7744,352.6291,140.5571
28/05/2025,68.3426,784.0094,348.3774,138.7686
29/05/2025,67.4315,789.4212,348.4757,138.6486
30/05/2025,66.5641,782.2342,346.7598,137.5151
02/06/2025,69.3128,806.1177,355.5669,136.9745
03/06/2025,70.2814,802.1747,354.7216,137.1623
04/06/2025,69.6706,806.4472,356.7854,137.6719
05/06/2025,69.9109,807.9321,357.8749,138.4168
06/06/2025,71.2544,804.4302,353.8255,139.1963
09/06/2025,70.818,809.5903,356.7756,138.437
10/06/2025,70.1898,806.7744,356.3139,138.0778
11/06/2025,71.7903,804.9934,354.2315,137.7114
12/06/2025,71.5168,816.1267,354.7445,137.1376
13/06/2025,75.0103,825.8914,353.2061,139.5863
16/06/2025,75.6309,820.074,354.8929,140.3064
17/06/2025,78.4102,821.8119,354.2644,140.6316
18/06/2025,79.4035,820.9518,356.1017,141.2275
19/06/2025,79.4035,820.9518,356.1017,141.2275
20/06/2025,79.0941,812.417,355.4029,140.3537
23/06/2025,75.2143,815.3585,357.9081,139.0591
24/06/2025,71.0383,801.7753,358.6795,136.6741
25/06/2025,70.8352,805.4729,360.4762,135.0705
26/06/2025,70.9425,808.9254,367.3076,134.6917
27/06/2025,72.046,794.9951,368.2488,135.5887
30/06/2025,70.4347,798.0038,366.6495,134.8781
01/07/2025,70.5521,807.0611,366.459,134.5946
02/07/2025,72.2336,810.6701,371.4008,136.9492
03/07/2025,71.5861,809.455,369.6694,137.2527
04/07/2025,71.5861,809.455,369.6694,137.2527
07/07/2025,72.221,808.9062,362.7719,134.1023
08/07/2025,72.3337,803.3996,382.7061,133.7584
09/07/2025,71.5111,803.6382,377.5556,133.5084
10/07/2025,71.214,808.013,382.5943,134.1733
11/07/2025,72.3623,823.5158,381.555,133.5656
14/07/2025,72.5988,821.9394,378.7165,134.2845
15/07/2025,72.8031,814.7502,378.7566,134.2295
16/07/2025,72.6774,818.9903,376.9017,135.7962
17/07/2025,73.5226,817.4558,377.269,136.168
18/07/2025,73.6732,820.7136,384.3895,137.2163
21/07/2025,72.2278,834.3436,387.5211,135.6221
22/07/2025,71.1946,842.7061,390.8282,135.743
23/07/2025,70.1873,833.9552,393.7919,135.5807
24/07/2025,70.5426,828.2379,392.3462,136.38
25/07/2025,70.232,816.9203,390.4914,135.3232
28/07/2025,70.5834,811.7585,385.2399,134.9665
29/07/2025,72.5648,814.8317,384.4411,134.3318
30/07/2025,72.324,806.9511,381.4562,133.4375
31/07/2025,72.2096,801.1117,343.5377,133.0385
01/08/2025,70.4833,811.7246,345.5612,131.776
04/08/2025,69.1653,818.9169,345.7073,132.3375
05/08/2025,68.8002,823.0305,344.7317,131.7084
06/08/2025,69.0099,823.2841,348.5783,131.15
07/08/2025,68.6171,829.0921,348.791,132.3203
08/08/2025,68.2343,837.3682,351.2719,132.276
11/08/2025,68.0783,817.909,350.0799,134.1855
12/08/2025,66.8406,818.032,354.3027,134.0849
13/08/2025,66.5107,822.8744,352.5862,135.0068
14/08/2025,67.0391,815.6448,351.8052,133.9623
15/08/2025,66.8877,815.1522,351.1149,135.7795
18/08/2025,67.0005,814.8809,349.4562,135.6809
19/08/2025,66.0049,807.8539,346.5697,135.3606
20/08/2025,66.5227,815.6697,348.2149,135.9603
21/08/2025,67.5549,816.0915,347.8206,138.0297
22/08/2025,67.0982,827.8841,351.6378,139.053
25/08/2025,67.711,826.2683,352.3634,138.5692
26/08/2025,66.5186,828.7341,352.9041,137.8233
27/08/2025,67.4855,832.1789,348.9579,137.5495
28/08/2025,68.1169,839.4751,351.1485,137.3868
29/08/2025,68.1866,852.3977,354.408,138.4974
01/09/2025,68.1866,852.3977,354.408,138.4974
02/09/2025,69.6337,871.1746,356.3334,137.155
03/09/2025,69.0574,881.6063,356.2217,136.197
04/09/2025,68.6198,873.1632,352.4343,136.1234
05/09/2025,67.2773,882.5302,352.8762,135.4824
08/09/2025,67.8292,889.033,354.1315,136.899
09/09/2025,68.2918,887.1919,353.6422,136.4184
10/09/2025,68.5008,888.5565,356.0116,136.2752
11/09/2025,67.1244,889.8692,359.4271,137.0756
12/09/2025,67.3665,895.7573,361.9843,138.8159
15/09/2025,68.4317,902.7317,364.7211,139.3161
16/09/2025,69.6193,903.7291,364.9808,140.1886
17/09/2025,69.2509,898.6261,360.9566,137.4852
18/09/2025,68.1319,891.2619,359.2128,136.7663
19/09/2025,67.1666,900.6384,358.9383,135.5456
22/09/2025,66.537,920.0875,358.0304,134.0758
23/09/2025,67.6021,929.671,358.5618,134.1392
24/09/2025,68.4933,918.882,365.1437,134.4648
25/09/2025,69.1322,924.1845,363.3908,135.1693
26/09/2025,69.7144,939.0622,362.4033,135.1556
29/09/2025,68.531,949.7174,368.2351,134.6928
30/09/2025,68.0911,951.2494,367.3933,133.7904
01/10/2025,68.7393,961.0861,369.1576,134.5409
02/10/2025,67.5294,949.144,372.5988,135.4956
03/10/2025,66.9746,964.8442,378.2308,135.6087
06/10/2025,67.7271,980.0561,376.2833,135.5825
07/10/2025,68.611,980.6479,379.6462,135.1985
08/10/2025,68.2212,1000.449,378.6818,135.9833
09/10/2025,67.2982,973.1679,382.148,134.9076
10/10/2025,64.8425,978.8705,372.6641,133.1518
13/10/2025,65.3098,1019.795,380.2554,133.375
14/10/2025,64.143,1026.506,374.1401,134.4349
15/10/2025,63.7248,1037.508,374.5224,134.4691
16/10/2025,63.0512,1066.382,376.1789,135.0694
17/10/2025,63.7996,1033.458,373.8194,135.7
20/10/2025,65.2984,1067.315,377.0664,136.9165
21/10/2025,65.6964,1002.457,375.229,136.3643
22/10/2025,66.2862,994.3521,378.0651,136.7668
23/10/2025,68.3397,1014.491,384.2959,137.8585
24/10/2025,68.113,1012.556,384.7493,136.9996
27/10/2025,68.1419,981.8279,387.1447,138.0538
28/10/2025,66.6576,977.9288,387.8398,138.8156
29/10/2025,66.7633,984.2744,391.1521,139.3431
30/10/2025,67.4642,990.7533,384.2861,139.1649
31/10/2025,68.5799,984.9509,384.9564,139.9601
03/11/2025,69.5364,987.9419,385.8384,142.1212
04/11/2025,69.8145,974.284,380.2945,141.1663
05/11/2025,68.8161,984.101,379.8997,142.5779
06/11/2025,69.563,983.4886,379.3957,139.4168
07/11/2025,69.5114,988.0596,379.6936,139.9789
10/11/2025,69.9449,1020.16,385.5836,141.6967
11/11/2025,72.0076,1021.438,384.125,142.0868
12/11/2025,70.2877,1053.37,386.5751,141.7674
13/11/2025,70.8472,1048.712,385.7103,142.5192
14/11/2025,71.4219,1017.566,382.1299,140.8809
17/11/2025,70.3119,1014.359,377.3328,143.3537
18/11/2025,71.1124,1011.986,374.8026,143.919
19/11/2025,71.0385,1016.924,376.8784,141.305
20/11/2025,70.0082,1010.141,376.0953,140.1276
21/11/2025,69.61,1011.975,375.5673,139.9524
24/11/2025,69.4462,1017.052,376.3115,140.0092
25/11/2025,67.6872,1029.087,377.452,140.8509
26/11/2025,68.4171,1043.746,383.8301,141.6565
27/11/2025,68.4171,1043.746,383.8301,141.6565
28/11/2025,70.2063,1071.537,386.7585,142.3081
01/12/2025,71.1852,1085.495,390.2186,141.3797
02/12/2025,70.25,1073.446,385.9696,141.6548
03/12/2025,71.0994,1075.296,391.4915,140.499
04/12/2025,71.798,1071.662,392.0359,141.2261
05/12/2025,73.6187,1079.635,394.3587,140.0498
08/12/2025,70.5415,1072.045,393.5587,139.0397
09/12/2025,68.4645,1087.828,387.6495,138.8262
10/12/2025,68.7164,1086.769,388.6256,138.9
11/12/2025,66.9638,1121.114,396.3406,139.2016
12/12/2025,65.6441,1111.031,389.3144,137.8693
15/12/2025,64.8635,1120.613,389.0934,136.8052
16/12/2025,63.2218,1118.849,386.7893,135.1003
17/12/2025,64.1766,1144.67,391.3268,134.8564
18/12/2025,63.4131,1134.571,392.5722,134.6622
19/12/2025,63.5643,1150.335,396.8804,134.5351
22/12/2025,63.7807,1171.262,398.534,135.7627
23/12/2025,65.4841,1191.053,401.6111,136.0839
24/12/2025,65.0305,1193.399,403.3662,137.2909
25/12/2025,65.0305,1193.399,403.3662,137.2909
26/12/2025,64.5153,1230.648,411.0894,137.1
29/12/2025,65.6431,1158.399,402.9724,136.1963
30/12/2025,65.6065,1204.045,414.5911,135.5881
31/12/2025,63.8445,1158.89,411.5715,134.5931
01/01/2026,63.8445,1158.89,411.5715,134.5931
02/01/2026,63.1075,1159.074,413.3385,134.5572
05/01/2026,62.906,1210.441,426.1846,136.27
06/01/2026,61.7306,1240.937,437.2246,136.5427
07/01/2026,61.6379,1217.543,425.8932,137.7706
08/01/2026,62.3583,1204.861,420.6784,137.3565
09/01/2026,62.2428,1232.765,427.9993,136.593
12/01/2026,63.7661,1281.226,435.3545,134.7029
13/01/2026,65.289,1283.456,434.5634,134.2228
14/01/2026,65.1154,1310.268,440.3887,134.0238
15/01/2026,62.9087,1310.884,438.4396,134.2359
16/01/2026,63.4323,1292.358,426.6378,135.2785
19/01/2026,63.4323,1292.358,426.6378,135.2785
20/01/2026,67.0686,1350.006,424.2395,133.843
21/01/2026,69.159,1359.198,424.443,134.0517
22/01/2026,68.3726,1388.138,426.0989,134.7954
23/01/2026,69.6552,1419.24,436.1787,135.5906
26/01/2026,70.9364,1489.122,439.9669,135.1011
27/01/2026,71.7526,1457.451,434.6851,135.9645
28/01/2026,72.0158,1530.093,438.8134,135.8764
29/01/2026,74.5063,1536.355,446.9255,135.7257
30/01/2026,77.0174,1286.214,434.7527,134.1456
02/02/2026,68.4225,1261.556,422.9528,133.5482
03/02/2026,69.6954,1343.589,434.3294,133.9223
04/02/2026,71.9274,1350.757,425.3232,134.2159
05/02/2026,70.9104,1312.282,421.7013,135.5833
06/02/2026,70.8962,1332.574,426.5261,134.4269
09/02/2026,70.1084,1372.174,431.9569,134.6107
10/02/2026,69.6186,1355.71,430.3043,134.4526
11/02/2026,70.4625,1382.167,434.0118,134.6094
12/02/2026,69.1015,1322.475,426.3209,136.0406
13/02/2026,69.2256,1351.31,423.6494,135.4241
16/02/2026,69.2256,1351.31,423.6494,135.4241
17/02/2026,68.27,1306.72,416.0622,134.0297
18/02/2026,70.454,1342.916,425.4841,134.8931
19/02/2026,71.7893,1340.545,422.5596,135.5472
20/02/2026,71.999,1374.408,427.9322,136.6401
23/02/2026,71.8151,1420.165,425.0589,136.0641
24/02/2026,70.8636,1412.635,432.1621,136.5414
25/02/2026,71.0871,1435.139,437.7083,137.2165
26/02/2026,71.1426,1414.996,434.5908,137.3964
27/02/2026,72.589,1445.611,434.6533,138.2355
02/03/2026,77.2307,1445.21,430.963,137.6561
03/03/2026,80.9939,1386.846,428.1093,137.8329
04/03/2026,80.0075,1388.418,436.2981,137.4384
05/03/2026,84.4476,1373.099,428.4897,139.4804
06/03/2026,90.4505,1397.625,436.69,142.9577
09/03/2026,93.5755,1386.821,435.9233,142.5434
10/03/2026,86.1236,1433.662,440.3616,142.1143
11/03/2026,91.0511,1406.775,440.2568,143.0085
12/03/2026,96.9527,1393.839,441.7625,143.9394
13/03/2026,97.9296,1367.595,433.6669,144.7147
16/03/2026,95.09,1352.995,434.5828,140.98
17/03/2026,97.7438,1351.969,431.3298,141.4859
18/03/2026,99.986,1320.12,424.6119,143.2146
19/03/2026,101.5237,1236.16,413.8149,145.0683
20/03/2026,103.3286,1224.513,410.1194,144.3494
23/03/2026,94.5189,1187.133,412.8635,143.4674
24/03/2026,98.1242,1186.79,413.5017,144.2047
25/03/2026,95.0894,1229.724,418.4743,145.0788
26/03/2026,99.6412,1176.23,416.7723,145.9432
27/03/2026,103.0764,1207.39,418.847,144.6799
30/03/2026,104.1994,1217.476,424.4908,144.1476
31/03/2026,102.1676,1258.093,430.3956,145.4148
01/04/2026,99.9864,1291.114,435.7218,143.9297
02/04/2026,106.9721,1252.019,431.0036,143.6531
03/04/2026,106.9721,1252.019,431.0036,143.6531
06/04/2026,107.8866,1253.353,431.6918,144.1591
07/04/2026,108.8088,1250.648,431.1175,142.3965
08/04/2026,95.5502,1281.979,436.6671,141.5152
09/04/2026,97.2999,1294.41,435.3982,141.2676
10/04/2026,96.0131,1288.047,441.9048,141.8345
13/04/2026,98.791,1281.404,450.0106,142.0006
14/04/2026,95.3031,1312.196,453.5023,143.0248
