Date,VIX Index,GT10 Govt,NAPMPMI Index,CL1 Comdty,CRK321M1 Index,DSUPKERO Index,DSUPGASL Index,BAKETOT Index,BAKEGAS Index,DOESCRUD Index,DOESCROK Index,DOEPGRIN Index,DOEPPERC Index,IP Index,EPUSTOT Index,CL1 H/L
2004-04-23,14.94,-0.03445787992368795,60.6,-0.016025984015844458,0.45699999999999896,23.4,21.9,12.0,4.0,208.0,835.0,647.0,91.9,0.0,757.0,0.030045178431387994
2004-04-30,14.01,-0.02727441791965929,60.6,0.03450477068988717,0.3810000000000002,23.4,21.7,-4.0,4.0,3179.0,393.0,-92.0,91.3,0.0,317.0,0.05101337836053046
2004-05-07,17.19,-0.010482977676538427,60.6,-0.024920032776899876,1.564,22.9,22.4,15.0,6.0,95.0,-174.0,278.0,93.0,0.343900000000005,1369.0,0.015033840198388968
2004-05-14,18.13,-0.057343294315248254,60.6,-0.06599211904771314,1.3399999999999999,23.2,22.2,-8.0,-8.0,928.0,900.0,520.0,96.0,0.0,-19.0,0.04403065961632126
2004-05-21,18.47,0.0006287331235097691,60.6,-0.035669751242267095,0.8950000000000014,22.1,22.2,9.0,10.0,-1096.0,727.0,-127.0,95.3,0.0,4436.0,0.061032510695032606
2004-05-28,18.49,0.0025188930194837648,60.6,0.03566975124226714,-1.529,22.5,22.2,10.0,14.0,25.0,1020.0,-111.0,94.6,0.0,847.0,0.03976960022632717
2004-06-04,15.5,0.02317526917231833,60.6,0.0012529759814922821,-0.9350000000000005,23.1,22.1,-3.0,-6.0,2779.0,593.0,42.0,94.9,0.0,2047.0,0.056200100398137005
2004-06-11,16.78,-0.026532385208190658,61.4,0.03547647779798278,-1.968,23.5,22.6,-1.0,-4.0,715.0,550.0,183.0,96.0,0.671299999999988,-2864.0,0.09509758723717757
2004-06-18,15.04,-0.005639701632164987,61.4,0.0010397713440016636,0.629999999999999,24.4,22.5,19.0,16.0,852.0,-1027.0,66.0,96.4,0.0,5651.0,0.0363484839627943
2004-06-25,14.99,0.01871178319951788,61.4,-0.007772059847702973,0.2469999999999999,23.0,22.3,-16.0,-18.0,2415.0,-1785.0,-123.0,95.6,0.0,4150.0,0.04109084786237742
2004-07-02,15.19,0.01367542679967549,61.4,0.03145737758921224,1.1690000000000005,23.1,22.4,5.0,-1.0,-504.0,-1899.0,75.0,96.1,0.0,-5478.0,0.014803336675625108
2004-07-09,15.08,0.04106406340348227,60.5,-0.02212363080256272,1.1820000000000004,22.7,22.3,25.0,26.0,90.0,3487.0,98.0,96.7,-0.7302999999999997,939.0,0.08284304554385562
2004-07-16,15.78,0.0006727211824505548,60.5,-0.04008194476764646,0.7040000000000006,22.5,22.2,6.0,-3.0,-2172.0,1064.0,-249.0,95.2,0.0,3245.0,0.049298599872570396
2004-07-23,14.34,0.02429453122513405,60.5,-0.031772159000337176,-1.668000000000001,22.9,22.7,4.0,13.0,-3573.0,-412.0,-126.0,94.5,0.0,5913.0,0.04487058304625528
2004-07-30,16.5,-0.018445245706439666,60.5,-0.011089795428163891,-0.6890000000000001,23.5,22.5,5.0,6.0,1172.0,628.0,427.0,97.0,0.0,-213.0,0.027465573811185234
2004-08-06,15.32,-0.010102229813845813,60.5,-0.04889290917354653,-0.7110000000000003,24.2,22.9,13.0,10.0,-1815.0,-1341.0,-120.0,96.3,0.0,-4120.0,0.05538721943117277
2004-08-13,19.34,0.058644229832699485,59.9,-0.0034188067487857204,-2.0409999999999995,25.2,22.6,6.0,7.0,-4137.0,-469.0,-271.0,94.7,0.6938999999999993,3302.0,0.03622587767673123
2004-08-20,17.98,-0.0016566090642225857,59.9,-0.05811864032500881,1.0669999999999993,24.5,21.9,-3.0,-1.0,-1211.0,-552.0,186.0,95.8,0.0,-4754.0,0.04523273804885083
2004-08-27,16.0,-0.0011816142223218785,59.9,-0.027108818024032397,-3.2939999999999987,23.6,21.8,-2.0,-8.0,-1700.0,297.0,46.0,96.0,0.0,-22.0,0.055951267387228276
2004-09-03,14.71,0.0014181047046821727,59.9,0.10290265739356605,0.9419999999999993,22.7,21.9,9.0,14.0,-4232.0,-117.0,-59.0,95.7,0.0,3987.0,0.06620476559161374
2004-09-10,13.91,-0.01595528919857243,58.5,-0.018584910273967192,0.48800000000000043,22.0,21.7,10.0,13.0,-1530.0,1501.0,130.0,96.5,0.06280000000000996,-922.0,0.04502965410842234
2004-09-17,13.76,0.02546106419827331,58.5,0.027190615203773586,-0.18299999999999983,23.1,21.7,-9.0,-13.0,-7012.0,-1630.0,-131.0,95.7,0.0,-4334.0,0.042121126901356123
2004-09-24,14.03,0.01928700094197861,58.5,-0.06291667406849527,1.5899999999999999,24.1,21.6,-8.0,-1.0,-9112.0,-298.0,-1267.0,88.1,0.0,1071.0,0.045090064708876366
2004-10-01,14.28,0.019418085857101516,58.5,-0.06967992063798982,-0.29100000000000037,24.5,21.7,7.0,5.0,3401.0,126.0,-741.0,83.7,0.0,-4715.0,0.053147022851475705
2004-10-08,12.75,-0.038943835755687585,57.4,-0.025051815164527553,-0.10199999999999942,26.3,22.1,4.0,8.0,881.0,-113.0,873.0,88.9,0.11899999999999977,-3654.0,0.012245460654535831
2004-10-15,15.05,0.013942533550270374,57.4,-0.06170380080680218,-0.7010000000000005,26.6,22.4,-13.0,-21.0,4203.0,167.0,-338.0,86.9,0.0,-237.0,0.06590254735315179
2004-10-22,15.04,0.01856882084725127,57.4,-0.029935716519859344,-0.36099999999999977,25.9,22.3,-5.0,-3.0,1198.0,413.0,222.0,88.2,0.0,-2271.0,0.04505601970476108
2004-10-29,15.28,0.019674398773048482,57.4,-0.004359679929810463,1.3069999999999995,26.1,22.4,25.0,14.0,3944.0,615.0,173.0,89.2,0.0,2012.0,0.034670630975648514
2004-11-05,16.27,-0.012248622076199199,57.4,0.0638016770916944,-1.593,24.8,22.4,1.0,0.0,6272.0,-550.0,35.0,89.4,0.0,568.0,0.08016355359513355
2004-11-12,13.84,-0.03658944743229194,56.3,0.042425223879687605,-0.27699999999999925,24.5,22.2,17.0,6.0,1703.0,1655.0,552.0,92.6,0.7997999999999905,-2027.0,0.04132985406705276
2004-11-19,13.33,-0.0014360940716092038,56.3,0.04725938720277153,1.306,24.9,22.1,-9.0,2.0,815.0,-3268.0,154.0,93.5,0.0,-744.0,0.036722308959775164
2004-11-26,13.5,-0.005723841050483389,56.3,-0.023392879574705462,2.058,24.4,22.3,9.0,1.0,85.0,3025.0,-103.0,92.9,0.0,774.0,0.049296072466277374
2004-12-03,12.78,-0.010173990514726356,56.3,-0.020433894464543783,-1.178,25.2,22.5,-17.0,-8.0,849.0,41.0,188.0,94.0,0.0,-1764.0,0.016313575491523787
2004-12-10,12.96,-0.000941176540063631,56.2,0.1503150033773442,-1.3040000000000003,25.1,22.8,-6.0,-2.0,541.0,62.0,-6.0,94.0,0.234800000000007,5691.0,0.15676663865883284
2004-12-17,12.76,0.024040191408799805,56.2,0.043971047257203535,0.14700000000000024,25.0,22.9,5.0,0.0,-126.0,215.0,-50.0,93.7,0.0,-190.0,0.05426112869947681
2004-12-24,11.95,-0.011973323116343233,56.2,-0.12823613981058832,0.5089999999999995,24.8,23.1,-16.0,-20.0,2124.0,240.0,-48.0,93.4,0.0,3623.0,0.12089396292150793
2004-12-31,11.23,-0.0035642190518162887,56.2,0.046437704333504685,-0.36599999999999966,25.0,23.1,23.0,20.0,-859.0,48.0,137.0,94.2,0.0,2151.0,0.035138149079571225
2005-01-07,13.29,-0.0009483168088591334,57.2,0.0166613462805699,-1.0220000000000002,24.5,23.2,-14.0,-12.0,-3219.0,54.0,110.0,94.8,0.7552000000000021,-5419.0,0.05462751671343222
2005-01-14,13.49,-0.012012863811409097,57.2,-0.04456182805991078,0.5860000000000003,24.7,23.7,-1.0,5.0,-2382.0,-773.0,-148.0,94.0,0.0,-973.0,0.07850745131320669
2005-01-21,12.43,0.010592072665464547,57.2,-0.06291382541056932,-0.13100000000000023,25.7,24.1,16.0,21.0,3401.0,623.0,-422.0,91.5,0.0,1785.0,0.06511744022912343
2005-01-28,14.36,0.020077156220472524,57.2,-0.003095658235243611,1.2030000000000003,26.1,24.1,5.0,0.0,3429.0,364.0,-75.0,91.0,0.0,6629.0,0.033951291076758254
2005-02-04,13.24,0.0,57.2,0.028212089437595782,0.9539999999999997,27.8,24.6,-7.0,-15.0,-324.0,568.0,102.0,91.6,0.0,-1450.0,0.050826886356877404
2005-02-11,11.21,0.01581733913627617,56.8,0.014947961435873148,-1.7670000000000003,28.7,24.6,-8.0,-10.0,-1410.0,-20.0,-267.0,90.0,0.343599999999995,-2808.0,0.03698255579670708
2005-02-18,11.43,-0.0022050725583140926,56.8,-0.014523963125514351,0.4120000000000008,28.0,25.1,32.0,27.0,2142.0,35.0,289.0,91.7,0.0,-3441.0,0.04068064177424254
2005-02-25,11.18,-0.04334450781043266,56.8,-0.024920146230133233,-1.1500000000000004,27.8,25.2,15.0,10.0,608.0,316.0,-258.0,90.2,0.0,-828.0,0.022801950140541594
2005-03-04,11.49,0.00023438415670409815,56.8,-0.0629213921587467,2.2350000000000003,26.0,25.3,-14.0,-6.0,2395.0,375.0,-149.0,89.3,0.0,159.0,0.06292139215874658
2005-03-11,11.94,-0.01026128406649752,55.5,-0.043514036782668644,1.0869999999999997,24.4,25.2,9.0,0.0,2975.0,856.0,23.0,89.5,0.695999999999998,992.0,0.03983079136637233
2005-03-18,12.8,-0.052869777303193866,55.5,-0.012013821605390029,0.4209999999999994,22.8,24.6,-8.0,1.0,2593.0,112.0,211.0,90.7,0.0,-1735.0,0.02271356070342355
2005-03-25,13.14,0.007732281979902933,55.5,-0.04121140977776342,-0.25900000000000034,21.8,24.1,38.0,48.0,4097.0,1060.0,-87.0,90.2,0.0,-606.0,0.031703201374241624
2005-04-01,13.42,-0.01889335636870312,55.5,0.03370702752975827,2.6450000000000014,21.4,23.6,11.0,13.0,5383.0,20.0,158.0,91.1,0.0,-2233.0,0.05090295618242525
2005-04-08,14.09,0.032289403983745676,55.2,-0.04335707171165229,2.446999999999999,22.7,23.3,-2.0,5.0,2802.0,915.0,438.0,93.7,-0.13049999999999784,-1275.0,0.05897808217557033
2005-04-15,12.62,-0.004709056801572757,55.2,0.07146543109525816,-3.8249999999999993,24.1,23.5,-2.0,0.0,3654.0,778.0,-351.0,91.0,0.0,-1914.0,0.06691519573298244
2005-04-22,17.74,0.05211784240528951,55.2,0.05453619843968349,0.8289999999999988,23.8,23.2,21.0,18.0,-1773.0,307.0,125.0,91.8,0.0,-433.0,0.06718585018792916
2005-04-29,15.38,-0.0009422851109461551,55.2,-0.09262377517418811,1.091000000000001,25.3,23.1,-5.0,-5.0,5415.0,546.0,-84.0,91.3,0.0,931.0,0.09500331228745347
2005-05-06,15.31,0.011128326041811493,55.2,0.10799180540250218,-0.4530000000000012,24.9,23.3,-18.0,-14.0,2680.0,-251.0,82.0,91.7,0.0,315.0,0.0930770145556303
2005-05-13,14.05,-0.0141846349919563,52.2,-0.024633744621397537,-1.7299999999999986,24.1,23.3,-1.0,13.0,2435.0,-577.0,11.0,91.8,0.20759999999999934,-1059.0,0.02906834168926326
2005-05-20,16.32,0.03365874482733547,52.2,0.04597818741854505,-0.3470000000000013,25.1,23.4,-16.0,-11.0,4343.0,95.0,373.0,94.0,0.0,3063.0,0.07020076687635236
2005-05-27,13.14,-0.0009706382708194064,52.2,0.03917962092176196,2.021000000000001,24.6,23.3,7.0,11.0,-1687.0,-1507.0,105.0,94.6,0.0,890.0,0.045324662790625005
2005-06-03,12.15,0.012201225058487412,52.2,-0.10247173175193536,-2.4049999999999994,23.9,23.2,16.0,14.0,1488.0,-123.0,275.0,96.2,0.0,1965.0,0.053274649977702385
2005-06-10,12.15,0.024355080559980386,50.8,-0.059523556396131126,1.2899999999999991,25.0,23.0,22.0,23.0,-2995.0,-452.0,-135.0,94.9,0.0870000000000033,-2491.0,0.05952355639613117
2005-06-17,11.96,-0.01943259953987618,50.8,0.02744945297946095,1.2219999999999995,24.5,22.8,-14.0,-10.0,-1783.0,176.0,298.0,96.7,0.0,13325.0,0.03644241433761315
2005-06-24,11.48,-0.004676931602050205,50.8,-0.08808476409537272,-1.4100000000000001,25.2,22.9,19.0,14.0,-1579.0,-370.0,-325.0,94.8,0.0,475.0,0.061180616955108215
2005-07-01,12.18,0.038297760030727115,50.8,-0.02316053147864272,-0.6639999999999997,24.6,23.0,12.0,9.0,1104.0,-475.0,266.0,96.3,0.0,-1425.0,0.029680801661780738
2005-07-08,11.4,-0.033127245003059184,52.4,0.0183831806419535,1.2530000000000001,23.7,22.7,0.0,-8.0,-3569.0,-711.0,294.0,98.1,0.4350999999999914,5647.0,0.06906366544117734
2005-07-15,11.45,-0.010314433289712377,52.4,-0.01486765011074625,2.436,24.3,22.5,24.0,24.0,-3899.0,263.0,-322.0,96.2,0.0,-5069.0,0.04216237240806758
2005-07-22,10.33,-0.017438078108540082,52.4,0.02616527113057343,-1.3469999999999995,23.0,22.3,10.0,-1.0,-900.0,-243.0,-580.0,92.8,0.0,7766.0,0.04763609595132528
2005-07-29,10.52,-0.013355791181555735,52.4,-0.009594043095043261,-1.112,23.7,22.0,6.0,-6.0,-2245.0,155.0,124.0,93.5,0.0,5540.0,0.03346069287561244
2005-08-05,11.57,-0.01341354385985212,52.4,-0.03221214589337135,-0.1120000000000001,24.0,21.7,2.0,-7.0,196.0,574.0,386.0,95.8,0.0,-2562.0,0.026262277087136448
2005-08-12,12.48,-0.025387931752769956,52.8,-0.028322205563274857,2.0,24.1,21.4,24.0,14.0,2754.0,-710.0,-135.0,95.0,-0.307699999999997,325.0,0.023545782087305678
2005-08-19,12.74,0.0333673216612472,52.8,-0.07047895443582189,2.7230000000000008,24.5,20.9,-7.0,-5.0,241.0,137.0,-251.0,93.5,0.0,-89.0,0.05835566031639269
2005-08-26,13.42,0.008756416143352956,52.8,0.022843440921721685,-2.4730000000000008,24.5,20.5,4.0,-9.0,1852.0,-925.0,-20.0,93.4,0.0,-2345.0,0.046642178492505786
2005-09-02,13.72,0.004526511600093383,52.8,-0.011865061616340123,-1.516,25.4,20.6,11.0,-1.0,-1520.0,148.0,626.0,97.1,0.0,-1553.0,0.030692946399405983
2005-09-09,13.57,0.03647377311764454,52.4,-0.021541595877512167,10.887,23.5,20.4,3.0,-1.0,-6425.0,-1344.0,-1751.0,86.8,0.31570000000000675,-2966.0,0.038104018453206115
2005-09-16,11.98,-0.020103643470789283,52.4,0.05303179480397938,-5.506,23.8,21.0,-6.0,2.0,-6560.0,-553.0,77.0,87.3,0.0,-5377.0,0.05303179480397938
2005-09-23,11.22,-0.036462993300452766,52.4,0.016997576368571077,-4.6419999999999995,24.3,21.8,-5.0,9.0,-322.0,-23.0,602.0,90.8,0.0,2673.0,0.032636201192763274
2005-09-30,12.96,0.005867872722250112,52.4,-0.01871270893215408,6.724,24.1,22.6,15.0,9.0,-2412.0,1158.0,-696.0,86.7,0.0,-447.0,0.04864920363443893
2005-10-07,11.92,-0.018195043591229195,56.8,-0.03143707475331741,2.8599999999999994,23.2,22.3,32.0,34.0,-246.0,-1699.0,-2902.0,69.8,-1.8828000000000031,-6578.0,0.026089755230652097
2005-10-14,14.59,-0.01103459472370906,56.8,0.06873410579783758,-5.466000000000001,24.3,21.9,-2.0,-9.0,926.0,-823.0,868.0,74.9,0.0,263.0,0.06483386539399927
2005-10-21,14.87,-0.024168313549429887,56.8,-0.012693992258155005,-3.187999999999999,22.9,22.1,1.0,-2.0,5555.0,-81.0,725.0,79.1,0.0,-5506.0,0.03685296327770733
2005-10-28,16.13,0.021428585808309406,56.8,0.03245457645368211,-0.8019999999999996,23.7,22.0,-8.0,-9.0,4414.0,391.0,282.0,80.7,0.0,97.0,0.05970250204054315
2005-11-04,14.25,-0.0404388842071655,56.8,-0.009684113433627036,-0.8559999999999999,23.3,22.0,6.0,-6.0,2734.0,593.0,301.0,82.5,0.0,-1846.0,0.03454237194753068
2005-11-11,13.17,-0.020373483187741848,57.2,0.01050912791817528,-2.3820000000000014,23.6,22.2,16.0,13.0,4409.0,845.0,262.0,84.0,1.1567000000000007,378.0,0.03341049667881571
2005-11-18,11.63,0.020373483187741778,57.2,0.05165825472388922,-1.411999999999999,24.9,22.0,-17.0,-28.0,-2159.0,699.0,380.0,86.2,0.0,824.0,0.03719295968369906
2005-11-25,11.12,0.01700383244869895,57.2,0.024457979941465587,0.363999999999999,25.8,21.9,-1.0,-23.0,354.0,-271.0,316.0,88.1,0.0,1443.0,0.03052333082954673
2005-12-02,10.88,0.013678876813101792,57.2,-0.044761499142358184,0.009000000000000341,27.2,21.8,13.0,3.0,-4188.0,438.0,212.0,89.3,0.0,-425.0,0.019564722219182814
2005-12-09,11.01,-0.01878829590380286,56.7,-0.010336447193636737,2.0519999999999996,27.5,22.1,-31.0,-20.0,2787.0,420.0,224.0,90.6,1.0841999999999956,3092.0,0.0487058791173362
2005-12-16,11.69,-0.0026554563070253553,56.7,-0.0011793447580374654,-0.8119999999999994,27.6,22.2,23.0,30.0,892.0,3621.0,-171.0,89.6,0.0,7215.0,0.024194055716750176
2005-12-23,10.68,0.02008996139034676,56.7,0.022648903431285047,0.32500000000000107,26.4,22.1,-20.0,0.0,1300.0,-113.0,-271.0,88.0,0.0,-658.0,0.055444157804521804
2005-12-30,10.27,0.012022374588268056,56.7,-0.006352497969861733,-0.19900000000000162,25.8,21.9,12.0,8.0,118.0,874.0,143.0,88.9,0.0,-1083.0,0.021053409197832263
2006-01-06,12.07,-0.0025071238203677763,56.7,-0.04369993040985585,2.186,25.5,22.0,-4.0,4.0,-1013.0,-222.0,170.0,89.9,0.0,-9354.0,0.048331553750937735
2006-01-13,11.0,0.004105845184064783,55.1,-0.050629574829755386,-0.27199999999999847,25.7,22.6,-7.0,-15.0,-2943.0,-259.0,-11.0,89.8,0.5037999999999982,1774.0,0.05062957482975533
2006-01-20,11.23,0.004581909505111544,55.1,0.004526660347937699,-3.271000000000001,26.6,23.2,3.0,5.0,2741.0,124.0,-567.0,86.5,0.0,680.0,0.0089545802962697
2006-01-27,14.56,0.0009189065659232275,55.1,-0.06700926171193923,0.10599999999999987,27.7,23.9,5.0,-2.0,-2309.0,-373.0,-49.0,86.2,0.0,905.0,0.06700926171193913
2006-02-03,11.97,-0.036113154687715844,55.1,0.00866951282615951,-0.02200000000000024,28.1,24.7,15.0,25.0,1919.0,-268.0,133.0,87.0,0.0,419.0,0.03359778496617671
2006-02-10,12.96,-0.003098718725630622,55.0,0.03590861271916082,-1.9849999999999994,28.5,25.1,26.0,66.0,-412.0,-31.0,-208.0,85.8,0.1547000000000054,-2155.0,0.055189528461052274
2006-02-17,12.87,-0.013390607283823243,55.0,0.05551303334547166,-4.5649999999999995,28.5,25.2,19.0,10.0,4853.0,180.0,48.0,86.1,0.0,4026.0,0.051527742969604114
2006-02-24,12.01,0.010301460961384281,55.0,0.03220784472773898,3.3009999999999997,28.2,25.1,13.0,4.0,1121.0,1172.0,97.0,86.6,0.0,389.0,0.06041032407441505
2006-03-03,11.46,-0.00789997525315616,55.0,-0.049362574030510586,1.1340000000000003,27.1,25.1,-2.0,-5.0,1638.0,-195.0,-245.0,85.2,0.0,-185.0,0.049362574030510524
2006-03-10,11.96,-0.023118670341234465,55.8,-0.012008360446995783,3.9859999999999998,27.1,24.9,-12.0,-18.0,6641.0,1284.0,-389.0,83.0,0.041399999999995885,-3341.0,0.04283962985562266
2006-03-17,11.85,-0.0163121930702544,55.8,0.060035820794536954,0.375,26.8,24.8,1.0,-12.0,4836.0,494.0,468.0,85.7,0.0,-1955.0,0.04004784571155466
2006-03-24,12.12,0.018450316613047607,55.8,-0.045799579095043466,3.3599999999999994,26.2,24.5,14.0,3.0,-1310.0,-123.0,178.0,86.7,0.0,-998.0,0.028881145774848734
2006-03-31,11.19,0.0002140640059547691,55.8,-0.023460101358272107,-2.5759999999999987,26.5,23.8,25.0,19.0,2030.0,1401.0,55.0,87.0,0.0,2107.0,0.06161717772918654
2006-04-07,11.39,-0.03739931660324429,54.3,-0.036217572886733246,0.5419999999999998,25.9,23.3,5.0,7.0,2110.0,-357.0,-10.0,85.9,0.22150000000000603,-3415.0,0.045548959410987584
2006-04-14,12.26,-0.026456569536830468,54.3,-0.011341712383679968,2.0999999999999996,25.3,22.8,3.0,-8.0,3152.0,-471.0,-62.0,85.6,0.0,-335.0,0.02549143023554963
2006-04-21,12.38,-0.013564939698079568,54.3,-0.02823682588927955,3.1479999999999997,25.6,22.2,31.0,36.0,-806.0,675.0,112.0,86.2,0.0,-1137.0,0.010149427417101401
2006-04-28,11.59,0.007358092261351982,54.3,-0.08101875034197226,-1.67,25.1,22.0,-19.0,-18.0,-226.0,-92.0,334.0,88.2,0.0,1545.0,0.06555895202538069
2006-05-05,11.59,-0.008546211212998174,54.3,0.0447541532740193,-0.9969999999999999,24.9,22.2,17.0,22.0,1727.0,-56.0,108.0,88.8,0.0,-453.0,0.03271254956881653
2006-05-12,11.62,-0.009650493409848237,55.2,0.023792211173028207,-0.4659999999999993,24.0,22.4,17.0,12.0,326.0,122.0,250.0,90.2,0.2989999999999924,221.0,0.0646368148481932
2006-05-19,14.19,-0.018256479088733325,55.2,-0.026015669565425305,3.2799999999999976,23.8,22.4,2.0,2.0,-65.0,-692.0,-73.0,89.8,0.0,988.0,0.04962930502035905
2006-05-26,17.18,0.026522615508978994,55.2,0.04994991471002308,-2.1849999999999987,23.2,22.6,12.0,11.0,-2998.0,-1272.0,-23.0,89.7,0.0,-409.0,0.01448670851319413
2006-06-02,14.26,0.0019782400121057205,55.2,-0.040606007385243705,0.30799999999999983,23.5,22.4,10.0,3.0,1599.0,-588.0,305.0,91.4,0.0,4484.0,0.035892923060606534
2006-06-09,14.32,0.01155161222014182,53.7,-0.013361367878213248,1.6679999999999993,25.2,22.5,8.0,8.0,1283.0,667.0,-32.0,91.0,0.025100000000009004,5239.0,0.027898353815353005
2006-06-16,18.12,0.0038133513345250075,53.7,0.00972500023482945,-0.11199999999999832,24.4,22.8,4.0,-13.0,-980.0,-709.0,306.0,92.7,0.0,-689.0,0.03148213827035237
2006-06-23,17.25,-0.03069243988576742,53.7,0.024734495360504136,-3.048,24.4,22.7,11.0,7.0,1385.0,1115.0,101.0,93.3,0.0,1401.0,0.025915645579832985
2006-06-30,15.89,-0.018547672355761,53.7,-0.014067727556308945,2.4159999999999986,24.1,22.5,-3.0,-12.0,-3329.0,485.0,83.0,93.8,0.0,6459.0,0.027610651733445485
2006-07-07,13.08,0.016599493286438144,52.0,-0.04227148674684408,-0.06199999999999761,23.0,22.4,-3.0,-12.0,-2421.0,793.0,-115.0,93.1,0.31279999999999575,-3250.0,0.029234223514830224
2006-07-14,13.97,0.0019481790693228749,52.0,-0.0021618708595568456,0.16199999999999903,23.8,22.2,-7.0,0.0,-5930.0,83.0,-458.0,90.5,0.0,-1410.0,0.016899543820926694
2006-07-21,18.05,0.012361581917722169,52.0,-0.03891438593630885,0.3719999999999999,23.7,22.3,9.0,9.0,151.0,-474.0,427.0,92.9,0.0,7823.0,0.045414070294259846
2006-07-28,17.4,0.004551308934918839,52.0,0.03433586999305504,0.26899999999999835,23.6,22.0,15.0,13.0,30.0,832.0,-73.0,92.5,0.0,6806.0,0.03568910801279193
2006-08-04,14.33,0.00996619769860145,52.0,0.016117366565509564,-0.4759999999999991,24.1,22.0,31.0,27.0,-1774.0,230.0,-292.0,90.8,0.0,-3212.0,0.024412838273161017
2006-08-11,14.34,0.01962235508465296,53.0,-0.020541262781052273,0.0519999999999996,24.6,21.6,-9.0,-12.0,-1186.0,-795.0,143.0,91.6,-0.05079999999999529,5481.0,0.01877426822916623
2006-08-18,14.3,-0.015406751130061916,53.0,0.005499309681198121,-4.956999999999999,24.0,21.4,23.0,13.0,-1607.0,273.0,-27.0,91.5,0.0,-5932.0,0.039480554651430445
2006-08-25,11.64,0.026086663691443485,53.0,0.04413390638585478,-0.23300000000000054,24.3,21.4,34.0,18.0,-643.0,-542.0,222.0,92.8,0.0,-3710.0,0.04834146843879013
2006-09-01,12.31,0.01288463377712579,53.0,-0.01907471686319231,-2.763,24.4,21.5,-6.0,9.0,2481.0,-206.0,32.0,92.9,0.0,89.0,0.012050841867536044
2006-09-08,11.96,0.011570550879250253,53.7,0.04686813987278179,-2.106,24.0,21.6,-24.0,-20.0,-2104.0,755.0,108.0,93.6,0.4346999999999923,-4954.0,0.020315434017535897
2006-09-15,13.16,-0.00989585925904336,53.7,0.04342087864438809,-2.3069999999999995,24.7,21.7,-4.0,-3.0,-2904.0,-1526.0,-90.0,93.0,0.0,-6049.0,0.04342087864438809
2006-09-22,11.76,-0.0035553733990644426,53.7,0.04507631433799274,-0.008000000000000007,26.4,21.9,9.0,9.0,-2848.0,-1292.0,66.0,93.4,0.0,-670.0,0.03710741656931446
2006-09-29,12.59,0.0424325461557389,53.7,0.04488968052923773,0.9710000000000001,26.1,22.8,17.0,28.0,-109.0,6.0,-171.0,92.4,0.0,-834.0,0.0537712009994322
2006-10-06,11.98,-0.008459002831057593,53.7,-0.03823566358283705,-0.4250000000000007,26.7,23.3,-10.0,-5.0,3355.0,300.0,-437.0,89.9,0.0,-3657.0,0.03146181894538685
2006-10-13,11.56,-0.0141542144276526,52.2,0.051368592757376395,0.9260000000000002,25.8,23.4,-20.0,-13.0,2131.0,182.0,-129.0,89.2,-0.165300000000002,1638.0,0.039266593281622665
2006-10-20,10.75,-0.02190483538804998,52.2,0.02011392072287092,0.5200000000000005,25.5,22.8,4.0,7.0,5020.0,-469.0,-502.0,86.3,0.0,-4012.0,0.04032873171581595
2006-10-27,10.63,0.0025031302181184748,52.2,0.030334243675649047,1.1879999999999997,24.5,22.3,11.0,3.0,-3205.0,-288.0,-17.0,86.2,0.0,1166.0,0.053455685462475304
2006-11-03,10.8,0.02431152397743761,52.2,-0.066878705794616,-0.5659999999999998,24.6,21.8,5.0,8.0,1910.0,1237.0,473.0,88.9,0.0,769.0,0.04309792668123212
2006-11-10,11.16,-0.009371740583835426,51.4,0.026859567796326762,-0.6779999999999999,25.2,21.7,-5.0,-7.0,517.0,331.0,-141.0,88.1,-0.11389999999998679,-779.0,0.02153561266104794
2006-11-17,10.79,0.02729298022967088,51.4,-0.007580260334556476,1.5679999999999996,22.7,21.4,-46.0,-28.0,1283.0,185.0,-144.0,87.3,0.0,-44.0,0.03714308221103951
2006-11-24,10.05,-0.002393647100877795,51.4,0.06553470995854525,2.599,23.9,21.8,3.0,-13.0,5161.0,1117.0,-39.0,87.1,0.0,438.0,0.051508286505334205
2006-12-01,10.73,0.011146438210472545,51.4,-0.059643924599255854,-1.439,23.3,21.8,1.0,-7.0,-360.0,-611.0,172.0,88.1,0.0,-644.0,0.02303203432767922
2006-12-08,11.66,0.025599617201316385,50.3,-0.06833994624620772,0.36599999999999966,23.7,21.6,20.0,28.0,-1190.0,2544.0,416.0,90.5,-0.041700000000005844,2401.0,0.050273211946105095
2006-12-15,12.07,-0.02472010966880882,50.3,0.02231879666077952,-1.6629999999999994,25.0,21.4,7.0,14.0,-4295.0,-230.0,-236.0,89.1,0.0,7869.0,0.007388404955964173
2006-12-22,10.05,-0.010721030377298796,50.3,-0.02231879666077961,0.7610000000000001,24.4,21.3,-8.0,-4.0,-6323.0,-649.0,277.0,90.7,0.0,-5891.0,0.038735256357282075
2006-12-29,11.36,-0.005425949285997232,50.3,0.016211416699854257,-0.8870000000000005,23.4,21.7,7.0,5.0,-8132.0,-840.0,41.0,90.9,0.0,-947.0,0.023982726514919388
2007-01-05,11.56,-0.01801850550267825,50.3,0.022032318389238026,-0.5620000000000003,24.2,22.4,-13.0,-13.0,-1299.0,984.0,19.0,91.0,0.0,-2797.0,0.03373028521503656
2007-01-12,12.14,0.012406576248108437,51.4,0.08082106129018643,0.13700000000000045,26.4,23.0,-15.0,-14.0,-5749.0,-596.0,77.0,91.5,1.0108000000000033,796.0,0.09368987159133542
2007-01-19,10.15,-0.027806100059607392,51.4,0.06076892276185643,0.7380000000000004,24.5,23.6,22.0,33.0,6768.0,-1166.0,-613.0,87.9,0.0,3779.0,0.07802418407200246
2007-01-26,10.4,0.0,51.4,0.0190518241090463,0.1869999999999994,25.3,24.2,28.0,22.0,789.0,-537.0,-94.0,87.4,0.0,4984.0,0.04852599827171313
2007-02-02,11.13,-0.02030737004198566,51.4,-0.06388914703920795,1.0709999999999997,25.0,24.7,-46.0,-26.0,2684.0,-1276.0,-56.0,87.1,0.0,-544.0,0.08056913034292457
2007-02-09,10.08,0.010931324690831247,50.4,-0.06293583007996098,-0.8170000000000002,24.8,25.0,15.0,6.0,-518.0,-982.0,49.0,87.3,-0.3389000000000095,2411.0,0.08870715490999373
2007-02-16,11.1,0.008329910722846239,50.4,-0.014633176761577589,-0.22199999999999953,24.3,24.8,17.0,27.0,-589.0,-266.0,-119.0,86.6,0.0,604.0,0.03707907755349603
2007-02-23,10.02,0.01942628657794491,50.4,0.008383684248602129,1.7309999999999999,24.1,24.4,15.0,0.0,3694.0,1765.0,-248.0,85.2,0.0,-1177.0,0.026964090933384127
2007-03-02,10.58,0.0038453369322621754,50.4,-0.02904045443491962,4.106,25.0,24.1,8.0,-1.0,1421.0,-934.0,132.0,86.0,0.0,-6181.0,0.05151713707872993
2007-03-09,18.61,0.037732095666890814,54.1,-0.008144693989226544,2.1529999999999987,24.9,23.7,-2.0,-14.0,-4897.0,-337.0,-25.0,85.8,0.9407000000000068,-2726.0,0.009887429605686598
2007-03-16,14.09,-0.019806985553661324,54.1,0.026133461925922436,0.8150000000000013,24.6,23.3,5.0,7.0,1180.0,583.0,-41.0,85.6,0.0,807.0,0.029049388177977677
2007-03-23,16.79,0.009634407783254353,54.1,0.05019831584922099,2.751999999999999,24.3,22.9,-17.0,-12.0,3924.0,1760.0,129.0,86.3,0.0,-4269.0,0.03103162285682438
2007-03-30,12.95,-0.014850676946241445,54.1,-0.08666111428902602,-3.5889999999999986,24.8,22.8,5.0,6.0,-846.0,-212.0,116.0,87.0,0.0,338.0,0.09580805581136506
2007-04-06,14.64,-0.007128229772533846,54.1,-0.05604275568680403,1.6879999999999988,24.7,22.1,4.0,13.0,4307.0,2880.0,4.0,87.0,0.0,-1206.0,0.04840405062454171
2007-04-13,13.23,-0.02234848785656697,52.8,0.024434561783289704,3.3480000000000025,26.0,21.3,-23.0,-34.0,832.0,247.0,282.0,88.4,0.17940000000000111,733.0,0.025496696774273072
2007-04-20,12.2,-0.00252259961393897,52.8,0.010163483624611037,2.631999999999998,25.8,21.0,32.0,34.0,-994.0,1029.0,356.0,90.4,0.0,-15.0,0.03733681925827151
2007-04-27,12.07,0.019290476292797516,52.8,0.003936702981926086,-1.8889999999999993,25.4,20.8,11.0,1.0,2074.0,-1177.0,-457.0,87.8,0.0,-1967.0,0.02838200712023552
2007-05-04,12.45,-0.004697851902905922,52.8,-0.047451908663673416,1.4699999999999989,24.7,20.8,-22.0,-13.0,1169.0,276.0,80.0,88.3,0.0,854.0,0.02869549759631891
2007-05-11,12.91,0.011570731190667856,52.7,0.0705955479764785,2.1700000000000017,24.6,20.9,0.0,2.0,5472.0,608.0,137.0,89.0,0.6786999999999921,1313.0,0.059246405959806764
2007-05-18,12.95,-0.007300869878502421,52.7,-0.0070796755880616884,4.079000000000001,24.4,21.0,-7.0,-6.0,1061.0,-1264.0,93.0,89.5,0.0,2191.0,0.014535139619113223
2007-05-25,12.76,-0.027017261682395047,52.7,-0.040379376136668636,-0.5530000000000008,24.7,21.0,4.0,10.0,1969.0,899.0,281.0,91.1,0.0,-1062.0,0.038937414819767244
2007-06-01,13.34,-0.011800157624704504,52.7,-0.003995702257907463,-2.6050000000000004,24.9,21.0,16.0,5.0,-1956.0,-630.0,-4.0,91.1,0.0,2250.0,0.03204567041842447
2007-06-08,12.78,-0.019362675643401817,53.1,0.0018421865817702093,-1.995000000000001,24.8,21.3,14.0,13.0,213.0,-570.0,-259.0,89.6,0.09720000000000084,3090.0,0.031946620136107114
2007-06-15,14.84,-0.02924126787362177,53.1,0.004929153541402521,-3.3059999999999974,25.8,21.3,-14.0,-19.0,82.0,-131.0,-70.0,89.2,0.0,1916.0,0.032959168303116376
2007-06-22,13.94,-0.012468503630812373,53.1,-0.04881957636667228,2.0489999999999995,24.5,21.4,13.0,19.0,6902.0,-484.0,-284.0,87.6,0.0,2458.0,0.039750265105875926
2007-06-29,15.75,0.0064096558182118795,53.1,-0.016625729317371808,-1.0080000000000027,23.8,21.2,-2.0,11.0,1562.0,-1457.0,320.0,89.4,0.0,3197.0,0.013835507960916999
2007-07-06,16.23,0.020871007631989433,53.1,-0.022029212958017214,-1.7109999999999985,24.3,21.4,4.0,-6.0,3151.0,-390.0,86.0,90.0,0.0,709.0,0.042043028303474304
2007-07-13,14.72,-0.03095251992857319,54.0,-0.029690660955124046,0.47800000000000153,24.3,21.4,-23.0,-16.0,-1588.0,-882.0,25.0,90.2,0.05870000000000175,-4259.0,0.023906628465227977
2007-07-20,15.15,0.017317292375285533,54.0,-0.015265391162389012,-3.277000000000001,24.5,21.1,39.0,28.0,-449.0,-192.0,151.0,91.0,0.0,7560.0,0.023817167417939065
2007-07-27,16.95,0.028468131292393135,54.0,-0.021940679463619665,-3.583,24.7,21.1,-1.0,-4.0,-1103.0,-1382.0,109.0,91.7,0.0,-656.0,0.02534482734366265
2007-08-03,24.17,0.03975397324332154,54.0,-0.019005749354134398,-3.7439999999999998,25.1,21.1,-15.0,-23.0,-6497.0,-492.0,342.0,93.6,0.0,-1325.0,0.04596372865064235
2007-08-10,25.16,0.015458222053369525,51.8,0.020197407886413353,-0.7780000000000005,25.5,21.0,6.0,-4.0,-3961.0,-1479.0,-411.0,91.3,-0.1221000000000032,6904.0,0.035529796113170524
2007-08-17,28.3,-0.026117744032065786,51.8,0.05458993926846204,1.0530000000000008,25.6,21.0,17.0,17.0,-5167.0,-832.0,101.0,91.8,0.0,3415.0,0.013204723105607597
2007-08-24,29.99,0.02590436517710053,51.8,-0.007110521418997173,2.4879999999999995,25.9,20.4,-3.0,-7.0,1890.0,266.0,-34.0,91.6,0.0,-2500.0,0.032289925064392745
2007-08-31,20.72,0.014831008008265522,51.8,0.012441622709492825,-2.8499999999999996,26.3,20.0,21.0,14.0,-3486.0,-25.0,-238.0,90.3,0.0,-886.0,0.02650105223137315
2007-09-07,23.38,0.019019045247302503,52.2,-0.04065880776390505,-0.729000000000001,24.9,19.8,13.0,29.0,-3972.0,1854.0,318.0,92.1,0.19580000000000553,-3204.0,0.03169641756695365
2007-09-14,26.23,0.03298111603928651,52.2,-0.03529622066791366,-0.8460000000000001,25.5,19.9,-15.0,-9.0,-7013.0,-514.0,-272.0,90.5,0.0,-1870.0,0.03529622066791375
2007-09-21,24.92,-0.016289952979268458,52.2,-0.03081116640039754,-0.09600000000000009,25.7,20.2,-27.0,-31.0,-3874.0,-1680.0,-168.0,89.6,0.0,-6939.0,0.03300210655973227
2007-09-28,19.0,-0.036576009227205934,52.2,-0.03136145520405153,-0.12099999999999866,25.6,20.4,-18.0,-25.0,1842.0,-209.0,-462.0,86.9,0.0,-2426.0,0.0335622446036666
2007-10-05,18.0,0.007383312585064744,52.2,-0.0004899559137700036,-2.0580000000000007,26.1,20.7,-9.0,-15.0,1138.0,265.0,103.0,87.5,0.0,1891.0,0.04125946954212896
2007-10-12,16.91,-0.010839039566215649,53.8,0.005402763633277882,0.6399999999999997,26.4,21.0,-5.0,-12.0,-1809.0,199.0,58.0,87.8,0.22639999999999816,-2154.0,0.018590199519035164
2007-10-19,17.73,-0.009655691368064741,53.8,-0.029957973786630947,-1.1469999999999994,26.7,21.3,12.0,11.0,1784.0,-175.0,-87.0,87.3,0.0,-1282.0,0.05741851106153813
2007-10-26,22.96,0.06392656520776212,53.8,-0.057012361566252494,-1.3900000000000006,27.0,21.0,-3.0,-4.0,-5288.0,-257.0,-37.0,87.1,0.0,-3610.0,0.03804559075842238
2007-11-02,19.56,-0.002273761779974255,53.8,-0.03613382128661215,1.4720000000000004,26.6,21.0,-4.0,-10.0,-3894.0,-3110.0,-168.0,86.2,0.0,-708.0,0.07444298614368929
2007-11-09,23.01,0.019493794681001132,52.8,-0.043353079932208924,2.1839999999999993,26.2,20.8,35.0,27.0,-960.0,-1640.0,12.0,86.2,-0.2878999999999934,-2445.0,0.059595754846722714
2007-11-16,28.5,0.02414274063879669,52.8,-0.004057222730654551,0.7030000000000012,25.5,20.9,6.0,4.0,2814.0,11.0,249.0,87.7,0.0,2131.0,0.02853140878457899
2007-11-23,25.49,0.010973392555158994,52.8,0.012747012009166295,-1.4800000000000004,23.2,21.0,-4.0,-4.0,-1071.0,1143.0,-115.0,87.0,0.0,402.0,0.042203073954533245
2007-11-30,25.61,0.04113186902356171,52.8,-0.03187355907856192,1.2219999999999995,23.3,21.2,-24.0,-31.0,-452.0,665.0,426.0,89.4,0.0,-1758.0,0.036722308959775164
2007-12-07,22.87,0.015363606565255645,51.5,0.101429906097411,0.10400000000000098,24.3,21.7,50.0,39.0,-7913.0,671.0,0.0,89.4,0.5430999999999955,4636.0,0.09652893651624159
2007-12-14,20.85,-0.041512111664579104,51.5,0.004859041143959883,1.3609999999999989,24.1,21.8,5.0,19.0,-1089.0,1415.0,-130.0,88.8,0.0,3456.0,0.03083746488823626
2007-12-21,23.27,-0.030926592764738338,51.5,-0.033308565140250254,0.4900000000000002,24.6,22.0,-4.0,-5.0,-7586.0,115.0,-160.0,87.8,0.0,91.0,0.07169049678921945
2007-12-28,18.47,0.01570339192844998,51.5,-0.022105136717144744,-0.2240000000000002,24.6,22.0,-15.0,-16.0,-3299.0,66.0,43.0,88.1,0.0,851.0,0.030687935882888755
2008-01-04,20.74,0.023045289117883918,51.5,-0.02842090822190557,-0.391,24.2,22.2,-27.0,-9.0,-4056.0,5.0,225.0,89.4,0.0,-5799.0,0.026108953567131856
2008-01-11,23.94,0.05239173406766597,50.1,-0.019700497898143675,-0.2259999999999991,25.2,22.8,-8.0,-2.0,-6504.0,234.0,337.0,91.3,0.035700000000005616,5017.0,0.037223111215037866
2008-01-18,23.68,0.021433125735747974,50.1,0.05478809747823869,-2.186000000000001,25.5,23.2,-30.0,-41.0,4259.0,-1214.0,-734.0,87.1,0.0,-4064.0,0.03851920488179106
2008-01-25,27.18,0.04126242615036522,50.1,0.02313755950088429,1.2480000000000002,25.5,24.0,-12.0,-8.0,2297.0,-868.0,-105.0,86.5,0.0,5771.0,0.044167109013999124
2008-02-01,29.08,0.02255420677809597,50.1,-0.0015445722399957027,1.2639999999999993,26.4,24.7,15.0,21.0,3555.0,102.0,-268.0,85.0,0.0,5067.0,0.0418744351074034
2008-02-08,24.02,-0.012036534400416332,50.9,0.019480774124580554,-1.0329999999999995,26.6,25.3,16.0,10.0,6868.0,700.0,-109.0,84.3,-0.1355000000000075,-5392.0,0.037182285282264346
2008-02-15,28.01,-0.014090577099254244,50.9,-0.03109861632864958,0.729000000000001,26.7,25.6,-8.0,-8.0,1066.0,701.0,129.0,85.1,0.0,-3981.0,0.05176942614162564
2008-02-22,25.02,-0.03371863599929791,50.9,-0.039840800655762815,1.3939999999999984,25.4,25.6,18.0,4.0,4204.0,-478.0,-272.0,83.5,0.0,2402.0,0.02889514816308692
2008-02-29,24.06,-0.00871522748620314,50.9,-0.03407256672018691,3.1380000000000017,25.5,25.8,-2.0,2.0,3231.0,240.0,203.0,84.7,0.0,-991.0,0.053416692830819845
2008-03-07,26.54,0.07988933175982726,48.8,-0.030204140042279705,-2.3070000000000004,25.2,25.8,-8.0,-12.0,-3056.0,-824.0,214.0,85.9,-0.40099999999999625,-1638.0,0.033300074173471236
2008-03-14,27.49,-0.006529476711209358,48.8,-0.03198494789955777,-0.6660000000000004,24.1,26.0,39.0,38.0,6400.0,2783.0,-161.0,85.0,0.0,-1345.0,0.05806792329765362
2008-03-21,31.16,0.018275779938736712,48.8,-0.04699973455474172,-2.404,24.7,25.6,-10.0,-15.0,133.0,-1396.0,-199.0,83.8,0.0,-2515.0,0.022271002508125685
2008-03-28,26.62,0.03968191459118079,48.8,0.07898468245429933,2.8499999999999996,23.7,25.2,-8.0,-8.0,88.0,-289.0,-293.0,82.2,0.0,-938.0,0.07179073438652872
2008-04-04,25.71,-0.031870504988799696,48.8,-0.03644479302963608,0.1899999999999995,23.6,24.5,24.0,14.0,7317.0,264.0,35.0,82.4,0.0,622.0,0.06450134019651736
2008-04-11,22.45,-0.007234874561908691,49.7,-0.0057588075131349776,0.6630000000000003,24.7,24.0,22.0,11.0,-3207.0,67.0,242.0,83.0,-0.3101999999999947,-617.0,0.05068407736115236
2008-04-18,23.46,-0.0008646779613538057,49.7,-0.036145729042413366,0.3819999999999997,25.8,23.3,-15.0,-7.0,-2356.0,860.0,-287.0,81.4,0.0,-1042.0,0.021608170803746073
2008-04-25,20.13,-0.06604991082395956,49.7,-0.057768561983680515,-0.12599999999999945,24.0,22.9,12.0,10.0,2421.0,766.0,742.0,85.6,0.0,-1838.0,0.04316713086930945
2008-05-02,19.59,-0.0432785217107218,49.7,-0.015560876887348586,-0.2370000000000001,24.7,22.8,15.0,12.0,3848.0,148.0,-37.0,85.4,0.0,1818.0,0.02812061434448482
2008-05-09,18.18,0.003881490188239658,48.5,0.018736708920155366,-1.0649999999999995,25.0,22.9,-3.0,0.0,5653.0,915.0,-73.0,85.0,-0.6551000000000045,-1080.0,0.05388945929309463
2008-05-16,19.41,0.02254946094987078,48.5,-0.07961938244761461,2.7769999999999992,26.0,22.7,7.0,2.0,176.0,200.0,286.0,86.6,0.0,1469.0,0.048722684705987174
2008-05-23,16.47,-0.019693428890367938,48.5,-0.002616453425254885,1.229000000000001,26.1,22.5,16.0,-4.0,-5317.0,175.0,230.0,87.9,0.0,-1209.0,0.017332010077899376
2008-05-30,19.55,0.0005201560585420083,48.5,-0.04565943193322957,0.6959999999999997,25.1,22.1,27.0,22.0,-8883.0,746.0,-4.0,87.9,0.0,4015.0,0.0470457977478803
2008-06-06,17.83,-0.05491575759611465,48.5,0.03730108016584236,1.2300000000000004,24.6,22.5,-12.0,-14.0,-4802.0,444.0,325.0,89.7,0.0,535.0,0.04304980647532785
2008-06-13,23.56,0.03763615293078375,48.9,-0.08421989116899298,-1.2929999999999993,24.5,22.5,9.0,14.0,-4577.0,-526.0,-192.0,88.6,-0.6111000000000075,8233.0,0.1246820499013323
2008-06-20,21.22,-0.08524129516769942,48.9,0.026921889288022912,-0.6320000000000014,24.7,22.5,15.0,11.0,-1242.0,-613.0,122.0,89.3,0.0,5335.0,0.04052037261473428
2008-06-27,22.87,0.022078048102296112,48.9,0.00178120872386885,-1.327,25.6,22.5,5.0,10.0,803.0,59.0,-127.0,88.6,0.0,-4902.0,0.03537094835140593
2008-07-04,23.44,0.04894620130658723,48.9,-0.040685304150473216,-1.145999999999999,24.8,22.6,7.0,16.0,-1982.0,173.0,111.0,89.2,0.0,2093.0,0.04120542156012531
2008-07-11,24.78,-0.0025176246933604025,49.9,-0.035590446350207104,-1.1530000000000005,23.9,22.7,8.0,9.0,-5706.0,-445.0,-13.0,89.2,-0.23389999999999134,-2647.0,0.037089322473943184
2008-07-18,27.49,0.004283740959164341,49.9,0.0014464306685457726,-0.41999999999999993,23.6,22.9,1.0,5.0,2952.0,-540.0,58.0,89.5,0.0,5699.0,0.06433635427570701
2008-07-25,24.05,-0.03107770304557699,49.9,0.11840357554598288,-0.17600000000000016,24.6,23.2,6.0,-10.0,-1558.0,-364.0,-413.0,87.1,0.0,2445.0,0.1190926129879758
2008-08-01,22.91,-0.0034213132102343187,49.9,0.04458579333462179,-0.012000000000000455,26.9,22.8,29.0,21.0,-81.0,-721.0,5.0,87.2,0.0,901.0,0.06120667457066206
2008-08-08,22.57,0.04134054807252804,50.8,-0.014817471938768307,-2.1980000000000004,26.8,22.2,-6.0,-5.0,1498.0,-93.0,-25.0,87.0,-0.3575000000000017,1749.0,0.03679721062220447
2008-08-15,20.66,0.00025429116475240315,50.8,0.08244366921107459,0.06300000000000061,26.6,21.5,16.0,21.0,-316.0,-239.0,-187.0,85.9,0.0,-2018.0,0.05250349929409307
2008-08-22,19.58,0.0236758356852846,50.8,0.012490881710165732,0.5440000000000005,25.9,20.8,23.0,15.0,9390.0,-462.0,-35.0,85.7,0.0,-6972.0,0.026113880734305102
2008-08-29,18.81,-0.008298802814695066,50.8,-0.007181673886731746,-2.1500000000000004,26.7,20.7,8.0,8.0,-177.0,-717.0,277.0,87.3,0.0,1512.0,0.07104032954930808
2008-09-05,20.65,0.015354888538903811,50.8,-0.007563609194430628,1.311,27.2,20.6,33.0,12.0,-1898.0,805.0,251.0,88.7,0.0,-47.0,0.026066810705946217
2008-09-12,23.06,0.029813227471407758,50.1,0.08331759484086547,1.596,25.7,20.1,-18.0,-20.0,-5880.0,-441.0,-1834.0,78.3,-1.5649000000000086,-1627.0,0.08331759484086547
2008-09-19,25.66,-0.005389395960466515,50.1,0.04870544592813198,6.775999999999998,25.8,20.1,18.0,20.0,-6328.0,-1599.0,-151.0,77.4,0.0,-4289.0,0.05280894900944833
2008-09-26,32.07,-0.02416153642747021,50.1,-0.032764317010852424,-8.704999999999998,24.4,19.8,-13.0,-17.0,-1520.0,-801.0,-1885.0,66.7,0.0,-3780.0,0.13715892474997055
2008-10-03,34.74,-0.010957584200218994,50.1,-0.022134842411211792,-0.23499999999999943,23.6,20.3,-23.0,-30.0,4278.0,-758.0,979.0,72.3,0.0,-341.0,0.13424049516682215
2008-10-10,45.14,0.06678979925526218,47.2,0.12978289730303158,-2.7960000000000003,25.3,21.3,-16.0,-15.0,8192.0,-112.0,1525.0,80.9,-4.3215999999999894,-2021.0,0.06953242196930766
2008-10-17,69.95,-0.07144939867741816,47.2,0.189162113609221,-1.9440000000000004,24.7,22.1,11.0,4.0,5611.0,543.0,232.0,82.2,0.0,-1430.0,0.14762085749982382
2008-10-24,70.33,-0.01537703287058952,47.2,0.07827464484856783,0.8249999999999997,25.3,22.2,-14.0,-11.0,3182.0,462.0,442.0,84.8,0.0,27.0,0.1504420011713843
2008-10-31,79.13,0.06433508303291263,47.2,0.11335652146338832,-0.6379999999999999,25.6,21.8,-12.0,-8.0,493.0,341.0,104.0,85.3,0.0,-490.0,0.14621368662116355
2008-11-07,59.89,-0.07016748196760984,38.2,-0.05548558563410523,-0.7689999999999997,26.6,21.7,7.0,23.0,54.0,1815.0,-12.0,85.3,0.9324000000000012,-894.0,0.07786987458709899
2008-11-14,56.1,0.04129619037202407,38.2,0.10518028971954925,1.19,27.9,21.9,21.0,-13.0,-50.0,441.0,-120.0,84.6,0.0,-959.0,0.14894190507282387
2008-11-21,66.31,0.015401260344246383,38.2,0.06777661087016112,-1.1440000000000001,29.5,22.0,-51.0,-41.0,1599.0,936.0,56.0,84.9,0.0,1962.0,0.10552075922839585
2008-11-28,72.67,0.15544488953596605,38.2,0.13313075159352267,1.2300000000000004,28.7,22.3,0.0,13.0,7280.0,1588.0,220.0,86.2,0.0,4596.0,0.10202970258597555
2008-12-05,55.84,0.09056994763887306,38.2,-0.08629344793359071,-0.9120000000000004,28.9,22.3,-75.0,-68.0,-456.0,2345.0,-321.0,84.3,0.0,-3762.0,0.07089507270989528
2008-12-12,59.93,0.07716640103006298,39.0,0.2879883230283942,0.7769999999999997,29.5,22.7,-14.0,-15.0,352.0,-80.0,546.0,87.4,-1.250399999999999,5007.0,0.18859116980754997
2008-12-19,54.28,0.050418105923071985,39.0,-0.1257827529077615,0.40800000000000036,27.0,22.7,-62.0,-49.0,525.0,4737.0,-584.0,84.1,0.0,1937.0,0.13144935980911893
2008-12-26,44.93,0.19091200399899283,39.0,0.31218023549579565,7.954999999999999,26.4,23.0,-26.0,-13.0,-3101.0,1173.0,98.0,84.7,0.0,322.0,0.27318421619808275
2009-01-02,43.38,-0.003757637112833405,39.0,-0.10739564444058554,-7.991999999999999,26.6,23.0,-43.0,-19.0,549.0,-541.0,-391.0,82.5,0.0,-2261.0,0.12132852671806069
2009-01-09,39.19,-0.10578236759405493,34.5,-0.2060802077339644,0.7119999999999997,25.7,23.4,-98.0,-80.0,6094.0,4039.0,371.0,84.6,-2.6358000000000033,-5289.0,0.17167493781170656
2009-01-16,42.82,-0.008818029005116785,34.5,0.1265884136727458,5.633000000000001,26.9,23.9,-34.0,-28.0,1144.0,798.0,126.0,85.2,0.0,4861.0,0.17851810456757183
2009-01-23,46.11,0.030562650410166668,34.5,0.11183090966393891,5.687999999999999,28.3,24.8,-21.0,-4.0,6100.0,217.0,-348.0,83.3,0.0,6349.0,0.06506804193363473
2009-01-30,47.27,-0.12122537984735647,34.5,-0.2412207474293415,-9.925,27.5,25.1,-53.0,-50.0,6218.0,306.0,-139.0,82.5,0.0,-2373.0,0.24122074742934144
2009-02-06,44.84,-0.08171546414933405,34.5,0.10878554565177548,7.046,29.4,25.1,-43.0,-35.0,7170.0,832.0,180.0,83.5,0.0,-214.0,0.0985079397187361
2009-02-13,43.37,-0.05210225632252781,36.4,0.0369009490739206,-0.032999999999999474,31.3,24.6,-73.0,-46.0,4619.0,581.0,-341.0,81.6,-2.2657000000000096,-1354.0,0.02683237900520404
2009-02-20,42.93,0.03500782296322766,36.4,0.06851288427739503,0.5789999999999988,31.5,24.6,-60.0,-50.0,-138.0,-52.0,127.0,82.3,0.0,-8227.0,0.15204639051072563
2009-02-27,49.3,0.035560867200934834,36.4,-0.037414435850257714,-6.563,31.1,24.0,-39.0,-36.0,717.0,-358.0,-157.0,81.4,0.0,3369.0,0.13136266481721756
2009-03-06,46.35,-0.0775582343458745,36.4,-0.13929288349967084,3.5119999999999996,31.9,23.9,-57.0,-48.0,-757.0,-553.0,310.0,83.1,0.0,-1247.0,0.16244088274773216
2009-03-13,49.33,0.047895042522315634,36.6,-0.016836906374351156,-2.421999999999999,30.8,23.6,-73.0,-54.0,515.0,-401.0,-75.0,82.7,-0.5389999999999873,699.0,0.12552934942530483
2009-03-20,42.36,-0.006243516639685047,36.6,-0.015909674140358692,-0.6010000000000009,28.0,23.9,-44.0,-32.0,1942.0,368.0,-101.0,82.1,0.0,-3921.0,0.10613980088021856
2009-03-27,45.89,0.09268568765625737,36.6,-0.09893994785490366,0.7119999999999997,27.0,23.7,-41.0,-27.0,3302.0,-2211.0,-23.0,82.0,0.0,-2320.0,0.0861486325285484
2009-04-03,41.04,-0.045605678594888156,36.6,-0.025523427266228093,0.7590000000000003,26.3,24.0,-46.0,-47.0,2844.0,-856.0,-49.0,81.7,0.0,-1311.0,0.03673576491863586
2009-04-10,39.7,-0.045349605445649095,37.2,-0.0024787885702019477,-0.34199999999999875,25.9,24.0,4.0,-2.0,1416.0,-878.0,63.0,81.8,-1.3782000000000068,492.0,0.08418310621183456
2009-04-17,36.53,-0.012734641206734025,37.2,0.005155142681592173,-0.2900000000000009,27.2,23.9,-38.0,-18.0,5671.0,-742.0,-260.0,80.4,0.0,-406.0,0.060971638375000234
2009-04-24,33.94,-0.007835161868025659,37.2,0.037247164179907005,2.1500000000000004,27.9,24.0,-30.0,-30.0,3857.0,309.0,543.0,83.4,0.0,-1192.0,0.02169195317017073
2009-05-01,36.82,-0.015154356356673115,37.2,-0.02395088967470029,-3.0,28.8,23.5,-20.0,-18.0,4053.0,221.0,-136.0,82.7,0.0,1867.0,0.1165229182017988
2009-05-08,35.3,-0.053046435880945576,39.9,-0.03150618588462986,0.3439999999999994,28.9,23.5,-10.0,-1.0,954.0,56.0,465.0,85.3,-0.7184000000000026,738.0,0.06363667228642646
2009-05-15,32.05,-0.04098679868890596,39.9,-0.09718811462852503,1.657,28.2,23.1,-17.0,-11.0,-4629.0,-993.0,-285.0,83.7,0.0,1241.0,0.08522982563965127
2009-05-22,33.12,0.047027192193920875,39.9,0.03984174852789715,0.1980000000000004,27.6,22.5,-10.0,-2.0,-2105.0,794.0,-335.0,81.8,0.0,44.0,0.04358707125805906
2009-05-29,32.63,-0.09571594162770496,39.9,-0.0903928265551749,0.34800000000000075,28.3,22.2,-18.0,-17.0,-5413.0,1064.0,583.0,85.1,0.0,-415.0,0.049733549055740116
2009-06-05,28.92,-0.0028935205373407684,39.9,-0.07254312637737478,-0.6830000000000016,30.0,22.1,-1.0,-8.0,2866.0,-766.0,203.0,86.3,0.0,1881.0,0.07254312637737487
2009-06-12,29.62,-0.10130723853934745,44.1,-0.03161673364321646,0.8250000000000011,31.2,21.8,-12.0,-3.0,-4396.0,-942.0,-72.0,85.9,-0.8678999999999917,917.0,0.039877810261564936
2009-06-19,28.15,0.009443931679732063,44.1,-0.05126407128376267,-0.17800000000000082,31.6,22.1,-11.0,-15.0,-3874.0,-5.0,9.0,85.9,0.0,3273.0,0.06523588403309527
2009-06-26,27.99,0.0029035258619302547,44.1,0.03517560193830353,-1.545,30.7,22.8,23.0,7.0,-3868.0,-733.0,204.0,87.1,0.0,4072.0,0.025831694613524175
2009-07-03,25.93,0.06695574991329863,44.1,0.0056232575543622605,-1.1600000000000001,30.4,23.0,18.0,-5.0,-3660.0,363.0,-11.0,87.0,0.0,7153.0,0.048128273058378176
2009-07-10,27.95,0.010798627242225578,46.3,0.03576803389957452,-0.9519999999999991,31.1,23.2,11.0,1.0,-2701.0,1583.0,-33.0,86.8,-0.3205999999999989,-5728.0,0.06890295286324523
2009-07-17,29.02,0.05762911283663642,46.3,0.10814508063914424,0.5579999999999998,31.2,23.5,-12.0,-16.0,-2813.0,619.0,188.0,87.9,0.0,-671.0,0.06715448206637209
2009-07-24,24.34,-0.09822250980188985,46.3,-0.059474795392144245,1.178,32.5,23.5,4.0,-7.0,-1796.0,8.0,-359.0,85.8,0.0,5040.0,0.0656719511436788
2009-07-31,23.09,-0.004106781952653471,46.3,-0.0682583874289598,1.1590000000000007,33.2,23.1,23.0,10.0,5152.0,1310.0,-223.0,84.6,0.0,-3456.0,0.06167219457610324
2009-08-07,25.92,0.05014353858397312,49.7,-0.020364340102877777,2.427999999999999,33.6,23.1,5.0,2.0,1670.0,1204.0,-6.0,84.5,0.956799999999987,4288.0,0.09193216243320478
2009-08-14,24.76,-0.1012728851065773,49.7,-0.021086406013642704,-0.4900000000000002,33.5,23.2,18.0,4.0,2696.0,281.0,-188.0,83.5,0.0,-588.0,0.014555890305717358
2009-08-21,24.27,0.0757468253235677,49.7,0.04941774016021639,0.46000000000000085,33.5,23.0,2.0,7.0,-8397.0,-342.0,92.0,84.0,0.0,3384.0,0.04475440944541716
2009-08-28,25.01,0.0011207622355568286,49.7,-0.09030176574677708,-6.479,31.8,22.8,17.0,7.0,128.0,-1463.0,17.0,84.1,0.0,-448.0,0.10162320352019741
2009-09-04,24.76,0.03422061884202617,49.7,0.0156860612417133,0.819,31.8,22.3,14.0,4.0,-372.0,-589.0,516.0,87.2,0.0,-5321.0,0.04033468554832769
2009-09-11,25.26,0.0020328161494214073,53.4,0.06708965997979366,-1.0650000000000004,31.0,22.4,10.0,2.0,-5806.0,57.0,8.0,87.2,0.9399000000000086,-5279.0,0.02900435334667009
2009-09-18,24.15,0.026809677573239432,53.4,-0.018498816060240682,-1.5869999999999997,30.4,22.5,-10.0,-2.0,-4729.0,-3678.0,-45.0,86.9,0.0,-3060.0,0.056030658688428436
2009-09-25,23.92,-0.03405083882979887,53.4,-0.03892092466846538,0.6419999999999995,31.8,23.3,11.0,6.0,2855.0,481.0,-241.0,85.6,0.0,1653.0,0.051649025473123784
2009-10-02,25.61,0.042747849713469475,53.4,0.08726379388270852,-1.1789999999999998,31.6,23.4,7.0,5.0,2796.0,-1542.0,-178.0,84.6,0.0,-544.0,0.08240982107673134
2009-10-09,28.68,0.03027291257933529,54.9,-0.05782297468644337,0.27100000000000035,32.0,23.7,7.0,2.0,-1134.0,-1406.0,99.0,85.0,0.7637,-5026.0,0.05978657996233353
2009-10-16,23.12,-0.048775380127326816,54.9,-0.025685860330490282,-0.27700000000000014,32.2,23.0,17.0,14.0,334.0,417.0,-725.0,80.9,0.0,-246.0,0.031133121506430692
2009-10-23,21.43,-0.009124419448181355,54.9,-0.09001415594480283,1.633,32.3,22.6,-1.0,-5.0,1312.0,463.0,34.0,81.1,0.0,740.0,0.06932946921491091
2009-10-30,22.27,-0.022882968052785814,54.9,-0.02477646703773437,1.1260000000000003,33.7,23.0,8.0,4.0,778.0,-485.0,119.0,81.8,0.0,-1299.0,0.02842021017723997
2009-11-06,30.69,0.031120731613117618,54.9,0.044451762570833796,-0.4930000000000003,32.9,23.1,21.0,3.0,-3936.0,30.0,-207.0,80.6,0.0,-787.0,0.0365948910756138
2009-11-13,24.19,-0.0331233070213127,57.6,-0.005568880544948392,-1.4400000000000004,32.7,23.6,9.0,6.0,1788.0,1420.0,-116.0,79.9,0.23560000000000514,1057.0,0.0376398737862885
2009-11-20,23.36,0.022836662311037224,57.6,0.01404627073399084,0.33000000000000007,31.6,23.4,23.0,-6.0,-887.0,1350.0,-87.0,79.4,0.0,-679.0,0.03954809898039946
2009-11-27,22.19,0.015321454694433431,57.6,-0.004834398910541348,1.5659999999999998,29.1,23.4,12.0,-2.0,1019.0,1196.0,144.0,80.3,0.0,336.0,0.036600374423599834
2009-12-04,24.85,0.04898317566906247,57.6,0.008771411869880905,0.4240000000000004,29.0,23.9,24.0,22.0,2091.0,1374.0,-105.0,79.7,0.0,-1153.0,0.025199411078257267
2009-12-11,21.25,-0.07997074710789547,55.4,0.0076557924085249055,1.3860000000000001,29.9,24.0,4.0,0.0,-3795.0,2464.0,253.0,81.1,0.3801999999999879,6208.0,0.03770597476799617
2009-12-18,21.59,-0.022204157311010407,55.4,0.07709885373241757,0.20899999999999963,27.5,24.1,20.0,9.0,-3689.0,782.0,-194.0,80.0,0.0,7373.0,0.056482327004649384
2009-12-25,21.68,0.003666623766597281,55.4,-0.04874245538384997,-1.3259999999999996,28.0,24.1,32.0,16.0,-4841.0,571.0,15.0,80.0,0.0,-1923.0,0.0539082008358149
2010-01-01,19.47,-0.07247178995032288,55.4,-0.06197081901323168,-0.05400000000000027,28.9,23.9,-15.0,-22.0,-1538.0,-194.0,41.0,80.3,0.0,-3069.0,0.0741769638402509
2010-01-08,21.68,-0.00837481995116615,55.8,-0.016644816015176256,0.7060000000000004,27.6,24.5,11.0,8.0,-1343.0,1158.0,-72.0,79.9,0.35720000000000596,693.0,0.0074622492613843835
2010-01-15,18.13,0.0013039511562013186,55.8,-0.04182955128055493,0.6630000000000003,29.7,25.1,31.0,22.0,3699.0,-1197.0,254.0,81.3,0.0,11864.0,0.02028122220839955
2010-01-22,17.91,0.04156165561517341,55.8,0.05911518756758055,-0.48800000000000043,31.8,25.9,28.0,30.0,-471.0,-748.0,-515.0,78.4,0.0,-4781.0,0.056331861513459314
2010-01-29,27.31,0.018394478832789187,55.8,0.04537293263847927,0.14200000000000035,31.5,26.4,34.0,22.0,-3888.0,-691.0,12.0,78.5,0.0,-10596.0,0.05836509093213212
2010-02-05,24.62,0.006393350477710344,55.8,0.022384438656990843,-0.5900000000000007,31.8,26.4,35.0,28.0,2317.0,-1037.0,-133.0,77.7,0.0,4196.0,0.03199732977116957
2010-02-12,26.11,0.005312468806186499,56.3,0.023599096278339764,0.4090000000000007,30.9,26.6,18.0,17.0,2294.0,-675.0,255.0,79.1,0.9633000000000038,2552.0,0.0814356234653908
2010-02-19,22.73,-0.03525564802341057,56.3,-0.040467949552846424,-1.1150000000000002,31.2,26.9,11.0,13.0,3085.0,-710.0,114.0,79.8,0.0,814.0,0.04607732228134393
2010-02-26,20.02,-0.021419828300822973,56.3,-0.07382850121928926,0.8069999999999995,33.0,26.4,-1.0,2.0,3034.0,-710.0,251.0,81.2,0.0,-1951.0,0.0738285012192893
2010-03-05,19.5,0.04358519053095121,56.3,0.0018812321344193262,2.527000000000001,33.5,26.3,28.0,12.0,4034.0,67.0,124.0,81.9,0.0,-3069.0,0.025138695104315607
2010-03-12,17.42,-0.018640890640849426,55.5,-0.022835442493318904,1.3569999999999993,34.0,25.8,23.0,21.0,1470.0,631.0,-202.0,80.7,0.3352999999999895,-1684.0,0.034959864823459454
2010-03-19,17.58,-0.005417131340419674,55.5,0.003195283534633128,-0.23600000000000065,33.5,25.4,11.0,1.0,1012.0,-681.0,-33.0,80.6,0.0,-5415.0,0.010652075008513602
2010-03-26,16.97,0.0029757901034441854,55.5,0.0069170236261726645,0.33500000000000085,32.8,25.1,20.0,12.0,7245.0,534.0,99.0,81.1,0.0,-1872.0,0.0384733740073494
2010-04-02,17.77,-0.04191595025374766,55.5,0.008464078412129584,-0.5749999999999993,30.7,25.0,17.0,2.0,2929.0,483.0,264.0,82.6,0.0,545.0,0.023594448853628932
2010-04-09,17.47,-0.025142422379100925,58.8,-0.059094039307703926,0.25099999999999945,30.3,24.7,21.0,8.0,2146.0,228.0,334.0,84.5,0.6149000000000058,-1716.0,0.03233040203848915
2010-04-16,16.14,0.016090246251631534,58.8,-0.0005889628534698293,-0.8830000000000009,30.0,24.2,11.0,10.0,-2202.0,1093.0,196.0,85.6,0.0,618.0,0.02235770817503571
2010-04-23,18.36,0.03138332870594521,58.8,0.019981635309621784,1.2090000000000014,29.8,24.6,15.0,14.0,1894.0,1854.0,-30.0,85.9,0.0,-1197.0,0.030757096797009366
2010-04-30,16.62,-0.012409400168589954,58.8,-0.0223340240679007,1.2299999999999986,32.2,24.3,-9.0,-17.0,1963.0,454.0,531.0,89.0,0.0,-463.0,0.04407269054528007
2010-05-07,22.05,0.04179552868998139,58.1,-0.012027937380604403,0.6699999999999999,31.6,24.3,1.0,2.0,2755.0,1679.0,113.0,89.6,0.30630000000000734,934.0,0.04401920695168046
2010-05-14,40.95,0.06441085030927009,58.1,0.13713625727601822,0.053000000000000824,30.9,24.1,9.0,-5.0,1919.0,784.0,-207.0,88.4,0.0,5126.0,0.13760045596138742
2010-05-21,31.24,-0.008137214327161489,58.1,0.04771897667907195,3.3949999999999996,30.5,24.1,14.0,-2.0,162.0,917.0,-83.0,87.9,0.0,-2278.0,0.06996991113477806
2010-05-28,40.1,0.06424912741539517,58.1,0.022168221601197236,-5.51,30.5,24.2,12.0,18.0,2460.0,-324.0,-18.0,87.8,0.0,1641.0,0.029982693440588546
2010-06-04,32.07,-0.01652930195121047,58.1,-0.05459309818212507,-0.5530000000000008,30.6,24.0,17.0,-2.0,-1902.0,268.0,-60.0,87.5,0.0,7686.0,0.0809933046640668
2010-06-11,35.48,0.02770260254933575,57.4,0.03382230553947167,0.9280000000000008,31.7,24.0,-29.0,-20.0,-1675.0,-473.0,274.0,89.1,1.2238999999999862,854.0,0.04243724642311841
2010-06-18,28.79,-0.00993796999013252,57.4,-0.0312503921082249,-0.08000000000000007,33.6,23.7,21.0,7.0,1690.0,194.0,-202.0,87.9,0.0,1362.0,0.05500978393210602
2010-06-25,23.95,0.004646128847183539,57.4,-0.04505266394094325,1.0709999999999997,34.7,23.6,12.0,-1.0,2017.0,-826.0,253.0,89.4,0.0,3667.0,0.033382247531548476
2010-07-02,28.53,0.03506914415791907,57.4,-0.021533772340008313,-1.302999999999999,34.5,23.4,13.0,5.0,-2007.0,-795.0,-173.0,88.4,0.0,5055.0,0.03234609678483981
2010-07-09,30.12,0.043035052459997454,56.5,0.08906545297408822,-1.4009999999999998,35.2,23.4,5.0,2.0,-5044.0,-184.0,262.0,89.8,0.16980000000000928,-5530.0,0.08130015394486968
2010-07-16,24.98,-0.02486453306529538,56.5,-0.05330817471303843,0.10999999999999943,33.1,23.7,10.0,4.0,-5058.0,314.0,118.0,90.5,0.0,3177.0,0.05552854753754683
2010-07-23,26.25,0.0438417206673317,56.5,0.0010519396104822591,-0.652000000000001,31.9,23.7,4.0,15.0,360.0,985.0,166.0,91.5,0.0,5329.0,0.028930354260563087
2010-07-30,23.47,-0.024667579525864118,56.5,-0.03832974528055427,-0.05299999999999905,31.9,23.6,14.0,3.0,7308.0,66.0,-148.0,90.6,0.0,1679.0,0.035424648643245925
2010-08-06,23.5,0.03015644407823418,56.5,0.0003799151568522691,0.2530000000000001,31.9,23.7,1.0,-10.0,-2784.0,666.0,96.0,91.2,0.0,-2507.0,0.025519112568545377
2010-08-13,21.74,0.03109420810025035,56.1,-0.02192383457425207,-1.1950000000000003,31.1,23.7,19.0,11.0,-2998.0,-114.0,-540.0,88.1,0.3492999999999995,444.0,0.022665595090233883
2010-08-20,26.24,0.052825976319706605,56.1,0.06806393505229254,-1.6589999999999998,32.3,23.6,35.0,9.0,-818.0,-687.0,333.0,90.0,0.0,2057.0,0.07768295113499467
2010-08-27,25.49,0.0230852257425973,56.1,0.025933599832089385,1.1800000000000006,32.7,24.0,11.0,-7.0,4108.0,-779.0,-399.0,87.7,0.0,-2428.0,0.03096139555176082
2010-09-03,24.45,-0.01293285427857924,56.1,-0.023011174797856394,-0.7880000000000011,33.0,24.1,5.0,-12.0,3425.0,-503.0,-117.0,87.0,0.0,-6265.0,0.048238234563017714
2010-09-10,21.31,-0.019832268343103664,56.4,0.007611707979662453,0.6990000000000007,33.0,24.0,-3.0,4.0,-1768.0,-218.0,207.0,88.2,0.33839999999999293,1397.0,0.04220035449037647
2010-09-17,21.99,-0.03459292679890254,56.4,-0.024496425165356286,0.3099999999999987,32.9,24.2,1.0,3.0,-2489.0,-581.0,-103.0,87.6,0.0,-10676.0,0.0313563619465057
2010-09-24,22.01,0.019881370553828995,56.4,0.03717702135815205,1.338000000000001,32.4,24.8,7.0,2.0,970.0,-210.0,28.0,87.8,0.0,2406.0,0.046810003944843324
2010-10-01,21.71,0.049392755329576266,56.4,-0.03770010231685541,-1.6559999999999997,32.6,24.4,-11.0,-15.0,-475.0,-399.0,-359.0,85.8,0.0,1003.0,0.03960253528634301
2010-10-08,22.5,0.03712088634541257,55.3,-0.06442412055563781,1.0040000000000004,32.6,24.3,9.0,-5.0,2843.0,749.0,-455.0,83.1,0.2732000000000028,-6255.0,0.06848517283895421
2010-10-15,20.71,0.04811364147017078,55.3,-0.01315167519417386,0.5759999999999987,32.6,24.2,12.0,9.0,-416.0,-33.0,-225.0,81.9,0.0,-5526.0,0.021373005435453365
2010-10-22,19.03,-0.0674322000816067,55.3,0.017204987873739336,-0.6319999999999997,34.2,24.3,-1.0,-5.0,667.0,-1051.0,103.0,82.5,0.0,2219.0,0.02143026125709752
2010-10-29,18.78,0.001954270702099682,55.3,-0.005400774143930992,-1.2989999999999995,34.2,23.9,-1.0,-1.0,5007.0,-351.0,221.0,83.7,0.0,-483.0,0.04417277142289038
2010-11-05,21.2,-0.01745244995122605,55.3,0.0031878398747378443,-0.02800000000000047,33.3,23.5,3.0,2.0,1950.0,-114.0,-333.0,81.8,0.0,180.0,0.013660414887096869
2010-11-12,18.26,0.026886482184584767,56.9,-0.06443873720807389,0.016000000000000014,34.1,23.2,11.0,-12.0,-3545.0,-1746.0,112.0,82.4,-0.2634000000000043,-237.0,0.04594447605066041
2010-11-19,20.61,-0.09667360436342222,56.9,0.022943998381386183,2.505000000000001,31.9,22.8,2.0,0.0,-7286.0,1266.0,267.0,84.0,0.0,330.0,0.03393689506617666
2010-11-26,18.04,-0.02967367135180057,56.9,0.04051278219936141,1.7379999999999995,31.1,23.4,-8.0,-19.0,1029.0,560.0,268.0,85.5,0.0,541.0,0.05349127486972751
2010-12-03,22.22,0.0017418572597787045,56.9,-0.027229854455915383,-2.4830000000000005,32.4,23.5,10.0,17.0,1066.0,910.0,-514.0,82.6,0.0,291.0,0.031617920532769725
2010-12-10,18.01,-0.04732798126901814,57.3,-0.06281335911583454,2.155000000000001,32.7,23.9,26.0,8.0,-4134.0,394.0,865.0,87.5,0.080600000000004,4646.0,0.05864345970377001
2010-12-17,17.61,-0.09932303838821749,57.3,0.015821326739998524,-0.21700000000000053,30.6,23.7,10.0,-13.0,-9854.0,982.0,96.0,88.0,0.0,6846.0,0.01794934456718796
2010-12-24,16.11,-0.002706361597742914,57.3,-0.0026164624448278685,0.23499999999999943,31.1,23.7,-14.0,-7.0,-5333.0,479.0,-58.0,87.7,0.0,2741.0,0.010435666393206151
2010-12-31,16.47,-0.019331457018306922,57.3,-0.0388841945443416,0.6349999999999998,30.0,23.1,5.0,-10.0,-1258.0,245.0,18.0,87.8,0.0,-4977.0,0.029948999656874177
2011-01-07,17.75,0.029897593056188877,56.6,0.0014216197921613947,0.11700000000000088,30.2,23.7,-20.0,-12.0,-4161.0,858.0,41.0,88.0,0.9078000000000088,-938.0,0.018199366261256154
2011-01-14,17.14,-0.009364212816265479,56.6,0.037348970662310584,2.083,30.9,24.6,6.0,-5.0,-2392.0,-117.0,-280.0,86.4,0.0,672.0,0.03920760564770499
2011-01-21,15.46,0.0003007066629183576,56.6,-0.039098369752681335,0.9969999999999999,30.0,25.4,0.0,-12.0,2617.0,-571.0,-613.0,83.0,0.0,6924.0,0.028824258237898914
2011-01-28,18.47,-0.02406890813267907,56.6,0.026904473600867666,2.106,30.2,26.2,13.0,4.0,4836.0,862.0,-195.0,81.8,0.0,-5989.0,0.029713937717733594
2011-02-04,20.04,0.0246705928680394,56.6,-0.002577754299344229,0.5360000000000014,31.3,27.2,19.0,7.0,2594.0,667.0,461.0,84.5,0.0,138.0,0.0422968522024905
2011-02-11,15.93,-0.09056609072347327,59.1,0.003475924338392761,-0.7920000000000016,30.8,27.9,7.0,-2.0,1831.0,-927.0,45.0,84.7,-0.1973000000000127,1627.0,0.03487827322492303
2011-02-18,15.69,0.0019259876637317882,59.1,0.03952178059690916,3.995000000000001,29.8,27.9,-18.0,-5.0,860.0,250.0,-616.0,81.2,0.0,-217.0,0.021958584819896397
2011-02-25,16.43,0.013586788793678726,59.1,-0.007218566680976728,2.0299999999999976,28.7,27.2,-8.0,-1.0,822.0,-217.0,-330.0,79.4,0.0,-9930.0,0.023905520853554386
2011-03-04,19.22,0.04803667926627104,59.1,-0.12707206090482343,1.5809999999999995,29.2,26.4,-14.0,1.0,-364.0,1130.0,281.0,80.9,0.0,786.0,0.12931718890166985
2011-03-11,19.06,-0.02259001360510682,59.2,-0.06467898940793546,-0.6689999999999969,30.5,25.3,8.0,-7.0,2377.0,1693.0,188.0,82.0,-0.37119999999998754,-875.0,0.07401957566595142
2011-03-18,20.08,0.02552342726622817,59.2,0.031717806180642044,0.7729999999999997,30.1,24.8,8.0,-17.0,1745.0,-243.0,242.0,83.4,0.0,-270.0,0.04143864895243274
2011-03-25,24.44,0.04016122580196556,59.2,0.0008900757151933303,-1.559000000000001,28.6,24.2,5.0,-7.0,2131.0,177.0,123.0,84.1,0.0,-2760.0,0.04270538138911602
2011-04-01,17.91,-0.05097214190618121,59.2,-0.04194929002069093,-0.35600000000000165,29.5,24.1,18.0,5.0,2945.0,1689.0,4.0,84.1,0.0,722.0,0.03287493282772332
2011-04-08,17.4,-0.000871459750141086,58.4,-0.023812881083234698,1.1920000000000002,29.4,24.3,38.0,11.0,1616.0,-16.0,47.0,84.4,0.968599999999995,2062.0,0.03737694423492688
2011-04-15,17.87,-0.03844984521840442,58.4,-0.04395216546132883,0.8060000000000009,29.9,23.3,6.0,-2.0,1627.0,26.0,-439.0,81.4,0.0,-2298.0,0.04025325242207267
2011-04-22,15.32,0.04837114048846333,58.4,0.02814301267592309,2.591000000000001,30.3,23.1,-10.0,-4.0,-2322.0,-770.0,189.0,82.5,0.0,-1368.0,0.03395802066951306
2011-04-29,14.69,0.004997805493332455,58.4,-0.02370014060854493,-3.215,27.9,22.7,28.0,-7.0,6156.0,-738.0,34.0,82.7,0.0,1671.0,0.04713510920153033
2011-05-06,14.75,0.0314350086081597,58.4,-0.014499414125577108,2.724999999999998,27.2,22.5,18.0,4.0,3421.0,102.0,24.0,82.8,0.0,-922.0,0.015212109033249549
2011-05-13,18.4,0.0435121466387765,57.9,0.15901929573226736,2.0970000000000013,27.4,22.9,18.0,8.0,3632.0,1124.0,-190.0,81.7,-0.3038999999999987,-2252.0,0.15541410387403012
2011-05-20,17.07,-0.007279665001053421,57.9,-0.025099117681046813,-1.559000000000001,26.7,22.9,-6.0,-16.0,-15.0,-1591.0,268.0,83.2,0.0,4035.0,0.05612834362486478
2011-05-27,17.43,0.00791519092012414,57.9,0.0016069100575355445,-4.055,26.9,23.4,0.0,-8.0,616.0,56.0,538.0,86.3,0.0,-2098.0,0.032386973574716135
2011-06-03,15.98,0.02315215951968207,57.9,-0.01099571254497861,2.737000000000002,28.4,23.4,17.0,15.0,2878.0,-159.0,-57.0,86.0,0.0,7176.0,0.036382266084737276
2011-06-10,17.95,0.02871010588243136,54.8,0.003685079614668353,0.07499999999999929,28.6,23.4,7.0,6.0,-4632.0,-1016.0,226.0,87.2,0.11310000000000286,3951.0,0.024444347402934014
2011-06-17,18.86,0.005707586419364569,54.8,0.009322908486075854,2.2959999999999994,31.1,23.3,1.0,-8.0,-3406.0,-1141.0,-197.0,86.1,0.0,5318.0,0.029065448045898074
2011-06-24,21.85,0.00845313571105841,54.8,0.0653378467911271,2.567,31.0,23.0,5.0,-9.0,-1711.0,273.0,547.0,89.2,0.0,-3901.0,0.06614324298889632
2011-07-01,21.1,0.02788956800515077,54.8,0.02009080987689227,-7.594000000000001,31.4,23.0,22.0,3.0,-4375.0,-542.0,-190.0,88.1,0.0,2140.0,0.04710413217525875
2011-07-08,15.87,-0.10560489920155659,55.8,-0.040628908745688495,5.586000000000002,30.3,22.8,4.0,1.0,-873.0,-460.0,38.0,88.4,0.2839999999999918,452.0,0.051723617853991814
2011-07-15,15.95,0.049921812724753316,55.8,-0.013184244548488856,4.505999999999997,30.4,22.9,1.0,-1.0,-3124.0,615.0,-29.0,88.0,0.0,3676.0,0.03853583574590326
2011-07-22,19.53,0.04078071399846355,55.8,-0.010752791776261737,0.28999999999999915,30.5,23.2,18.0,12.0,-3727.0,-977.0,406.0,90.3,0.0,3239.0,0.030022958900196645
2011-07-29,17.52,-0.019080647014689332,55.8,-0.026687190807120734,-3.383999999999997,29.6,23.5,11.0,4.0,2296.0,430.0,-353.0,88.3,0.0,6915.0,0.04025058142518702
2011-08-05,25.25,0.05765485437160547,55.8,0.0426510417961347,2.6650000000000027,29.6,23.7,-8.0,-12.0,950.0,-1149.0,169.0,89.3,0.0,-1826.0,0.039843459484639694
2011-08-12,32.0,0.08854015572835153,52.9,0.09669044227328345,-0.46400000000000574,28.3,23.4,12.0,6.0,-5121.0,-1372.0,125.0,90.0,0.46399999999999864,317.0,0.09107215008361824
2011-08-19,36.36,0.12641392485565872,52.9,0.01741597485580935,1.4440000000000026,28.6,22.9,39.0,13.0,4233.0,-893.0,-156.0,89.1,0.0,-5786.0,0.07784804196457398
2011-08-26,43.05,0.08894748601649612,52.9,0.03722691852753793,3.6640000000000015,27.8,23.1,15.0,4.0,-2213.0,-26.0,224.0,90.3,0.0,-3170.0,0.06608728471413135
2011-09-02,35.59,-0.05971221299401304,52.9,-0.03710978821993696,-3.097999999999999,28.4,22.8,1.0,-2.0,5281.0,-577.0,-201.0,89.2,0.0,1859.0,0.01557002437738566
2011-09-09,33.92,0.0967260607414942,52.6,-0.012571461107084425,0.1629999999999967,28.9,23.0,-7.0,-3.0,-3961.0,-396.0,-44.0,89.0,0.6389000000000067,-2057.0,0.028283331282249177
2011-09-16,38.52,0.03530681383214514,52.6,-0.009096729204128682,-2.8729999999999976,29.1,23.4,-10.0,-3.0,-6704.0,-460.0,-356.0,87.0,0.0,-10834.0,0.037869488568382396
2011-09-23,30.98,-0.0650266832170725,52.6,-0.008219224353132125,-0.030000000000001137,31.4,23.9,27.0,20.0,-7336.0,-231.0,232.0,88.3,0.0,1349.0,0.025258119981987032
2011-09-30,41.25,0.11085249542248944,52.6,0.09673229102553906,-2.003,32.0,24.1,6.0,0.0,1915.0,-1078.0,-76.0,87.8,0.0,-3047.0,0.08449307619009325
2011-10-07,42.96,-0.04374030571439557,53.7,0.00817357584064106,0.6610000000000014,33.0,24.0,-1.0,11.0,-4679.0,-831.0,-18.0,87.7,-0.07880000000000109,803.0,0.064183344433429
2011-10-14,36.2,-0.08116621312836678,53.7,-0.046623316084341636,0.39899999999999736,33.3,23.4,22.0,12.0,1233.0,532.0,-622.0,84.2,0.0,-5176.0,0.09221783419829165
2011-10-21,28.24,-0.07907978030014308,53.7,-0.04500700676158256,3.897000000000002,32.6,23.2,11.0,1.0,-4729.0,471.0,-205.0,83.1,0.0,679.0,0.030055469339031995
2011-10-28,31.32,0.012978477092990532,53.7,-0.00688866099518538,-5.8210000000000015,33.0,23.4,-10.0,-9.0,4735.0,419.0,310.0,84.8,0.0,-1194.0,0.03501855167074708
2011-11-04,24.53,-0.043197549033371835,53.7,-0.06553916449173937,-5.552,32.3,23.8,8.0,7.0,1826.0,560.0,81.0,85.3,0.0,-567.0,0.04083973272213391
2011-11-11,30.16,0.1307004472911918,51.4,-0.010022474342355743,-0.3949999999999996,31.1,23.8,5.0,-27.0,-1588.0,-932.0,-475.0,82.6,0.6607000000000056,923.0,0.02220525668508199
2011-11-18,30.04,-0.011730339785489716,51.4,-0.04896191343613115,-4.986000000000001,28.8,23.9,-10.0,-30.0,-1056.0,890.0,388.0,84.8,0.0,195.0,0.035683185287424
2011-11-25,32.0,0.023102526621342753,51.4,0.01608996014885167,-3.8789999999999996,28.5,24.4,-15.0,-6.0,-6219.0,-13.0,134.0,85.5,0.0,1078.0,0.051811587316757265
2011-12-02,34.47,0.023139865469290533,51.4,0.006591845890013151,-1.3249999999999993,28.5,24.2,-1.0,-6.0,3932.0,-715.0,-168.0,84.6,0.0,-2618.0,0.018952055556698152
2011-12-09,27.52,-0.034512052305143516,51.8,-0.042387369900051805,1.0389999999999997,29.2,24.9,-7.0,-9.0,1149.0,-196.0,559.0,87.7,-0.008300000000005525,4329.0,0.027616355623220085
2011-12-16,26.38,-0.01367208796839995,51.8,0.015471686568849244,-0.09800000000000075,30.1,25.3,-6.0,-36.0,-1932.0,83.0,-464.0,85.1,0.0,4818.0,0.029458096412072646
2011-12-23,24.29,0.10957241237527555,51.8,0.06097047177759416,1.2570000000000014,29.5,25.0,32.0,-2.0,-10570.0,-990.0,-34.0,84.9,0.0,-492.0,0.06828696645533909
2011-12-30,20.73,-0.09146572733901001,51.8,-0.06368281459268346,0.5869999999999997,29.2,24.9,-11.0,-16.0,3899.0,-289.0,-134.0,84.2,0.0,-1851.0,0.05994768405632033
2012-01-06,23.4,0.07589494295413056,51.8,0.008563852651050587,0.47600000000000087,29.5,25.1,-1.0,7.0,2209.0,-613.0,150.0,85.0,0.0,-3329.0,0.025079997659671158
2012-01-13,20.63,-0.042759381358032,53.0,-0.02724855444838524,2.0919999999999987,29.6,25.9,0.0,2.0,1825.0,-191.0,109.0,85.6,0.5086000000000013,4384.0,0.04346143033248852
2012-01-20,20.91,0.04970942269900426,53.0,0.028564810397041843,1.7699999999999996,31.2,27.0,-20.0,-20.0,-3438.0,-832.0,-350.0,83.7,0.0,540.0,0.03523804418978865
2012-01-27,18.28,-0.08284498429510297,53.0,0.002434572109381454,1.1030000000000015,30.0,27.7,21.0,-11.0,3558.0,374.0,-254.0,82.2,0.0,987.0,0.02259472532999868
2012-02-03,18.53,0.0679352299288159,53.0,-0.011110103169336782,3.783999999999999,31.4,28.5,0.0,-3.0,4175.0,1476.0,-78.0,81.8,0.0,-3052.0,0.007551004919218007
2012-02-10,17.1,-0.016251995976956233,54.2,0.017426986120474254,2.2399999999999984,31.5,28.8,-11.0,-32.0,291.0,367.0,180.0,82.8,0.5746999999999929,-3783.0,0.02480397736580819
2012-02-17,20.79,-0.03273949696303714,54.2,-0.008447457490158315,1.8120000000000012,31.0,28.7,-8.0,-25.0,-171.0,1990.0,209.0,84.0,0.0,3935.0,0.02978619187465902
2012-02-24,17.78,-0.008020093114001462,54.2,-0.045275425981337714,-3.3359999999999985,33.7,28.2,5.0,-4.0,1633.0,-315.0,262.0,85.5,0.0,802.0,0.02451343453290863
2012-03-02,17.31,0.013065512495201402,54.2,-0.061330892848812005,3.8629999999999995,31.5,27.7,-13.0,-6.0,4160.0,1648.0,-331.0,83.6,0.0,-4482.0,0.06133089284881193
2012-03-09,17.29,0.001012145835394584,53.3,0.02836610939151745,0.03999999999999915,29.2,27.5,8.0,-19.0,848.0,2365.0,42.0,83.9,0.31170000000000186,-298.0,0.021264555370419526
2012-03-16,17.11,-0.026974662490592466,53.3,-0.006539023767056651,1.8560000000000016,30.0,27.1,-16.0,-21.0,1750.0,2519.0,-211.0,82.7,0.0,-412.0,0.02546106419827309
2012-03-23,14.47,-0.12318978266883074,53.3,0.0031707571095291602,1.2800000000000011,29.5,27.2,11.0,-7.0,-1162.0,-176.0,-85.0,82.2,0.0,-3059.0,0.018382004129972214
2012-03-30,14.82,0.02738687065448764,53.3,0.0017762824284298614,-0.2750000000000057,31.0,26.5,-16.0,-11.0,7102.0,1043.0,63.0,84.5,0.0,151.0,0.02567607317791364
2012-04-06,15.5,0.009901070982711755,53.3,0.03668999839936632,1.3830000000000027,30.2,25.9,11.0,6.0,9009.0,729.0,200.0,85.7,0.0,96.0,0.0433174189293495
2012-04-13,16.7,0.07316905392711111,53.5,-0.002811032723914887,0.605000000000004,28.4,25.2,0.0,-11.0,2566.0,292.0,-327.0,83.8,-0.5035000000000025,688.0,0.03638524246172938
2012-04-20,19.55,0.035664998410539134,53.5,0.004657037620254847,0.7119999999999962,27.8,24.5,-29.0,-23.0,3856.0,592.0,143.0,84.6,0.0,-1663.0,0.02560483865400271
2012-04-27,17.44,0.00962763960538474,53.5,-0.0021371680953688036,-6.433,27.8,24.4,22.0,7.0,3978.0,574.0,10.0,84.7,0.0,891.0,0.018695754501345085
2012-05-04,16.32,0.01435922107788888,53.5,-0.018079153833351683,-1.1870000000000012,28.9,24.2,-27.0,-18.0,2840.0,1213.0,222.0,86.0,0.0,265.0,0.017497081639967563
2012-05-11,19.16,0.029884268423056925,55.2,0.06333844098820866,-0.7289999999999992,29.2,23.8,20.0,-7.0,5289.0,1163.0,82.0,86.4,0.6959000000000088,5299.0,0.07499236984234117
2012-05-18,19.89,0.022061696497832888,55.2,0.024253578103886297,2.4269999999999996,28.4,23.3,9.0,-8.0,2128.0,1000.0,314.0,88.3,0.0,-3178.0,0.018653604196446617
2012-05-25,25.1,0.06461106638770282,55.2,0.04958107292314441,-0.33699999999999974,27.5,22.9,12.0,2.0,883.0,1668.0,-24.0,88.1,0.0,1329.0,0.03543804738486191
2012-06-01,21.76,-0.009243277826353362,55.2,0.00680050882332312,-0.9579999999999984,27.7,22.6,-3.0,-6.0,2213.0,54.0,169.0,89.1,0.0,5717.0,0.029267173601545158
2012-06-08,26.66,0.1796798507840002,53.2,0.08771200057325344,-0.13700000000000045,28.2,23.1,-3.0,-6.0,-1763.0,926.0,251.0,91.0,0.22499999999999432,766.0,0.08771200057325344
2012-06-15,21.23,-0.11862385359240933,53.2,-0.010398707220898511,0.5440000000000005,26.7,22.8,4.0,-23.0,-191.0,-380.0,174.0,92.0,0.0,-1646.0,0.012307847674596773
2012-06-22,21.11,0.03609601575687265,53.2,0.0008326890387754131,0.1739999999999995,26.5,22.9,-13.0,-3.0,2861.0,360.0,-10.0,91.9,0.0,4787.0,0.01692209597150843
2012-06-29,18.11,-0.059654942853347256,53.2,0.0521517522865439,-3.8880000000000017,25.2,23.2,-5.0,-21.0,-133.0,-339.0,112.0,92.6,0.0,4397.0,0.07190423038886135
2012-07-06,17.08,0.017465063022151707,53.2,-0.06315843184004566,1.8880000000000017,23.8,23.0,-7.0,-7.0,-4270.0,225.0,-101.0,92.0,0.0,1664.0,0.08945400853129924
2012-07-13,17.1,0.060093171323722674,49.5,0.0060209142398195475,2.8679999999999986,25.2,23.4,6.0,8.0,-4855.0,-859.0,122.0,92.7,0.005400000000008731,5065.0,0.04562952428548716
2012-07-20,16.74,0.0408219945202552,49.5,-0.03089724060464794,1.2490000000000023,24.5,23.3,-12.0,-20.0,-809.0,-500.0,-127.0,92.0,0.0,-3778.0,0.03731208797647911
2012-07-27,16.27,0.020367302824433733,49.5,-0.0486261356280982,1.1179999999999986,26.8,23.9,-18.0,-4.0,2717.0,203.0,172.0,93.0,0.0,3276.0,0.046725601400858456
2012-08-03,16.7,-0.059251938004462684,49.5,0.01442994691823693,-3.2590000000000003,27.9,23.7,-11.0,-13.0,-6522.0,-1385.0,-132.0,92.2,0.0,1734.0,0.022326613154477353
2012-08-10,15.64,-0.010929070532190317,49.6,-0.013992405891786061,2.9879999999999995,26.6,23.6,6.0,-7.0,-3775.0,-802.0,64.0,92.6,0.2049999999999983,-214.0,0.04784422221690889
2012-08-17,14.74,-0.05836541458998377,49.6,-0.015955187327812648,1.8930000000000042,27.5,22.9,1.0,-3.0,-3699.0,899.0,6.0,92.6,0.0,-2513.0,0.015817836658491083
2012-08-24,13.45,-0.08826712218817316,49.6,-0.033251686921615405,-1.470000000000006,27.6,22.5,-17.0,-11.0,-5412.0,45.0,-244.0,91.2,0.0,-5120.0,0.03476030789739783
2012-08-31,15.18,0.07092737533744504,49.6,-0.0014571193252563806,-3.049999999999997,29.1,22.2,-16.0,2.0,3778.0,-421.0,6.0,91.2,0.0,-4060.0,0.013352162346103364
2012-09-07,17.47,0.0853422421290997,49.0,-0.0033226071476734078,2.285,30.2,21.7,-4.0,-13.0,-7426.0,94.0,-888.0,86.1,-0.4188000000000045,4651.0,0.01936320897946006
2012-09-14,14.38,-0.07461508324496646,49.0,0.0005184302049858945,0.9220000000000006,29.2,22.2,-30.0,-21.0,1409.0,-828.0,-235.0,84.7,0.0,-2306.0,0.012202268522305864
2012-09-21,14.51,-0.11210821987988749,49.0,-0.026406201157113653,-1.4230000000000018,30.3,22.1,0.0,-4.0,8534.0,-274.0,718.0,88.9,0.0,-7820.0,0.02516241990224303
2012-09-28,13.98,0.062433970609594165,49.0,0.06370385273516048,-1.0859999999999985,30.9,22.2,-5.0,6.0,-2446.0,-83.0,-259.0,87.4,0.0,-3915.0,0.05041122484288552
2012-10-05,15.73,0.07086789751218023,49.0,0.007564332588926607,4.097999999999999,31.0,22.6,-11.0,-19.0,-482.0,135.0,149.0,88.2,0.0,327.0,0.02426424139747672
2012-10-12,14.33,-0.06515032904897684,50.8,0.025376217493374535,3.1709999999999994,31.7,22.6,-11.0,2.0,1512.0,300.0,-127.0,86.7,-0.07150000000000034,-949.0,0.04806594551022642
2012-10-19,16.14,0.051172587042362105,50.8,-0.021790231580519057,-2.6999999999999957,29.5,22.7,-2.0,-15.0,2860.0,-140.0,111.0,87.4,0.0,-2044.0,0.033681369968906125
2012-10-26,17.06,-0.06257521914017368,50.8,0.019900607275682415,-4.944000000000003,28.3,23.1,4.0,5.0,5896.0,40.0,-30.0,87.2,0.0,126.0,0.022727003330519385
2012-11-02,17.81,0.010256500167189061,50.8,0.04276725010100931,1.4280000000000008,30.5,23.0,-13.0,-11.0,-2045.0,-671.0,91.0,87.7,0.0,-420.0,0.034395228156581865
2012-11-09,17.59,0.01733145635163994,50.5,0.01659498174677681,-2.293000000000003,29.2,23.6,-26.0,8.0,1547.0,-428.0,-399.0,85.4,0.3383000000000038,-1288.0,0.0259392269304694
2012-11-16,18.61,0.06562691431039504,50.5,-0.014158078887204188,3.121000000000002,29.2,23.4,6.0,-11.0,1089.0,715.0,98.0,86.0,0.0,1783.0,0.04933139955237568
2012-11-23,16.41,0.01631152852804049,50.5,-0.006946884484870583,-1.4870000000000019,30.7,22.9,3.0,4.0,-1466.0,1469.0,254.0,87.5,0.0,1023.0,0.014995921816437672
2012-11-30,15.14,-0.06726251168910835,50.5,-0.018405778242282057,0.9969999999999999,28.8,23.7,8.0,11.0,-347.0,707.0,200.0,88.6,0.0,-2444.0,0.028747079806032298
2012-12-07,15.87,0.04536610981753949,48.0,-0.007111040744511958,-0.7069999999999972,28.2,24.5,-6.0,-4.0,-2357.0,-226.0,340.0,90.6,0.35839999999998895,4479.0,0.027595821814627195
2012-12-14,15.9,-0.003705995594317536,48.0,0.03409161080791579,-2.777000000000001,27.8,25.4,-11.0,-7.0,140.0,1187.0,-23.0,90.4,0.0,-2046.0,0.03611408340742073
2012-12-21,17.0,-0.04814407445796116,48.0,-0.009266833371232651,1.9280000000000008,26.4,25.9,-1.0,-1.0,-964.0,145.0,201.0,91.5,0.0,5251.0,0.014043055591193353
2012-12-28,17.84,-0.035779927433417166,48.0,-0.02200898462054302,-0.014000000000002899,26.0,26.2,-25.0,13.0,-586.0,2214.0,-213.0,90.3,0.0,-704.0,0.03304874165338445
2013-01-04,22.72,0.03577992743341719,48.0,-0.023850456290340206,-0.7889999999999979,27.2,26.4,-11.0,2.0,-11120.0,573.0,22.0,90.4,0.0,-532.0,0.026394984082646972
2013-01-11,13.83,-0.11004985602121233,50.1,-0.02490748152115099,-2.178000000000001,27.9,27.6,-1.0,8.0,892.0,332.0,-231.0,89.1,0.2324000000000126,2536.0,0.014058845162051813
2013-01-18,13.36,0.01645035769896891,50.1,-0.005036174587579692,-1.2929999999999993,29.5,28.1,-1.0,-5.0,-951.0,1780.0,-204.0,87.9,0.0,-2327.0,0.007703868617290653
2013-01-25,12.46,0.014008849785739618,50.1,-0.021151380741630515,0.21999999999999886,29.5,28.0,-12.0,-5.0,2813.0,-471.0,-753.0,83.6,0.0,3771.0,0.024148599855426653
2013-02-01,12.89,-0.056434693887969165,50.1,-0.0033430871085748035,2.2340000000000018,29.4,27.9,4.0,5.0,5947.0,284.0,245.0,85.0,0.0,1177.0,0.010550053460468703
2013-02-08,12.9,-0.033285977633466746,53.3,-0.01952037195139628,4.259999999999998,28.7,27.8,11.0,-6.0,2334.0,-315.0,-132.0,84.2,0.02409999999999002,-4311.0,0.015433992961200935
2013-02-15,13.02,0.03277328856814804,53.3,0.02119051847740725,3.2850000000000037,27.9,27.6,-5.0,-3.0,560.0,-1118.0,-60.0,83.8,0.0,-927.0,0.00956547114633232
2013-02-22,12.46,-0.026303995042707116,53.3,-0.0014615306913126523,1.5879999999999939,28.9,27.3,3.0,-4.0,4143.0,417.0,-170.0,82.9,0.0,133.0,0.0170661431155424
2013-03-01,14.17,0.02017214138935729,53.3,0.02889242719791873,4.886000000000003,29.6,27.0,-1.0,7.0,1130.0,-75.0,381.0,85.1,0.0,1519.0,0.04032208501070174
2013-03-08,15.36,0.06362197746120894,54.2,0.02665954089423812,-3.7959999999999994,30.3,27.0,-4.0,-8.0,3736.0,257.0,-503.0,82.2,0.45990000000000464,-1099.0,0.026444764261110015
2013-03-15,12.59,-0.10405673450834287,54.2,-0.01390812541100179,1.4549999999999983,29.2,26.4,-5.0,-13.0,2624.0,-1526.0,34.0,81.0,0.0,-531.0,0.020102835486286483
2013-03-22,11.3,0.026774033605057024,54.2,-0.016181582851241737,-3.115000000000002,28.1,26.3,24.0,24.0,-1314.0,-286.0,453.0,83.5,0.0,-4129.0,0.014985995512476409
2013-03-29,13.57,0.03268932536046715,54.2,-0.0027783732341603467,-2.938999999999993,28.4,26.3,-30.0,-13.0,3256.0,439.0,386.0,85.7,0.0,1805.0,0.016998795546978834
2013-04-05,12.7,0.04025967428570039,54.2,-0.03687439868583358,-0.818000000000005,28.9,26.1,2.0,-29.0,2707.0,-287.0,100.0,86.3,0.0,-1306.0,0.02520441689169797
2013-04-12,13.92,0.07635581891464542,51.9,0.047710833249756154,-4.306999999999999,29.5,26.4,-10.0,-14.0,-118.0,889.0,199.0,86.8,0.39799999999999613,-2570.0,0.04729935294356976
2013-04-19,12.06,-0.004656585829950973,51.9,0.015327219994820063,-0.8520000000000003,31.3,26.3,33.0,2.0,-1233.0,1078.0,-99.0,86.3,0.0,-436.0,0.03603896709314189
2013-04-26,14.97,0.009334956936051781,51.9,0.036590808191269114,1.2779999999999987,28.9,25.5,-13.0,2.0,947.0,35.0,-501.0,83.5,0.0,879.0,0.023262166373953175
2013-05-03,13.61,0.024927106670470493,51.9,-0.05514904876753551,-2.353999999999999,28.7,25.4,-4.0,-13.0,6696.0,-1382.0,166.0,84.4,0.0,-2083.0,0.053521544558316855
2013-05-10,12.85,-0.04408589297312922,51.0,-0.027677923944098747,-2.407,28.3,25.3,10.0,-12.0,371.0,-652.0,462.0,87.0,-0.08559999999999945,365.0,0.04908829458015722
2013-05-17,12.59,-0.08749046481559,51.0,-0.004487354255697777,0.8520000000000003,25.9,25.6,5.0,-4.0,-624.0,575.0,170.0,88.0,0.0,-306.0,0.010403755928303277
2013-05-24,12.45,-0.027541361453238072,51.0,0.00020826825025835558,1.7560000000000002,26.1,26.0,0.0,4.0,-338.0,449.0,-125.0,87.3,0.0,3436.0,0.01903017004221794
2013-05-31,13.99,-0.02929502419182314,51.0,0.01966724799963268,-1.4929999999999986,26.2,25.4,-7.0,0.0,3000.0,335.0,-150.0,86.4,0.0,3789.0,0.026827554625710365
2013-06-07,16.3,-0.05801530007854511,50.8,0.023426818188555198,-0.8910000000000018,26.4,25.1,9.0,0.0,-6267.0,-484.0,343.0,88.4,0.07739999999999725,1474.0,0.03251971230405196
2013-06-14,15.14,-0.020456315362950225,50.8,-0.04319820573527516,0.7680000000000007,29.4,25.2,-6.0,0.0,2629.0,-759.0,-147.0,87.5,0.0,-297.0,0.028733359403950862
2013-06-21,17.15,0.019986721552958886,50.8,-0.01877505119220381,-0.14699999999999847,27.9,25.1,6.0,-1.0,313.0,-669.0,311.0,89.3,0.0,4847.0,0.025566780972006927
2013-06-28,18.9,-0.17288752456059606,50.8,0.04344423387898829,-1.703000000000003,27.7,25.6,-12.0,-4.0,18.0,664.0,163.0,90.2,0.0,758.0,0.04945576555975816
2013-07-05,16.86,0.0179323394606621,50.8,-0.030173116826179267,-3.5249999999999986,26.7,25.1,-11.0,4.0,-10347.0,392.0,348.0,92.2,0.0,6536.0,0.019456473922054726
2013-07-12,14.89,-0.09688075557871131,51.1,-0.066698055931305,0.24599999999999866,24.7,24.3,9.0,2.0,-9737.0,-2687.0,41.0,92.4,0.20580000000001064,-6427.0,0.0519972000728541
2013-07-19,13.84,0.05900640628627551,51.1,-0.026104651993727062,4.006,24.5,24.8,2.0,7.0,-6902.0,-882.0,85.0,92.8,0.0,7753.0,0.03224547232291865
2013-07-26,12.54,0.03867885456511155,51.1,-0.019626798238586863,-1.0949999999999989,23.7,24.5,11.0,7.0,-2825.0,-2060.0,-91.0,92.3,0.0,3028.0,0.01915498884082786
2013-08-02,12.72,-0.03090578783334211,51.1,0.03149496507640371,-1.0809999999999995,24.0,24.7,6.0,0.0,431.0,-1904.0,-191.0,91.3,0.0,-6296.0,0.023876942355563143
2013-08-09,11.98,-0.013178485298677229,53.8,-0.02116881164409427,-1.6649999999999991,25.0,24.8,6.0,19.0,-1431.0,-2245.0,-57.0,90.9,-0.3083000000000027,-2385.0,0.04560680377908433
2013-08-16,13.41,0.006955205781403675,53.8,0.009111894333840919,-2.5420000000000016,24.4,24.3,-4.0,-2.0,-2812.0,-1359.0,-273.0,89.4,0.0,2070.0,0.030103244717750242
2013-08-23,14.37,-0.09146055736312787,53.8,-0.013962650113930771,1.4239999999999995,23.9,23.8,13.0,2.0,-1428.0,-1090.0,282.0,91.0,0.0,-4086.0,0.012642393415176308
2013-08-30,13.98,0.003544845966539831,53.8,0.009725156132452208,-1.4469999999999992,24.1,23.8,-15.0,-1.0,2986.0,-837.0,34.0,91.2,0.0,2706.0,0.03081542713158183
2013-09-06,17.01,0.011069564916548483,53.8,-0.011491694642148786,-0.16100000000000136,25.6,23.7,0.0,-7.0,-1836.0,-1829.0,87.0,91.7,0.0,5157.0,0.03870495153993621
2013-09-13,15.85,-0.052459579900812355,54.0,-0.026401753512491903,-3.5199999999999996,25.4,24.2,-9.0,14.0,-618.0,-639.0,146.0,92.5,0.5729000000000042,-6991.0,0.030310917090809783
2013-09-20,14.16,0.016835992928380707,54.0,0.02121319373930683,-0.734,26.6,24.2,1.0,7.0,-4368.0,-861.0,3.0,92.5,0.0,-1297.0,0.019640113110068195
2013-09-27,13.12,0.053740024477734634,54.0,0.03326123971676473,-0.9199999999999999,27.9,24.3,-7.0,-15.0,2635.0,-412.0,-387.0,90.3,0.0,-6239.0,0.031966621448281704
2013-10-04,15.46,0.041050539830357446,54.0,0.017346488723853786,1.3920000000000012,26.8,25.1,-17.0,-10.0,5472.0,-59.0,-236.0,89.0,0.0,-3650.0,0.009018242937853683
2013-10-11,16.74,-0.007968169649176845,54.6,-0.009385197812841164,-2.2439999999999998,29.7,25.0,12.0,2.0,6744.0,-168.0,-545.0,86.0,0.506699999999995,2193.0,0.019987082347312415
2013-10-18,15.72,-0.015748356968139282,54.6,0.01768238046099935,4.016,29.7,24.6,-13.0,-9.0,3999.0,366.0,41.0,86.2,0.0,-3516.0,0.01833303418229159
2013-10-25,13.04,0.04139569576169528,54.6,0.011931315428930188,1.3599999999999994,29.8,24.5,-4.0,3.0,5246.0,358.0,-44.0,85.9,0.0,-1308.0,0.017136523346014284
2013-11-01,13.09,0.027118973755515443,54.6,0.029801863223764963,-1.7729999999999997,27.5,23.9,-1.0,4.0,4087.0,2178.0,242.0,87.3,0.0,320.0,0.024072969897819662
2013-11-08,13.28,-0.044035947741044294,54.6,0.03367251512573229,2.25,28.1,23.2,4.0,-16.0,1189.0,991.0,-85.0,86.8,-0.07900000000000773,-493.0,0.04211911294480315
2013-11-15,12.9,-0.04691850829837204,54.6,0.00010570265852029005,0.08999999999999986,26.3,23.1,12.0,5.0,2640.0,1691.0,336.0,88.7,0.0,1404.0,0.015199314765141504
2013-11-22,12.19,0.016505051002391045,54.6,0.00806627171261258,4.6179999999999986,25.0,23.0,8.0,5.0,375.0,1736.0,-19.0,88.6,0.0,1925.0,0.0223199827937264
2013-11-29,12.26,-0.014684551682921182,54.6,-0.010600056851984712,1.9009999999999998,24.1,23.3,-1.0,-1.0,2953.0,676.0,135.0,89.4,0.0,220.0,0.02557575600919328
2013-12-06,13.7,-0.0003643650978551704,54.6,0.022607062165708434,0.6490000000000009,23.6,23.8,2.0,-2.0,-5585.0,-18.0,536.0,92.4,0.0,5049.0,0.019207629509867895
2013-12-13,13.79,-0.03964096951584397,55.5,-0.05180545829119171,-2.776,24.1,25.0,12.0,8.0,-11004.0,625.0,48.0,92.6,0.23380000000000223,-744.0,0.040011604422376036
2013-12-20,15.76,-0.0034952849286421844,55.5,0.010810916104215676,-2.814,24.5,25.1,7.0,-6.0,-2941.0,-600.0,-191.0,91.5,0.0,9009.0,0.01957932464911557
2013-12-27,13.79,-0.008339172718360701,55.5,-0.02776821942149355,2.9570000000000007,24.1,24.8,-14.0,3.0,-4731.0,-446.0,200.0,92.7,0.0,-6599.0,0.021370509022656272
2014-01-03,12.46,-0.03768906433388915,55.5,-0.010018116244644656,-0.0019999999999988916,24.2,24.9,-11.0,2.0,-7007.0,-552.0,-49.0,92.4,0.0,-3916.0,0.014154731132861215
2014-01-10,13.76,0.0016675008032569266,56.5,0.0654959170938985,-0.277000000000001,24.5,25.7,-6.0,-2.0,-3958.0,1100.0,-12.0,92.3,0.20170000000000243,3878.0,0.055175701254790925
2014-01-17,12.14,0.04680615231479829,56.5,0.013284960759215725,1.8269999999999982,24.2,27.1,3.0,-15.0,-7658.0,145.0,-414.0,90.0,0.0,6179.0,0.02169188814006119
2014-01-24,12.44,0.013735028390152688,56.5,-0.017639027001745494,-1.8520000000000003,26.3,28.3,23.0,8.0,990.0,722.0,-627.0,86.5,0.0,-7121.0,0.027610928406796922
2014-01-31,18.14,0.037576675253572396,56.5,-0.02376950815326316,-0.9749999999999979,25.9,28.5,0.0,-9.0,6421.0,237.0,304.0,88.2,0.0,7644.0,0.030781291882079998
2014-02-07,18.41,0.02648914438618698,52.5,-0.008757074454675304,-2.2089999999999996,25.2,28.4,8.0,2.0,440.0,-1553.0,-369.0,86.1,-0.357600000000005,-11.0,0.025884404646605755
2014-02-14,15.29,-0.014637153799172738,52.5,-0.02421965677039228,1.6439999999999984,26.7,27.9,-14.0,-7.0,3053.0,-2673.0,168.0,87.1,0.0,-2214.0,0.03515210888927933
2014-02-21,13.57,-0.022108490754203507,52.5,-0.004196229556317383,1.5500000000000007,27.2,28.0,-7.0,-14.0,973.0,-1733.0,-51.0,86.8,0.0,-128.0,0.004293351909650112
2014-02-28,14.68,0.004382768155095134,52.5,-0.01876598280171424,3.0859999999999985,29.2,27.7,7.0,5.0,68.0,-1078.0,218.0,88.0,0.0,-10088.0,0.029568481893464324
2014-03-07,14.0,0.031229303633781867,55.0,-0.00380878433001737,-1.4239999999999995,29.0,27.5,-2.0,-7.0,1429.0,-2660.0,-113.0,87.4,0.7569000000000017,4830.0,0.00967513044378459
2014-03-14,14.11,-0.05187847057059014,55.0,9.74801384989831e-05,-0.14899999999999736,27.1,26.4,23.0,10.0,5880.0,-1341.0,-251.0,86.0,0.0,2055.0,0.03363208872684912
2014-03-21,17.82,0.04923845395144995,55.0,0.036634860679222836,2.328999999999997,26.2,25.8,17.0,-1.0,5850.0,-989.0,-63.0,85.6,0.0,-8700.0,0.03144249775082032
2014-03-28,15.0,-0.03260755726156409,55.0,-0.005747432004692975,-2.6690000000000005,26.0,24.9,-6.0,-18.0,6619.0,-1325.0,73.0,86.0,0.0,1424.0,0.0230798856378077
2014-04-04,14.41,0.007685307726191733,55.0,-0.021976721000477213,-0.6889999999999965,24.6,24.5,6.0,-8.0,-2379.0,-1223.0,299.0,87.7,0.0,-150.0,0.02469507152916738
2014-04-11,13.96,0.0,55.9,0.005226578635232702,-0.18000000000000327,26.0,23.9,9.0,-2.0,3918.0,345.0,71.0,87.5,0.9774000000000029,-3713.0,0.019483717727961664
2014-04-18,17.03,0.03590512834866983,55.9,-0.02538207327141716,0.08100000000000307,27.1,23.8,13.0,-6.0,10013.0,-771.0,235.0,88.8,0.0,-1036.0,0.03232723463386987
2014-04-25,13.36,-0.03590512834866995,55.9,-0.005383593083472643,1.6179999999999986,27.5,24.2,0.0,6.0,3524.0,-788.0,394.0,91.0,0.0,352.0,0.0052872028959190685
2014-05-02,14.06,0.021913597397479216,55.9,0.0361191043410879,2.530999999999999,26.6,24.4,30.0,7.0,1698.0,-612.0,-11.0,91.0,0.0,-889.0,0.0367900201663217
2014-05-09,12.91,0.02972779887140269,56.6,0.008384956293857677,-2.279,27.7,24.7,-7.0,0.0,-1572.0,-1395.0,-140.0,90.2,0.09860000000000468,1422.0,0.018535657729339555
2014-05-16,12.92,-0.014974363121450182,56.6,-0.0023028796159768683,-1.8049999999999997,27.5,24.3,1.0,0.0,947.0,-592.0,-264.0,88.8,0.0,1356.0,0.01288407335710704
2014-05-23,12.44,0.03885492640287587,56.6,-0.020098691507022464,0.7950000000000017,26.4,23.9,6.0,3.0,-7226.0,-225.0,-2.0,88.7,0.0,1406.0,0.01754085178543256
2014-05-30,11.36,-0.0035594263405714136,56.6,-0.02258176102842922,-1.3850000000000016,26.6,23.3,-4.0,-1.0,1657.0,-1525.0,207.0,89.9,0.0,293.0,0.018473372191885263
2014-06-06,11.4,0.022356220512315582,56.6,0.015841150345496772,-0.26500000000000057,26.6,23.0,9.0,1.0,-3431.0,-321.0,157.0,90.8,0.0,2757.0,0.015841150345496772
2014-06-13,10.73,-0.04383722613143169,55.7,0.00048692604555581324,-1.1089999999999982,26.9,23.6,-6.0,-6.0,-2730.0,-198.0,-504.0,87.9,0.3907999999999987,4898.0,0.0018524843205304786
2014-06-20,12.18,-0.006163347707668688,55.7,-0.04056480189325146,0.7029999999999994,26.2,23.6,-6.0,-10.0,-579.0,247.0,-155.0,87.1,0.0,-1304.0,0.024236725502198846
2014-06-27,10.85,-0.0007677543563304808,55.7,-0.003268434529370722,2.151,25.0,24.0,4.0,1.0,1742.0,416.0,261.0,88.5,0.0,5532.0,0.012099758368034567
2014-07-04,11.26,0.027622841659506726,55.7,0.014272542747475171,-0.2959999999999994,23.4,23.8,15.0,3.0,-3155.0,-1359.0,513.0,91.4,0.0,-401.0,0.007161734342175745
2014-07-11,10.32,-0.040206420478040364,55.0,0.016015594945146625,-0.8949999999999996,21.1,23.7,1.0,-3.0,-2407.0,447.0,43.0,91.6,0.35139999999999816,223.0,0.012510309749278753
2014-07-18,12.08,0.047332341368008235,55.0,0.03153172545703346,-0.8309999999999995,21.7,23.9,1.0,0.0,-7525.0,-650.0,394.0,93.8,0.0,3131.0,0.02642549537289783
2014-07-25,12.06,0.014003029370763186,55.0,-0.022554397922853592,-3.870000000000001,23.0,24.2,-4.0,4.0,-3969.0,-1450.0,-10.0,93.8,0.0,-4129.0,0.03180184316087132
2014-08-01,12.69,0.0064672820402629765,55.0,0.010135551147053565,1.573999999999998,21.1,24.4,12.0,3.0,-3697.0,-924.0,-47.0,93.5,0.0,4290.0,0.024389092350769925
2014-08-08,17.03,-0.010889399799268206,55.1,0.04211253860645331,0.7210000000000001,20.7,23.6,6.0,-5.0,-1464.0,83.0,-203.0,92.4,0.22820000000000107,-2705.0,0.037990035712598784
2014-08-15,15.77,0.029306126585499487,55.1,0.0023525812517828718,0.6440000000000019,20.9,23.6,19.0,3.0,1401.0,418.0,-132.0,91.6,0.0,1291.0,0.01403639663021298
2014-08-22,13.15,0.03360248944714747,55.1,0.00307692550447932,-1.647000000000002,21.7,23.7,5.0,5.0,-4474.0,1755.0,320.0,93.4,0.0,-2265.0,0.025819879037889088
2014-08-29,11.47,-0.02613976824555806,55.1,0.03874830292811114,0.43599999999999994,21.8,23.5,-17.0,9.0,-2070.0,508.0,18.0,93.5,0.0,3459.0,0.029045501786191343
2014-09-05,11.98,0.02485908503956569,55.1,-0.024367009081396173,-0.9959999999999987,22.1,23.2,18.0,8.0,-905.0,-385.0,-34.0,93.3,0.0,343.0,0.027575567983762216
2014-09-12,12.09,-0.048302478229505334,56.3,0.028218516998624023,0.9909999999999997,23.8,23.6,11.0,2.0,-691.0,78.0,-24.0,93.9,-0.19440000000000168,-1134.0,0.0326231005818577
2014-09-19,13.31,-0.05957193977272041,56.3,0.010993859382405336,-1.8909999999999982,24.5,23.5,6.0,-2.0,3673.0,-357.0,-149.0,93.0,0.0,-6131.0,0.012574691438156956
2014-09-26,12.11,0.013883755601292295,56.3,-0.0015161363094846538,2.1189999999999998,26.9,23.6,0.0,-9.0,-4273.0,191.0,72.0,93.4,0.0,-5078.0,0.026377737349466208
2014-10-03,14.85,0.01802556642787146,56.3,-0.012153954397791211,-4.782,28.0,24.0,0.0,9.0,-1363.0,315.0,-628.0,89.8,0.0,-2099.0,0.021831624666252394
2014-10-10,14.55,0.03787721115327487,55.7,0.04147255174990303,-0.4740000000000002,28.0,24.1,-9.0,-8.0,4915.0,-1576.0,-101.0,89.3,0.29529999999999745,582.0,0.052423700479583425
2014-10-17,21.24,0.06533281323230211,55.7,0.044664520984458674,-0.2530000000000001,28.4,23.4,8.0,-10.0,8923.0,716.0,-217.0,88.1,0.0,-952.0,0.05191103522412814
2014-10-24,21.99,0.03888758144921246,55.7,0.036428065306206285,1.4989999999999988,27.8,23.2,-12.0,8.0,7111.0,953.0,-240.0,86.7,0.0,-2316.0,0.04728674623333475
2014-10-31,16.11,-0.033612843944666265,55.7,0.021251410414772423,-1.2080000000000002,24.9,23.0,9.0,4.0,2061.0,776.0,-20.0,86.6,0.0,-1153.0,0.028043226274018014
2014-11-07,14.03,-0.029100859168275796,56.2,0.005818648419091654,1.2270000000000003,24.2,22.5,2.0,14.0,460.0,-551.0,319.0,88.4,0.012300000000010414,398.0,0.02040134663882618
2014-11-14,13.12,0.016400885539416512,56.2,0.02374632591902127,1.378000000000002,23.3,22.7,-4.0,10.0,-2785.0,1704.0,304.0,90.1,0.0,741.0,0.020389242580997415
2014-11-21,13.31,-0.009958947865736142,56.2,0.036645519416098275,-0.934000000000001,23.0,22.6,3.0,-6.0,2608.0,718.0,196.0,91.2,0.0,4575.0,0.04904038792852094
2014-11-28,12.9,0.004317796000056341,56.2,-0.009059341155571872,-1.138,23.2,22.6,1.0,5.0,1946.0,1334.0,45.0,91.5,0.0,5177.0,0.025549076493085826
2014-12-05,13.33,0.06525996983779045,56.2,0.14549656068279584,1.222999999999999,23.2,22.6,-12.0,-11.0,-3689.0,-694.0,347.0,93.4,0.0,-7704.0,0.13590951502948995
2014-12-12,11.82,-0.06352761773716344,56.3,0.004697334192150402,-1.9559999999999995,23.9,23.8,3.0,0.0,1298.0,1020.0,355.0,95.4,0.6361999999999881,3084.0,0.046878948228444926
2014-12-19,21.08,0.10213881691278147,56.3,0.13006578527442966,1.814,23.8,24.3,-27.0,2.0,-847.0,2920.0,-340.0,93.5,0.0,1876.0,0.0989048497557127
2014-12-26,16.49,-0.03768698469208656,56.3,0.022567213278058072,-1.1980000000000004,22.9,24.5,-18.0,-8.0,7267.0,973.0,7.0,93.5,0.0,577.0,0.04357554616168275
2015-01-02,14.5,-0.03987841495367356,56.3,0.03218255266050006,0.40000000000000036,23.7,24.7,-35.0,2.0,-1754.0,1995.0,162.0,94.4,0.0,-5572.0,0.04274231287550222
2015-01-09,17.79,0.06421279305841145,55.7,0.03798632093463227,-1.754999999999999,24.1,25.4,-29.0,-12.0,-4173.0,1305.0,-93.0,93.9,-0.008199999999987995,5448.0,0.026778119081392885
2015-01-16,17.55,0.08138578510237028,55.7,0.08575265847460252,-0.053000000000000824,24.0,26.1,-61.0,1.0,5389.0,1776.0,-504.0,91.0,0.0,10043.0,0.04308107242717038
2015-01-23,20.95,0.05709795983031799,55.7,-0.006800644448017549,0.14300000000000068,23.6,26.7,-74.0,-19.0,10071.0,2909.0,-975.0,85.5,0.0,-4511.0,0.059226441787867276
2015-01-30,16.66,0.022003087884066862,55.7,0.06578527596925937,2.8599999999999994,23.5,26.8,-43.0,6.0,8874.0,2085.0,440.0,88.0,0.0,-6197.0,0.06578527596925937
2015-02-06,20.97,0.09075992501919218,55.7,-0.05650015819357997,1.4430000000000014,25.3,27.4,-90.0,3.0,6333.0,2516.0,335.0,89.9,0.0,1186.0,0.08182359045901648
2015-02-13,17.29,-0.17600853307808226,53.9,-0.06907578678901792,0.7339999999999982,26.3,28.1,-87.0,-5.0,4327.0,1214.0,-12.0,90.0,-0.8139000000000038,1283.0,0.09070252672321676
2015-02-20,14.69,-0.04640393498192498,53.9,-0.02086799186723013,2.641000000000002,27.4,28.1,-98.0,-14.0,7716.0,3663.0,-232.0,88.7,0.0,-1515.0,0.0790972599336392
2015-02-27,14.3,-0.02978125954367597,53.9,0.047332341368008235,7.145999999999997,28.0,27.9,-48.0,-11.0,8427.0,2419.0,-228.0,87.4,0.0,8427.0,0.06144225469811997
2015-03-06,13.34,0.0579660670942731,53.9,0.011588541276245883,5.754000000000001,26.5,27.7,-43.0,-9.0,10303.0,536.0,-151.0,86.6,0.0,-667.0,0.056893114424934964
2015-03-13,15.2,-0.11722565311032158,53.0,0.0030190221179664752,-4.004000000000001,24.9,27.5,-75.0,-12.0,5179.0,2322.0,210.0,87.8,-0.6569999999999965,-4630.0,0.03837496183909034
2015-03-20,16.0,0.05831351215172685,53.0,0.10109182810899828,-0.7629999999999981,25.6,26.7,-67.0,-11.0,9622.0,2865.0,69.0,88.1,0.0,-9770.0,0.10892240722418688
2015-03-27,13.02,0.09101680905186398,53.0,-0.0194352407226507,-0.7780000000000022,25.0,26.7,-56.0,-15.0,8170.0,1911.0,156.0,89.0,0.0,-545.0,0.05069486409832626
2015-04-03,15.07,-0.015926357696793954,53.0,-0.06662787235545349,-2.164999999999999,23.9,25.6,-21.0,-9.0,4766.0,2629.0,59.0,89.4,0.0,483.0,0.08054513473088797
2015-04-10,14.67,0.06419878952227709,52.1,-0.0055096558109696955,-1.8119999999999976,24.2,25.6,-20.0,-11.0,11679.0,1232.0,225.0,90.1,-0.34210000000000207,-1756.0,0.050988626132151146
2015-04-17,12.58,-0.05703763359944909,52.1,-0.04962319888540865,-0.04100000000000037,23.9,25.6,-40.0,3.0,1294.0,1287.0,392.0,92.3,0.0,-733.0,0.06822568583008477
2015-04-24,13.89,0.04300610279519121,52.1,-0.0764014560753604,0.9609999999999985,22.9,25.0,-34.0,-8.0,5315.0,738.0,-205.0,91.2,0.0,-59.0,0.088439112186799
2015-05-01,12.29,-0.02278244231845842,52.1,-0.0249813681870175,1.4140000000000015,23.2,25.5,-22.0,8.0,1910.0,-514.0,32.0,91.3,0.0,-235.0,0.043900854739518574
2015-05-08,12.7,-0.10200234270443523,51.9,-0.0343972001835761,-0.1960000000000015,23.0,25.5,-27.0,-3.0,-4102.0,-12.0,289.0,93.0,-0.5559000000000083,-580.0,0.04528298928810625
2015-05-15,12.86,-0.016420730212327636,51.9,-0.004049271603373035,-2.1370000000000005,23.8,25.1,-11.0,-1.0,-2191.0,-990.0,-327.0,91.2,0.0,3064.0,0.03337536541058103
2015-05-22,12.38,0.0027959011689334397,51.9,-0.00503864015278966,2.2360000000000007,23.7,24.8,-6.0,2.0,-2674.0,-241.0,220.0,92.4,0.0,1145.0,0.025001302205417186
2015-05-29,12.13,-0.030785799038221602,51.9,-0.0005024704904311945,-1.193999999999999,25.1,23.9,-3.0,-1.0,-2802.0,-433.0,204.0,93.6,0.0,-51.0,0.0586708334174055
2015-06-05,13.84,0.040633475337870026,51.9,-0.009665131062150122,-0.022999999999999687,24.2,23.7,-10.0,3.0,-1948.0,-983.0,-64.0,93.2,0.0,3554.0,0.04737325800747697
2015-06-12,14.21,-0.12643748725478318,52.9,0.01959369390040107,-0.860000000000003,24.7,23.1,-7.0,-3.0,-6017.0,-1024.0,250.0,94.6,-0.44719999999999516,-518.0,0.05468409085820988
2015-06-19,13.78,0.006248718520338279,52.9,-0.013939263401658403,1.8500000000000014,26.1,23.2,-9.0,-1.0,-2676.0,112.0,-264.0,93.1,0.0,9104.0,0.055044420045106145
2015-06-26,13.96,0.057625571440369935,52.9,0.005854328002561749,-1.5899999999999999,24.4,23.4,-2.0,2.0,-4934.0,-1870.0,146.0,94.0,0.0,1102.0,0.015504186535965254
2015-07-03,14.02,-0.09091403648443006,52.9,-0.0003354579031794304,-1.1739999999999995,26.2,22.7,2.0,5.0,2386.0,123.0,182.0,95.0,0.0,2151.0,0.022878982028746525
2015-07-10,16.79,0.03747607585369126,52.5,0.04633636017202413,2.721,27.1,22.9,3.0,-9.0,491.0,299.0,-47.0,94.7,-0.317300000000003,-6872.0,0.0436495407555117
2015-07-17,16.83,-0.006274858488717464,52.5,0.07644826203784982,2.7169999999999987,27.4,22.8,1.0,-2.0,-4346.0,438.0,181.0,95.3,0.0,4797.0,0.02164213550953048
2015-07-24,11.95,0.021071154639472667,52.5,0.03570774032439943,-1.8499999999999979,27.9,22.5,-6.0,1.0,2468.0,813.0,50.0,95.5,0.0,2957.0,0.04137990527686567
2015-07-31,13.74,0.036872535314449735,52.5,0.05555300824581537,-1.7590000000000003,27.1,22.7,19.0,-2.0,-4203.0,-212.0,-76.0,95.1,0.0,2584.0,0.04508377682122059
2015-08-07,12.12,0.03690787943190826,52.0,0.021415893011594744,0.09799999999999898,25.9,22.7,-2.0,-7.0,-4407.0,-542.0,177.0,96.1,0.6518000000000086,2498.0,0.03482783448441468
2015-08-14,13.39,0.008287340248570507,52.0,0.07146682416520869,-1.5309999999999988,26.1,22.4,10.0,4.0,-1404.0,-51.0,0.0,96.1,0.0,-4374.0,0.04174247341651251
2015-08-21,12.83,-0.01650656460170241,52.0,0.03172663924775133,3.3999999999999986,25.3,22.2,0.0,-2.0,2620.0,326.0,-178.0,95.1,0.0,-667.0,0.06264233663958359
2015-08-28,28.03,0.07652457432795531,52.0,0.04943743242587042,-7.669999999999998,25.0,22.4,1.0,0.0,-5452.0,256.0,-103.0,94.5,0.0,-422.0,0.05225698316597034
2015-09-04,26.05,-0.06876375016621034,52.0,-0.111472823345323,-2.929000000000002,26.5,22.5,-8.0,-9.0,4667.0,-388.0,-307.0,92.8,0.0,-4154.0,0.1676573786666231
2015-09-11,27.8,0.026470085034498908,50.2,-0.018188295851492006,-0.16999999999999815,25.8,23.0,-13.0,0.0,2405.0,-897.0,-305.0,90.9,-0.18610000000001037,3349.0,0.0801612783884027
2015-09-18,23.2,-0.029673016164345815,50.2,0.03132148406013715,-0.5770000000000017,24.7,23.7,-16.0,-6.0,-2104.0,-1906.0,412.0,93.1,0.0,-1873.0,0.042134835651346715
2015-09-25,22.28,0.02544666566116439,50.2,-0.0011196955598213511,-1.2639999999999993,26.1,23.9,-6.0,2.0,-1925.0,-462.0,-398.0,90.9,0.0,-7613.0,0.0691443751612053
2015-10-02,23.62,-0.01349799409136001,50.2,-0.022572323699159097,0.395999999999999,24.8,24.5,-4.0,-1.0,3955.0,-1068.0,-200.0,89.8,0.0,-1424.0,0.04827615747602832
2015-10-09,20.94,0.0813534754312751,50.1,0.0035072372645656327,-1.2609999999999992,26.0,24.8,-29.0,-2.0,3040.0,98.0,-412.0,87.5,-0.2819999999999965,-2212.0,0.024676143687776368
2015-10-16,17.08,-0.046542811034782174,50.1,-0.086004428963756,-0.9879999999999995,26.4,24.4,-14.0,-6.0,7562.0,1125.0,-233.0,86.0,0.0,-2593.0,0.07031783279605648
2015-10-23,15.05,0.026681184948060554,50.1,0.04893121784058776,-1.434000000000001,25.6,24.2,-8.0,3.0,8028.0,-78.0,60.0,86.4,0.0,549.0,0.01879593993137614
2015-10-30,14.46,-0.026202372394024186,50.1,0.05793041273274337,1.5170000000000012,25.1,23.9,0.0,1.0,3376.0,-785.0,229.0,87.6,0.0,-2224.0,0.02851336938072376
2015-11-06,15.07,-0.026000046471047554,50.1,-0.043652066802687045,0.6559999999999988,24.1,23.4,-12.0,4.0,2847.0,-212.0,188.0,88.7,0.0,-1134.0,0.07554543057864081
2015-11-13,14.33,-0.08194333760503288,49.1,0.05062700789359866,1.8610000000000007,22.8,23.0,-4.0,2.0,3981.0,2237.0,155.0,89.5,-0.4872000000000014,326.0,0.07835658648176273
2015-11-20,20.08,0.025692682571080726,49.1,0.08354850713644699,-1.6229999999999993,22.6,23.2,-4.0,-6.0,252.0,1495.0,142.0,90.3,0.0,725.0,0.081740597039492
2015-11-27,15.47,0.001766004873991569,49.1,0.008628181223338189,1.6499999999999986,23.3,23.7,-10.0,0.0,961.0,1744.0,298.0,92.0,0.0,789.0,0.032877672073733225
2015-12-04,15.12,0.018733821739109896,49.1,-0.032158678633532424,0.07399999999999984,23.8,23.7,-13.0,-4.0,1177.0,428.0,461.0,94.5,0.0,16.0,0.03138900764467498
2015-12-11,14.81,-0.02182228658102093,49.1,0.042611735485621714,-0.6219999999999999,23.3,23.7,-7.0,3.0,-3659.0,423.0,-205.0,93.1,-0.7377000000000038,4342.0,0.04671346894781536
2015-12-18,24.39,0.06459726001391332,49.1,0.11522189486171651,1.9110000000000014,23.5,23.8,-28.0,-7.0,4801.0,607.0,-202.0,91.9,0.0,-2212.0,0.05542567638438709
2015-12-25,20.7,-0.03554493741941135,49.1,0.02530341110553291,0.1579999999999977,24.5,23.8,0.0,-17.0,-5877.0,2045.0,-123.0,91.3,0.0,2514.0,0.07272904482284386
2016-01-01,15.74,-0.016640815751158843,49.1,-0.09261041537667275,-2.974999999999998,25.9,23.8,-9.0,-6.0,2629.0,892.0,245.0,92.6,0.0,-4613.0,0.09232252131969645
2016-01-08,18.21,-0.012411506843343146,48.7,0.02821587235467662,0.7999999999999989,25.9,25.8,-2.0,0.0,-4150.0,917.0,-25.0,92.5,-0.48809999999998865,4173.0,0.03411100150638283
2016-01-15,27.01,0.07025231749725828,48.7,0.11065407951088455,-1.138,26.7,27.3,-34.0,-14.0,234.0,97.0,-230.0,91.2,0.0,4866.0,0.10306596722039206
2016-01-22,27.02,0.038540415307776604,48.7,0.11966961509380263,-0.891,28.0,27.9,-14.0,-13.0,3979.0,191.0,-105.0,90.6,0.0,431.0,0.06545159837726365
2016-01-29,22.34,-0.008315039348520122,48.7,-0.0899811301374252,0.6890000000000001,25.6,28.7,-13.0,-8.0,8383.0,-771.0,-592.0,87.4,0.0,3841.0,0.1926260976227689
2016-02-05,20.2,0.06593582748869581,48.7,-0.0434652826697528,0.24300000000000033,27.4,29.2,-18.0,-6.0,7792.0,747.0,-132.0,86.6,0.0,-5578.0,0.10265415406008337
2016-02-12,23.38,0.0452325043151121,47.6,0.08468862104997911,-1.4540000000000006,26.5,28.8,-48.0,-17.0,-668.0,523.0,-58.0,86.1,0.5189999999999912,-3432.0,0.0772584831371316
2016-02-19,25.4,0.049089610196523574,47.6,0.04807821306981472,3.008000000000001,26.0,29.1,-30.0,-2.0,2147.0,36.0,399.0,88.3,0.0,5335.0,0.12466927144035354
2016-02-26,20.53,0.0017167386190545491,47.6,-0.006770506567210602,-3.16,28.1,28.3,-27.0,-1.0,3502.0,333.0,-185.0,87.3,0.0,-4471.0,0.0578659993773551
2016-03-04,19.81,-0.009689445998322657,47.6,-0.10069377288779754,6.837999999999999,27.0,27.6,-12.0,1.0,10374.0,1190.0,180.0,88.3,0.0,-3453.0,0.04927410344449887
2016-03-11,16.86,-0.06159175600664105,49.2,-0.09147567011831523,-0.7809999999999988,27.3,26.9,-13.0,-5.0,4144.0,690.0,155.0,89.1,-0.5161999999999978,-540.0,0.062313826115460026
2016-03-18,16.5,-0.057010254716779674,49.2,-0.06936399785973964,1.3550000000000004,29.3,26.6,-9.0,-3.0,1317.0,545.0,-23.0,89.0,0.0,-2886.0,0.053345980705292714
2016-03-25,14.02,0.05754373032292318,49.2,-0.02412228844069605,-1.120000000000001,28.5,26.1,-4.0,-5.0,9357.0,-1258.0,-100.0,88.4,0.0,-212.0,0.10094793265695017
2016-04-01,14.74,-0.01430487969006166,49.2,-0.0005069708600346835,1.4420000000000002,29.3,25.8,-12.0,3.0,2299.0,-272.0,353.0,90.4,0.0,-565.0,0.04920038098683475
2016-04-08,13.1,0.07083570470559579,51.0,0.07006143147778628,-1.0150000000000006,30.2,26.1,-14.0,-4.0,-5218.0,357.0,193.0,91.4,-0.7348999999999961,-485.0,0.06828590786613158
2016-04-15,15.36,0.030383535238632853,51.0,-0.07662877006028884,-0.23000000000000043,28.7,25.5,-7.0,1.0,6634.0,-1767.0,-408.0,89.2,0.0,1582.0,0.10670415039137829
2016-04-22,13.62,-0.02016778237703375,51.0,-0.015984356308436365,-0.26500000000000057,28.3,25.5,-3.0,0.0,2080.0,-248.0,51.0,89.4,0.0,-772.0,0.04386987227306031
2016-04-29,13.22,-0.07471898258027512,51.0,-0.08019516993942093,0.26500000000000057,28.0,25.7,-9.0,-1.0,1999.0,1746.0,-118.0,88.1,0.0,-891.0,0.09467009199900298
2016-05-06,15.7,0.02954821468509945,51.0,-0.04886638658648182,0.33800000000000097,25.4,25.5,-11.0,-1.0,2784.0,243.0,283.0,89.7,0.0,2365.0,0.07650057797156096
2016-05-13,14.72,0.029886009530279378,51.3,0.027822505599299194,-2.4510000000000005,26.9,25.4,-5.0,-1.0,-3608.0,1520.0,-103.0,89.1,0.332499999999996,-1745.0,0.025558328884997684
2016-05-20,15.04,0.04539705089026894,51.3,-0.03411797847016334,1.9469999999999992,26.5,24.9,-9.0,1.0,1310.0,461.0,250.0,90.5,0.0,2581.0,0.07236348904917174
2016-05-27,15.2,-0.07800563220845923,51.3,-0.0327828420445642,0.5300000000000011,26.7,25.0,-2.0,-2.0,-4226.0,-649.0,-135.0,89.7,0.0,-1541.0,0.012287981336599998
2016-06-03,13.12,-0.007044190601803672,51.3,-0.03255334831890754,-0.8840000000000003,26.3,24.7,0.0,2.0,-1366.0,-704.0,5.0,89.8,0.0,6979.0,0.030317766533989748
2016-06-10,13.47,0.085049822810263,51.4,0.014497446357669688,-0.3260000000000005,27.7,24.9,4.0,-5.0,-2361.0,-1363.0,211.0,90.9,-0.2236999999999938,2486.0,0.014497446357669688
2016-06-17,17.03,0.03591050130577081,51.4,-0.009212881213834768,-1.3999999999999986,25.9,24.6,6.0,3.0,-933.0,904.0,-143.0,90.2,0.0,2829.0,0.04307744784929883
2016-06-24,19.41,0.019692944097707752,51.4,0.022463592690263524,-0.9109999999999996,24.8,24.5,10.0,1.0,-917.0,-1280.0,210.0,91.3,0.0,3848.0,0.05617208998116481
2016-07-01,25.76,0.0302862264769512,51.4,0.007111512924448977,0.9529999999999994,23.8,24.6,-3.0,4.0,-4053.0,-951.0,314.0,93.0,0.0,3665.0,0.050547844484533866
2016-07-08,14.77,0.07721731996889944,52.2,-0.02794345116338414,-1.3160000000000007,22.9,24.5,10.0,-1.0,-2223.0,-82.0,-105.0,92.5,0.4649000000000001,-2368.0,0.07383042138327883
2016-07-15,13.2,0.06136018639538878,52.2,0.07588385054062381,-1.8040000000000003,23.9,24.7,9.0,-1.0,-2546.0,-232.0,-22.0,92.3,0.0,1925.0,0.08184742426109373
2016-07-22,12.67,-0.13279528659202036,52.2,-0.011821503691836382,0.6850000000000005,24.4,24.8,7.0,1.0,-2342.0,189.0,166.0,93.2,0.0,2883.0,0.04479175820273668
2016-07-29,12.02,-0.009618541612856694,52.2,0.039055329659047594,-0.1429999999999989,24.6,24.8,15.0,-1.0,1671.0,1110.0,-147.0,92.4,0.0,4411.0,0.023483132105271226
2016-08-05,11.87,0.0748445842625561,52.2,0.060398351875430946,0.3609999999999989,23.8,24.4,1.0,-2.0,1413.0,-1123.0,173.0,93.3,0.0,658.0,0.047237926434940784
2016-08-12,11.39,-0.08878650844325134,52.7,-0.004796172263492944,1.5259999999999998,23.9,24.1,1.0,-5.0,1055.0,1163.0,-214.0,92.2,0.11589999999999634,-3604.0,0.05944775675937189
2016-08-19,11.55,0.0483497325393218,52.7,-0.06236810528723993,-1.5579999999999998,23.5,23.8,17.0,2.0,-2508.0,-724.0,244.0,93.5,0.0,1337.0,0.06452353660909667
2016-08-26,11.34,-0.04203658025824792,52.7,-0.08671163925789896,1.5,23.9,23.9,10.0,0.0,2501.0,375.0,-190.0,92.5,0.0,-3729.0,0.05900289548121435
2016-09-02,13.65,-0.03178827954516585,52.7,0.018303339588750085,-1.6050000000000004,23.2,24.0,-2.0,-2.0,2276.0,-1039.0,70.0,92.8,0.0,-3241.0,0.028040205373920546
2016-09-09,11.98,0.016703141191254964,49.8,0.06953277971567015,-1.7719999999999985,23.8,23.7,8.0,7.0,-14513.0,-434.0,273.0,93.7,-0.14920000000000755,-2505.0,0.08480783884083273
2016-09-16,17.5,-0.04453312843247539,49.8,-0.031889327489740854,0.5169999999999995,25.0,23.9,11.0,4.0,-559.0,-1245.0,-154.0,92.9,0.0,1012.0,0.06911287628728756
2016-09-23,15.37,-0.010092101091107022,49.8,0.06413174541066174,5.309999999999999,24.9,23.6,-2.0,-3.0,-6200.0,526.0,-162.0,92.0,0.0,-4799.0,0.07302840819267087
2016-09-30,12.29,0.0446934284555002,49.8,-0.0331421030918186,-4.241,26.4,24.2,5.0,3.0,-1882.0,-631.0,-357.0,90.1,0.0,1383.0,0.06742119825629565
2016-10-07,13.29,0.014934938458690174,51.1,-0.08114890247660317,0.9380000000000006,26.7,24.4,11.0,4.0,-2976.0,569.0,-324.0,88.3,-0.10429999999999495,-8967.0,0.07688641705490276
2016-10-14,13.48,-0.0748689901639044,51.1,-0.032027214666262065,-0.47199999999999953,26.4,24.3,2.0,-2.0,4850.0,-1318.0,-529.0,85.5,0.0,-245.0,0.03531084090210919
2016-10-21,16.12,-0.0454882285676838,51.1,-0.01078285207937925,-0.3780000000000001,26.8,25.1,15.0,11.0,-5247.0,-1635.0,-83.0,85.0,0.0,-2726.0,0.02304839543629109
2016-10-28,13.34,0.0356473387302377,51.1,-0.009881503329997647,0.375,26.7,24.7,14.0,3.0,-553.0,-1337.0,116.0,85.6,0.0,2587.0,0.032699387635889886
2016-11-04,16.19,-0.06252035698133405,51.1,0.04320109240602487,0.05599999999999916,25.5,24.6,4.0,6.0,14420.0,89.0,-87.0,85.2,0.0,-3647.0,0.036690267393746326
2016-11-11,22.51,0.03917742404697819,51.8,0.09989975123464853,0.7110000000000003,24.7,24.3,12.0,3.0,2432.0,28.0,348.0,87.1,0.015399999999999636,797.0,0.061385154225753934
2016-11-18,14.17,-0.19100630111307865,51.8,0.015089449542393623,-1.799999999999999,25.7,24.1,-1.0,-2.0,5274.0,691.0,401.0,89.2,0.0,-1665.0,0.04195473213636508
2016-11-25,12.85,-0.0910324155037473,51.8,-0.051189626263678,-0.5420000000000016,23.7,24.4,20.0,1.0,-1255.0,-87.0,285.0,90.8,0.0,748.0,0.05588798576586085
2016-12-02,12.34,-0.0008485363258389747,51.8,-0.008065438817359051,1.0650000000000013,24.9,24.7,5.0,2.0,-884.0,2419.0,-175.0,89.8,0.0,-628.0,0.041880921284193906
2016-12-09,14.12,-0.010965947087924085,53.2,-0.11512596508180718,1.9100000000000001,26.4,25.4,4.0,1.0,-2389.0,3783.0,110.0,90.4,-0.41199999999999193,4939.0,0.13331027598459463
2016-12-16,11.75,-0.03462835684003811,53.2,0.003489051804655885,-1.5600000000000005,26.3,25.7,27.0,6.0,-2563.0,1223.0,33.0,90.5,0.0,5919.0,0.03978468756533727
2016-12-23,12.2,-0.04940740051338596,53.2,-0.0077369825021524515,1.4830000000000005,26.8,25.4,13.0,1.0,2256.0,-245.0,190.0,91.5,0.0,2537.0,0.04005156028744649
2016-12-30,11.44,0.021439137264331498,53.2,-0.021350410689036658,1.315999999999999,25.3,25.1,16.0,3.0,614.0,172.0,-96.0,91.0,0.0,-136.0,0.01712044860423525
2017-01-06,14.04,0.037331246365360574,53.2,-0.01311617079415731,0.833000000000002,26.6,26.2,5.0,3.0,-7051.0,1074.0,177.0,92.0,0.0,-8648.0,0.019425339987422057
2017-01-13,11.32,0.01027758275824023,54.4,-0.005013472575158867,-1.6530000000000022,26.3,27.1,7.0,3.0,4097.0,-579.0,323.0,93.6,0.6722999999999928,9096.0,0.031229023846079226
2017-01-20,11.23,0.009549584716347717,54.4,0.030464935938799412,0.27000000000000135,26.4,28.8,-6.0,1.0,2347.0,-1274.0,-548.0,90.7,0.0,-1393.0,0.042190597107696695
2017-01-27,11.54,-0.029190150590894123,54.4,-0.0009542896038640103,-1.186,28.0,30.7,35.0,6.0,2840.0,-284.0,-436.0,88.3,0.0,-6856.0,0.027039113471495093
2017-02-03,10.58,-0.006864553505450579,54.4,-0.01420612962098685,-1.5300000000000011,25.9,31.3,18.0,3.0,6466.0,-1245.0,-10.0,88.2,0.0,1588.0,0.019337878484542693
2017-02-10,10.97,0.007675254806439392,55.7,-0.012336605056618715,-0.17600000000000016,24.2,30.7,17.0,0.0,13830.0,1143.0,-95.0,87.7,-0.26030000000000086,1643.0,0.02347305217647562
2017-02-17,10.85,0.023800877295578022,55.7,-0.0005571548105869786,0.9860000000000007,27.9,30.7,12.0,4.0,9527.0,-702.0,-437.0,85.4,0.0,-2047.0,0.03188047034915138
2017-02-24,11.49,-0.0033167526259939265,55.7,0.00857734141730365,-1.9969999999999999,28.9,29.9,10.0,4.0,564.0,-1528.0,-200.0,84.3,0.0,-2511.0,0.008840460096253003
2017-03-03,11.47,0.043567896823266235,55.7,-0.010988098264046483,5.7330000000000005,29.8,29.5,3.0,-2.0,1501.0,495.0,316.0,86.0,0.0,-3991.0,0.019472103412820314
2017-03-10,10.96,-0.06930986980375123,57.7,0.012299819617684856,-2.4400000000000013,30.7,28.5,2.0,-5.0,8209.0,867.0,-27.0,85.9,-0.3965000000000032,3242.0,0.027003328342501416
2017-03-17,11.66,-0.03799428106264604,57.7,0.09514143349524977,2.096,26.3,27.5,12.0,5.0,-237.0,2130.0,-103.0,85.1,0.0,-26.0,0.09270080523033782
2017-03-24,11.28,0.02915888222021763,57.7,-0.005962801670513346,-0.254999999999999,25.5,26.7,21.0,6.0,4954.0,1419.0,427.0,87.4,0.0,2958.0,0.023608468599879074
2017-03-31,12.96,0.0358198652525874,57.7,0.0167445772738017,1.2079999999999984,24.9,25.7,20.0,-2.0,867.0,-220.0,337.0,89.3,0.0,-4375.0,0.018418268667187005
2017-04-07,12.37,0.010414591112538917,56.5,-0.05337576077944734,0.8120000000000012,24.8,25.7,15.0,5.0,1566.0,1413.0,283.0,90.8,0.6491000000000042,-685.0,0.05839144527561471
2017-04-14,12.87,0.0020959974137504853,56.5,-0.03189690867475575,0.3230000000000004,26.3,25.4,15.0,5.0,-2166.0,276.0,142.0,91.0,0.0,-906.0,0.03903696280823243
2017-04-21,15.96,0.06277758822687159,56.5,-0.017833900846698107,-0.7110000000000021,25.5,25.5,8.0,-3.0,-1034.0,-778.0,351.0,92.9,0.0,-661.0,0.006010536502142323
2017-04-28,14.63,-0.004903063087445228,56.5,0.06928840755121889,-0.4599999999999973,27.7,26.1,10.0,5.0,-3641.0,-1203.0,219.0,94.1,0.0,922.0,0.05927226031632964
2017-05-05,10.82,-0.014128270325072327,56.5,0.005861563018008069,-3.162000000000001,26.2,26.2,13.0,4.0,-930.0,-728.0,-147.0,93.3,0.0,925.0,0.013186112549428822
2017-05-12,10.57,-0.029801384853816577,55.8,0.06511981039941227,0.9030000000000005,25.9,26.1,7.0,2.0,-5247.0,-438.0,-334.0,91.5,1.0087000000000046,-471.0,0.07039785942442853
2017-05-19,10.4,0.009835443835912932,55.8,-0.03444950479614175,1.2579999999999991,24.8,25.9,8.0,-1.0,-1753.0,35.0,350.0,93.4,0.0,-9.0,0.04183281738120637
2017-05-26,12.04,0.040338656254622525,55.8,-0.05073921114589218,0.8129999999999988,24.3,25.4,16.0,8.0,-4432.0,-741.0,18.0,93.5,0.0,7184.0,0.033743983432892186
2017-06-02,9.81,-0.005354765137659916,55.8,0.010586336757661472,-0.42299999999999827,25.9,24.7,7.0,5.0,-6428.0,-747.0,277.0,95.0,0.0,-3873.0,0.051221717183836876
2017-06-09,9.75,0.039487771507118345,56.4,0.04392251236001122,-0.3829999999999991,26.6,25.1,8.0,-3.0,3295.0,-1444.0,-162.0,94.1,0.11839999999999407,2019.0,0.04392251236001122
2017-06-16,10.7,-0.01880358084825096,56.4,0.03915357314956337,-1.032,26.0,25.4,11.0,3.0,-1661.0,-1156.0,55.0,94.4,0.0,2794.0,0.054367005658366344
2017-06-23,10.38,0.02251416024478669,56.4,0.024070942459049068,-0.2820000000000018,23.5,25.3,6.0,1.0,-2451.0,-1080.0,-78.0,94.0,0.0,10762.0,0.044001818806212546
2017-06-30,10.02,0.004190925808098236,56.4,0.03943530926633862,0.14700000000000024,24.1,25.4,8.0,-3.0,118.0,-297.0,-278.0,92.5,0.0,-980.0,0.03851507981811022
2017-07-07,11.18,-0.07287395995717198,56.2,-0.06807793705803702,0.9879999999999995,21.9,24.8,-1.0,1.0,-6299.0,-1334.0,206.0,93.6,0.20629999999999882,-4907.0,0.05951207845495358
2017-07-14,11.19,-0.03453764722711247,56.2,0.04010729197344648,0.8930000000000007,21.4,24.3,12.0,5.0,-7564.0,-1948.0,181.0,94.5,0.0,5362.0,0.06223256353281569
2017-07-21,9.51,0.02246333063643152,56.2,-0.05090886599391036,0.31899999999999906,21.7,23.9,0.0,-2.0,-4727.0,-23.0,-103.0,94.0,0.0,3305.0,0.04707268843596666
2017-07-28,9.36,0.04157238314955949,56.2,0.016683303208594805,0.12199999999999989,21.5,23.7,-2.0,-1.0,-7208.0,-1699.0,56.0,94.3,0.0,3614.0,0.0290686846777805
2017-08-04,10.29,-0.022969207676414798,56.2,-0.0825772654410305,1.0070000000000014,22.1,23.3,8.0,6.0,-1527.0,-39.0,210.0,95.4,0.0,-3924.0,0.07020060110235113
2017-08-11,10.03,0.011860450914748062,56.5,0.002618593499536872,0.04499999999999815,22.7,23.7,-4.0,-3.0,-6451.0,569.0,95.0,96.3,-0.24029999999999063,-4344.0,0.02298488283301964
2017-08-18,15.51,0.032789822822990755,56.5,0.015447461642230344,-0.2829999999999977,22.0,23.7,-5.0,-8.0,-8945.0,678.0,-21.0,96.1,0.0,-2204.0,0.019766308343130114
2017-08-25,14.26,-0.0022805026987252177,56.5,0.0063701027076888414,0.24299999999999855,22.7,23.7,-3.0,1.0,-3327.0,-503.0,-132.0,95.4,0.0,3721.0,0.03631420110109223
2017-09-01,11.28,0.012838323972912612,56.5,0.01328095885270753,-1.2719999999999985,21.6,23.7,-6.0,-2.0,-5392.0,689.0,216.0,96.6,0.0,-2722.0,0.021717287015942607
2017-09-08,10.13,0.0,58.4,0.012190146748633307,7.800999999999998,21.9,23.8,3.0,3.0,4580.0,797.0,-3142.0,79.7,-0.41430000000001144,-7968.0,0.02852740367522934
2017-09-15,12.12,0.05452879524569872,58.4,-0.004009713085682794,-2.692,23.7,22.8,1.0,4.0,5888.0,1023.0,-347.0,77.7,0.0,-1695.0,0.03878142804204971
2017-09-22,10.17,-0.07100514051168283,58.4,-0.04951201213147881,-1.4450000000000003,23.4,22.7,-8.0,-1.0,4591.0,703.0,1011.0,83.2,0.0,-154.0,0.037162299967076574
2017-09-29,9.59,-0.02155449410438913,58.4,-0.01531606270058307,-1.7240000000000002,24.7,23.0,-1.0,4.0,-1846.0,1181.0,997.0,88.6,0.0,6732.0,0.023568097049242013
2017-10-06,9.51,-0.036208971939769165,58.4,-0.019740697725564173,-2.0139999999999993,26.5,23.2,5.0,-1.0,-6023.0,1525.0,-85.0,88.1,0.0,-3293.0,0.012719385199996044
2017-10-13,9.65,-0.01107808517315434,60.0,0.04715612158180699,0.6500000000000021,25.1,23.5,-4.0,-2.0,-2747.0,1322.0,204.0,89.2,0.10290000000000532,-4397.0,0.0299782640958672
2017-10-20,9.61,0.03712122370917438,60.0,-0.04288924156277232,0.41799999999999926,24.9,23.8,-8.0,-2.0,-5731.0,202.0,-865.0,84.5,0.0,607.0,0.037022935673014276
2017-10-27,9.97,-0.04765872901196012,60.0,-0.0003886513846044483,1.480999999999998,24.1,23.3,-15.0,-8.0,856.0,-237.0,609.0,87.8,0.0,-5249.0,0.014516852243127428
2017-11-03,9.8,-0.009182034460630454,60.0,-0.046131364250288284,-0.39000000000000057,23.8,22.8,-4.0,-5.0,-2435.0,90.0,44.0,88.1,0.0,-1017.0,0.037811687743108426
2017-11-10,9.14,0.031226165761641944,58.6,-0.031771889140290714,0.48100000000000165,23.0,22.4,-11.0,-3.0,2237.0,720.0,295.0,89.6,1.229299999999995,1419.0,0.027144393608242546
2017-11-17,11.29,-0.027896990818264522,58.6,-0.019577062325463152,0.7680000000000007,22.7,22.5,9.0,0.0,1854.0,-1504.0,248.0,91.0,0.0,2358.0,0.010693414194674351
2017-11-24,11.43,0.023193112142791437,58.6,0.003354226818576,-2.0060000000000002,23.9,22.3,8.0,8.0,-1855.0,-1827.0,69.0,91.3,0.0,267.0,0.028956446696191216
2017-12-01,9.67,0.0004267121891076239,58.6,-0.04156442442125062,-1.2880000000000003,24.4,23.2,8.0,-1.0,-3429.0,-2914.0,229.0,92.6,0.0,-3175.0,0.049732083463134305
2017-12-08,11.43,-0.008076558249512035,57.6,0.010058903328795095,-0.7029999999999994,23.4,24.3,6.0,4.0,-5610.0,-2753.0,237.0,93.8,0.24170000000000869,2545.0,0.018330099933891147
2017-12-15,9.58,-0.00633047060288619,57.6,0.01728352736321994,0.1739999999999995,24.4,25.0,2.0,0.0,-5117.0,-3317.0,-149.0,93.4,0.0,5618.0,0.029232579859102013
2017-12-22,9.42,0.009723179539971693,57.6,0.001046572570671117,-2.067,22.2,25.2,-1.0,3.0,-6495.0,754.0,125.0,94.1,0.0,3541.0,0.02426159667921188
2017-12-29,9.9,-0.05294867794433059,57.6,-0.02021317846688524,2.7929999999999993,21.4,24.8,1.0,1.0,-4609.0,-1584.0,311.0,95.7,0.0,-4814.0,0.022659449125912577
2018-01-05,11.04,0.03109906922992829,57.6,-0.032806373770946834,0.33399999999999963,21.9,25.4,-2.0,-2.0,-7419.0,-2441.0,168.0,96.7,0.0,5609.0,0.03280637377094674
2018-01-12,9.22,-0.029082532954735212,59.7,-0.016740912880890687,-1.3989999999999974,22.4,26.1,-5.0,0.0,-4948.0,-2395.0,-254.0,95.3,0.1979999999999933,11329.0,0.026803369553451858
2018-01-19,10.16,-0.02826058720269445,59.7,-0.04549854240415693,-0.8070000000000022,23.1,27.1,15.0,5.0,-6861.0,-4184.0,-420.0,93.0,0.0,-11948.0,0.04078959483776922
2018-01-26,11.27,-0.043017385083690816,59.7,0.01456906790814811,1.0790000000000006,23.5,28.0,-3.0,2.0,-1071.0,-3150.0,-389.0,90.9,0.0,6430.0,0.01456906790814811
2018-02-02,11.08,-0.0003758692019443434,59.7,-0.042783144218221124,-0.01899999999999835,24.9,27.5,11.0,-1.0,6776.0,-2224.0,-515.0,88.1,0.0,-11879.0,0.040891294371288224
2018-02-09,17.31,-0.06580603767935678,59.4,0.010487215197737812,-1.7310000000000016,25.6,27.6,-1.0,-7.0,1895.0,-711.0,823.0,92.5,-0.0018999999999920192,1955.0,0.019954614529544615
2018-02-16,29.06,-0.0035124728771405668,59.4,0.10036495046594895,-1.3800000000000008,27.1,27.7,29.0,3.0,1841.0,-3642.0,-496.0,89.8,0.0,1556.0,0.08030254917168549
2018-02-23,19.46,-0.00837993730675081,59.4,-0.04103818736511402,-0.3359999999999985,26.3,27.5,0.0,-7.0,-1616.0,-2664.0,-320.0,88.1,0.0,-4133.0,0.04120712055244044
2018-03-02,16.49,0.0027855171214262267,59.4,-0.029867268380389,5.706999999999999,26.3,28.0,3.0,2.0,3019.0,-1218.0,-61.0,87.8,0.0,-1520.0,0.029867268380388903
2018-03-09,19.59,0.0010465725706708953,60.9,0.036863148210626695,-1.4229999999999983,25.1,27.7,3.0,2.0,2408.0,-605.0,32.0,88.0,0.2459999999999951,-2067.0,0.046765927353825294
2018-03-16,14.64,-0.010416760858255604,60.9,-0.012815488883501668,-0.9790000000000028,23.3,26.6,3.0,7.0,5022.0,338.0,404.0,90.0,0.0,1888.0,0.040422713221279084
2018-03-23,15.8,0.017422043446664197,60.9,-0.004823936030853047,1.3979999999999997,23.8,26.2,6.0,1.0,-2622.0,905.0,321.0,91.7,0.0,-965.0,0.02649484519684831
2018-03-30,24.87,0.010956108886096967,60.9,-0.05523163097024841,0.6780000000000008,23.2,25.6,5.0,1.0,1643.0,1804.0,121.0,92.3,0.0,-856.0,0.059733246289205275
2018-04-06,19.97,0.026649038292218413,60.9,0.014371138634739633,0.3910000000000018,22.8,25.5,-2.0,4.0,-4617.0,3666.0,130.0,93.0,0.0,-1618.0,0.018010184339046848
2018-04-13,21.49,-0.012332401492660933,58.8,0.04536210765446561,0.08899999999999864,23.8,25.8,10.0,0.0,3306.0,1129.0,96.0,93.5,0.4981999999999971,640.0,0.02356796982113596
2018-04-20,17.41,-0.01927942614168641,58.8,-0.08239497993789148,-0.1819999999999986,22.2,25.1,5.0,-2.0,-1071.0,-1115.0,-204.0,92.4,0.0,192.0,0.06071736984792429
2018-04-27,16.88,-0.04595730108512785,58.8,-0.014583745253029573,0.24599999999999866,23.2,25.3,5.0,0.0,2170.0,459.0,-284.0,90.8,0.0,-1816.0,0.033413161013871255
2018-05-04,15.41,0.0010136848308459792,58.8,0.004103171055688622,1.221,23.6,25.5,8.0,3.0,6218.0,416.0,45.0,91.1,0.0,-1664.0,0.01378927526147757
2018-05-11,14.77,0.0023692683278056987,58.6,-0.023510007496353524,-1.713000000000001,24.3,25.0,11.0,1.0,-2197.0,1388.0,-120.0,90.4,1.1261999999999972,3198.0,0.036070202169871696
2018-05-18,12.65,-0.006754500519668231,58.6,-0.013958352250706914,2.053000000000001,25.3,24.8,13.0,3.0,-1404.0,53.0,125.0,91.1,0.0,2455.0,0.032761796309907665
2018-05-25,13.42,-0.02853544642822679,58.6,-0.008170210260026732,1.2540000000000013,23.9,24.6,1.0,1.0,5778.0,-1123.0,132.0,91.8,0.0,2970.0,0.007441241777436516
2018-06-01,13.22,0.04174925888429237,58.6,0.04887434279652846,1.0180000000000007,23.4,24.2,13.0,-2.0,-3620.0,-556.0,387.0,93.9,0.0,1532.0,0.0622524687427045
2018-06-08,13.46,0.009940098981912171,59.0,0.0309696378979977,0.6189999999999998,23.4,25.2,1.0,-1.0,2072.0,-955.0,271.0,95.4,-0.930499999999995,5902.0,0.03581937919860013
2018-06-15,12.18,-0.0150430187130648,59.0,0.001064234231954586,-0.7330000000000005,25.2,24.8,2.0,1.0,-4143.0,-687.0,91.0,95.7,0.0,-1761.0,0.018672106605904872
2018-06-22,11.98,0.008861680349953811,59.0,0.010397647190867778,-2.6620000000000026,24.1,25.4,-3.0,-4.0,-5914.0,-1296.0,185.0,96.7,0.0,3196.0,0.02773955808511121
2018-06-29,13.77,0.008595548882133978,59.0,-0.05269102598956884,-3.068999999999999,24.7,25.4,-7.0,-6.0,-9891.0,-2713.0,141.0,97.5,0.0,2329.0,0.05253733352788162
2018-07-06,16.09,0.012159260455496571,59.0,-0.07808912154916693,-1.2489999999999988,23.2,24.7,-5.0,-1.0,1245.0,-2113.0,-73.0,97.1,0.0,1815.0,0.08540658431882242
2018-07-13,13.37,0.013371064796620985,59.9,0.004731336977514343,-1.2350000000000012,21.3,25.0,5.0,0.0,-12633.0,-2062.0,-70.0,96.7,0.7955999999999932,3110.0,0.016318012342052088
2018-07-20,12.18,-0.0017695987629739707,59.9,0.03853801941242448,2.3089999999999993,22.3,24.4,2.0,2.0,5836.0,-860.0,-445.0,94.3,0.0,-1208.0,0.052352025643340606
2018-07-27,12.86,-0.02306988017496585,59.9,0.007775539280910939,-0.9439999999999991,21.3,24.1,-8.0,-2.0,-6147.0,-1127.0,-85.0,93.8,0.0,1804.0,0.034655503840331864
2018-08-03,13.03,-0.02085902264876941,59.9,0.02544154468730118,3.4800000000000004,22.9,23.9,2.0,-1.0,3803.0,-1338.0,429.0,96.1,0.0,-1079.0,0.025019486867019426
2018-08-10,11.64,0.0016934805063329261,58.1,0.0029158790159764868,-1.311,21.9,24.1,-4.0,-3.0,-1351.0,-590.0,93.0,96.6,0.16660000000000252,-3349.0,0.03585549919625655
2018-08-17,13.16,0.026100382694895213,58.1,0.012636077622965298,0.2560000000000002,21.9,24.2,13.0,3.0,6805.0,1643.0,270.0,98.1,0.0,4549.0,0.03471447267510729
2018-08-24,12.64,0.004533573588859956,58.1,0.025761496522220016,-0.5360000000000014,22.7,24.5,0.0,0.0,-5836.0,772.0,-7.0,98.1,0.0,-1928.0,0.033132143312726396
2018-08-31,11.99,0.01763092214357838,58.1,-0.041750102611371395,-1.2509999999999977,21.5,24.4,-13.0,-4.0,-2566.0,58.0,-317.0,96.3,0.0,-5552.0,0.03389151599885009
2018-09-07,12.86,-0.017630922143578476,60.5,-0.01559373209232678,-0.1460000000000008,22.4,24.3,4.0,2.0,-4302.0,549.0,44.0,96.6,0.6681000000000097,4347.0,0.024788702616122902
2018-09-14,14.88,-0.027578445503884587,60.5,0.029809550008516542,1.1439999999999984,24.6,24.4,0.0,2.0,-5296.0,-1242.0,187.0,97.6,0.0,-3140.0,0.0308119128045491
2018-09-21,12.07,-0.018862128762668205,60.5,-0.018137106798206976,-1.376999999999999,24.9,24.1,7.0,0.0,-2057.0,-1250.0,-402.0,95.4,0.0,-7119.0,0.04104702102103597
2018-09-28,11.68,-0.022109463543818805,60.5,-0.025614908359300127,-0.8140000000000001,26.8,24.9,-2.0,0.0,1852.0,461.0,-932.0,90.4,0.0,3982.0,0.03156728583653269
2018-10-05,12.12,0.000652954642852817,60.5,-0.0343017729798594,1.529,26.5,25.2,1.0,3.0,7975.0,1699.0,-8.0,90.4,0.0,-8328.0,0.023202256146670545
2018-10-12,14.82,-0.05465146391942313,59.3,-0.014770916971929435,-0.4289999999999985,27.1,25.7,-2.0,0.0,5987.0,2359.0,-290.0,88.8,0.06769999999998788,3127.0,0.027598938922273115
2018-10-19,21.31,0.02251502236763477,59.3,0.04119198493836056,-1.9130000000000003,26.9,25.8,11.0,4.0,6490.0,1776.0,-5.0,88.8,0.0,-4278.0,0.05469738539327506
2018-10-26,19.89,-0.009756174945364685,59.3,0.0316130554349453,1.0359999999999978,25.7,25.0,4.0,1.0,6346.0,1371.0,78.0,89.2,0.0,-4636.0,0.04653325794938471
2018-11-02,24.16,0.037330862089247366,59.3,0.022384081383537435,-1.182999999999998,25.7,24.6,1.0,-1.0,3217.0,1878.0,34.0,89.4,0.0,-829.0,0.040418480935343525
2018-11-09,19.51,-0.0435750284903239,58.1,0.06810555998241714,-0.3310000000000013,24.8,24.7,-1.0,0.0,5783.0,2419.0,115.0,90.0,-0.11479999999998824,117.0,0.059934973043982154
2018-11-16,17.36,0.009380931833765807,58.1,0.04784825757016619,0.44400000000000084,22.6,24.6,14.0,2.0,10270.0,1167.0,25.0,90.1,0.0,2801.0,0.047214543987488145
2018-11-23,18.14,0.03810289642161081,58.1,0.0639738027343362,1.0379999999999985,22.4,24.5,1.0,-1.0,4851.0,-116.0,480.0,92.7,0.0,5622.0,0.07337661686851661
2018-11-30,21.52,0.007534843183117342,58.1,0.11314450106556945,-2.3679999999999986,22.5,24.5,-3.0,0.0,3577.0,1177.0,544.0,95.6,0.0,-5039.0,0.11844393053206813
2018-12-07,18.07,0.017247525393426805,58.6,-0.010064219136739452,-0.19200000000000017,21.4,24.8,-3.0,-5.0,-7323.0,1729.0,-19.0,95.5,0.08249999999999602,3902.0,0.026296648707684372
2018-12-14,23.23,0.04867307500590036,58.6,-0.032454074846202594,1.2829999999999995,22.6,25.2,-1.0,9.0,-1208.0,1148.0,-72.0,95.1,0.0,3109.0,0.03361019053148447
2018-12-21,21.63,-0.015336654738308537,58.6,0.027166683697253585,-0.2839999999999989,23.6,25.3,-4.0,0.0,-497.0,1091.0,52.0,95.4,0.0,793.0,0.030510186577409403
2018-12-28,30.11,0.03484427813408309,58.6,0.11605113782011207,-0.03500000000000014,24.2,25.5,9.0,-1.0,-46.0,799.0,-56.0,95.1,0.0,-3693.0,0.08993172658648554
2019-01-04,28.34,0.026126304592219998,58.6,0.005719329272592345,-0.6590000000000007,25.1,26.5,3.0,1.0,7.0,641.0,383.0,97.2,0.0,-3129.0,0.08320289558069252
2019-01-11,21.38,0.01892800988551886,54.9,-0.056398265206555616,0.32200000000000095,24.4,27.6,-8.0,0.0,-1680.0,330.0,-194.0,96.1,0.02549999999999386,955.0,0.054634985049453744
2019-01-18,18.19,-0.012288369115619993,54.9,-0.07296052509724504,-0.5630000000000006,24.2,29.0,0.0,4.0,-2683.0,-743.0,-284.0,94.6,0.0,2967.0,0.08054990352540345
2019-01-25,17.8,-0.030255633841240283,54.9,-0.04194561191118004,-0.5099999999999998,24.9,29.8,-25.0,-4.0,7970.0,-190.0,-314.0,92.9,0.0,2171.0,0.06310213068777754
2019-02-01,17.42,0.009379578144098477,54.9,0.002046702733260578,-1.4689999999999994,25.3,28.8,9.0,-1.0,919.0,-145.0,-526.0,90.1,0.0,4062.0,0.02312785233638196
2019-02-08,16.14,0.027187567274320885,55.7,-0.028822555060792367,-0.5400000000000009,25.0,28.6,-14.0,1.0,1263.0,1441.0,105.0,90.7,-0.6914999999999907,-283.0,0.060997927099645924
2019-02-15,15.72,0.01841811132056715,55.7,0.0470544293010187,2.867000000000001,25.9,28.6,4.0,-3.0,3633.0,-1016.0,-875.0,85.9,0.0,-6805.0,0.03582472651814501
2019-02-22,14.91,-0.010566136037881958,55.7,-0.05300843877112643,2.1259999999999994,27.1,28.5,2.0,-1.0,3672.0,3413.0,-2.0,85.9,0.0,1604.0,0.058905916151303424
2019-03-01,13.51,0.003760816768126919,55.7,-0.029598970704590825,4.042999999999999,25.6,28.7,-4.0,0.0,-8647.0,1628.0,209.0,87.1,0.0,895.0,0.029598970704590808
2019-03-08,13.57,-0.037349506694862034,54.4,0.025828430282703773,-0.010999999999999233,25.6,28.3,-9.0,1.0,7069.0,873.0,89.0,87.5,-0.5649999999999977,-2501.0,0.030880892175333494
2019-03-15,16.05,0.04643359641520464,54.4,-0.00482704074831598,1.7369999999999983,23.5,27.4,-11.0,-2.0,-3862.0,-672.0,5.0,87.6,0.0,5270.0,0.010467584266789173
2019-03-22,12.88,0.015712145420272498,54.4,-0.042767666016342486,-1.4789999999999992,22.4,26.4,-1.0,0.0,-9589.0,-468.0,246.0,88.9,0.0,-10661.0,0.03154507659899664
2019-03-29,16.48,0.058863909358577604,54.4,-0.008846604140293405,0.4720000000000013,23.7,26.0,-10.0,-1.0,2800.0,541.0,-422.0,86.6,0.0,-879.0,0.015965384068264872
2019-04-05,13.71,0.014442173858335773,54.4,-0.01845999726816596,-1.2630000000000017,22.1,25.7,-10.0,-2.0,7238.0,201.0,-36.0,86.4,0.0,-1825.0,0.022193244434534076
2019-04-12,12.82,-0.03672383295469408,54.9,-0.0477285845344546,0.5360000000000014,24.7,24.5,19.0,4.0,7029.0,-1133.0,329.0,87.5,0.0385999999999882,717.0,0.023904242395885573
2019-04-19,12.01,-0.027658815686263404,54.9,-0.01275909251941432,1.3569999999999993,25.4,24.3,-3.0,-5.0,-1396.0,-1543.0,39.0,87.7,0.0,-426.0,0.016070242087417565
2019-04-26,12.09,0.0019504589760564065,54.9,-0.0017202287454199444,1.024000000000001,24.7,23.9,-10.0,-2.0,5479.0,463.0,464.0,90.1,0.0,-1526.0,0.010200166899562949
2019-05-03,12.73,0.024507155364572836,54.9,0.010997754209541502,-0.28600000000000136,23.9,24.0,-21.0,-1.0,9934.0,265.0,-169.0,89.2,0.0,713.0,0.04630456804168637
2019-05-10,12.87,-0.01074637207548396,53.6,0.021719154605073666,1.0950000000000024,22.2,23.9,-1.0,-3.0,-3963.0,821.0,-54.0,88.9,-0.6016999999999939,2772.0,0.0334106799910084
2019-05-17,16.04,0.02322891788515792,53.6,0.004530752087052475,-1.0060000000000002,22.2,23.9,-2.0,0.0,5431.0,1805.0,291.0,90.5,0.0,-639.0,0.013748700191720333
2019-05-24,15.96,0.03127826995475617,53.6,-0.01768250540682761,0.9379999999999988,23.5,24.3,-1.0,2.0,4740.0,1266.0,-103.0,89.9,0.0,1228.0,0.0295397154187682
2019-05-31,15.85,0.030131708796085142,53.6,0.0680714168887081,-0.9710000000000001,21.7,24.4,-4.0,1.0,-282.0,-16.0,233.0,91.2,0.0,4841.0,0.08583068830946908
2019-06-07,18.71,0.08822632491591996,52.6,0.09156485707416288,-1.0670000000000002,21.7,25.0,1.0,-2.0,6771.0,1791.0,119.0,91.8,0.117999999999995,2063.0,0.10022586052237023
2019-06-14,16.3,0.019962640097545222,52.6,-0.00911719032823482,-1.533999999999999,21.9,24.6,-9.0,2.0,2206.0,2096.0,308.0,93.2,0.0,1099.0,0.04372798475584922
2019-06-21,15.28,0.0009606148673376271,52.6,0.027795216580427676,1.5039999999999978,22.2,24.1,-6.0,-5.0,-3106.0,642.0,134.0,93.9,0.0,-1746.0,0.040806351065867365
2019-06-28,15.4,0.012086199818578655,52.6,-0.08956318722643729,-1.2590000000000003,22.2,24.0,-2.0,-4.0,-12788.0,-1746.0,43.0,94.2,0.0,4005.0,0.10067015701997765
2019-07-05,15.08,0.024619658053174988,52.6,-0.01794698731137396,1.4870000000000019,21.8,23.8,0.0,-4.0,-1085.0,652.0,6.0,94.2,0.0,4715.0,0.027291477208442282
2019-07-12,13.28,-0.014353129354814744,51.5,0.016554956461916407,1.2729999999999997,22.6,23.7,-4.0,1.0,-9499.0,-310.0,90.0,94.7,0.04550000000000409,2767.0,0.04925566427305385
2019-07-19,12.39,-0.04233436382656077,51.5,-0.045879605750693664,-0.31099999999999994,22.2,24.5,-5.0,-2.0,-3116.0,-1351.0,-67.0,94.4,0.0,915.0,0.04692197816321101
2019-07-26,14.45,0.032067835128200474,51.5,0.0791158273891546,-0.31200000000000117,23.0,24.4,-4.0,2.0,-10835.0,-429.0,-233.0,93.1,0.0,5873.0,0.07454703875684723
2019-08-02,12.16,-0.007269234820528507,51.5,-0.010194132812443564,-0.8119999999999976,22.7,24.2,-8.0,-5.0,-8496.0,-1533.0,-24.0,93.0,0.0,-6183.0,0.015801482793873802
2019-08-09,17.61,0.11446888119634435,51.0,0.009655000801900715,-1.120000000000001,23.1,24.7,-4.0,2.0,2385.0,-1504.0,633.0,96.4,-0.49670000000000414,1340.0,0.08233564969544362
2019-08-16,17.97,0.05623524379969246,51.0,0.021061054428546177,-3.086000000000002,22.2,24.1,-8.0,-2.0,1580.0,-2540.0,-291.0,94.8,0.0,-416.0,0.06809209401597467
2019-08-23,18.47,0.11585191178621305,51.0,-0.00676604940168561,-0.6269999999999989,21.7,24.2,1.0,-4.0,-2732.0,-2485.0,212.0,95.9,0.0,-176.0,0.047154025266381454
2019-08-30,19.87,0.012293910905716887,51.0,0.012839501401076394,-2.7029999999999994,22.0,23.7,-19.0,-3.0,-10027.0,-1980.0,-132.0,95.2,0.0,-423.0,0.039277512778419045
2019-09-06,18.98,0.025050749630452767,51.0,-0.017022466489061312,-0.8699999999999992,22.3,23.6,-12.0,0.0,-4771.0,-230.0,-82.0,94.8,0.0,-7104.0,0.05565550361245891
2019-09-13,15.0,-0.041195756438267284,48.5,-0.02544484165745796,0.7969999999999988,24.9,23.6,-6.0,-2.0,-6912.0,-798.0,64.0,95.1,0.6981999999999999,1349.0,0.04672224010474298
2019-09-20,13.74,-0.19547405865444104,48.5,0.02999237109508741,0.6660000000000004,24.4,24.1,-12.0,-7.0,1058.0,-647.0,-743.0,91.2,0.0,298.0,0.05325126691844635
2019-09-27,15.32,0.0967337426419435,48.5,-0.05739134528320192,2.0010000000000012,26.7,24.5,-18.0,-5.0,2412.0,2256.0,-257.0,89.8,0.0,-3374.0,0.07955263170195369
2019-10-04,17.22,0.023489042337123612,48.5,0.03825027696588722,-0.7260000000000026,26.6,24.7,-8.0,-2.0,3104.0,-201.0,-636.0,86.4,0.0,-1421.0,0.04767380253984225
2019-10-11,17.04,0.09531017980432493,48.1,0.057042688319711994,1.6160000000000032,25.5,24.8,-5.0,-2.0,2927.0,941.0,-145.0,85.7,-0.34729999999998995,754.0,0.030419168551607215
2019-10-18,15.58,-0.12343154078972812,48.1,-0.035163142709093764,0.8909999999999982,25.8,24.3,1.0,-1.0,9281.0,1276.0,-490.0,83.1,0.0,-9644.0,0.039337721826682784
2019-10-25,14.25,-0.01376958072375677,48.1,0.016962058587216906,0.3440000000000012,22.4,23.8,-5.0,-6.0,-1699.0,1506.0,395.0,85.2,0.0,-2552.0,0.020986342630293857
2019-11-01,12.65,-0.023093112962178766,48.1,-0.052166843561651854,-2.2300000000000004,21.7,23.0,-21.0,-4.0,5702.0,1572.0,475.0,87.7,0.0,257.0,0.06094456356770066
2019-11-08,12.3,0.048483974969951424,48.1,0.008151737502724977,0.6140000000000008,21.5,22.9,-8.0,-3.0,7929.0,1714.0,-318.0,86.0,-0.8636000000000053,2609.0,0.0366049202426963
2019-11-15,12.07,-0.12715517548524663,48.1,-0.018336197788604715,-1.993000000000002,20.9,23.2,-5.0,0.0,2219.0,-1229.0,337.0,87.8,0.0,1234.0,0.015670714202464752
2019-11-22,12.05,0.05882490414336445,48.1,-0.008350779217419963,-0.01699999999999946,22.5,23.6,-11.0,-1.0,1379.0,-2295.0,323.0,89.5,0.0,4445.0,0.01659571672303523
2019-11-29,12.34,0.03386390745124209,48.1,-0.0008658758875040722,0.6620000000000008,21.7,24.5,-3.0,0.0,1572.0,-97.0,-32.0,89.3,0.0,-4720.0,0.05924924510363407
2019-12-06,12.62,-0.0033821903718178246,48.1,0.04605028250883471,-0.5140000000000011,21.2,25.0,-1.0,2.0,-4856.0,-302.0,487.0,91.9,0.0,-917.0,0.05706778076787855
2019-12-13,13.62,-0.03375147476098115,48.1,-0.07050221460562063,-1.084999999999999,22.3,25.9,-3.0,2.0,822.0,-3393.0,-244.0,90.6,0.5091000000000037,5331.0,0.05628439209267952
2019-12-20,12.63,0.008194528236969355,48.1,-0.014589006972109981,-0.0470000000000006,20.5,26.0,0.0,-4.0,-1085.0,-265.0,-7.0,90.6,0.0,1088.0,0.022049197556393466
2019-12-27,12.51,-0.05079948076472049,48.1,-0.006140588542468743,1.3130000000000006,22.1,26.1,14.0,-4.0,-5474.0,-2393.0,514.0,93.3,0.0,3810.0,0.016635482040909973
2020-01-03,13.43,0.02160821885687475,48.1,-0.020956890090421242,0.17999999999999972,22.0,26.5,-8.0,0.0,-11463.0,-1449.0,221.0,94.5,0.0,-10095.0,0.01963413857480488
2020-01-10,14.02,0.04801795307778965,47.9,-0.021320034915968396,-0.952,22.3,28.1,-9.0,-2.0,1164.0,-821.0,-284.0,93.0,-0.23690000000000566,698.0,0.03207107510419672
2020-01-17,12.56,-0.017728996218888866,47.9,0.06571288211871154,-0.3890000000000011,23.6,29.6,-15.0,-4.0,-2549.0,342.0,-151.0,92.2,0.0,4178.0,0.06919610286657597
2020-01-24,12.1,-0.0005489980922957173,47.9,0.008504899028477285,-0.9849999999999994,24.7,30.3,15.0,1.0,-405.0,-961.0,-312.0,90.5,0.0,-1087.0,0.012548510169354937
2020-01-31,14.56,0.0781692350334416,47.9,0.0772138916857169,-0.5760000000000005,26.1,30.6,-2.0,-5.0,3548.0,758.0,-612.0,87.2,0.0,5438.0,0.0772138916857169
2020-02-07,18.84,0.11098129421856076,51.4,0.049750211507036124,0.31700000000000017,25.8,29.9,-4.0,-3.0,3355.0,1068.0,36.0,87.4,-0.6664999999999992,-4357.0,0.03656157416275578
2020-02-14,15.47,-0.049169023806469814,51.4,0.02434356567880155,2.2620000000000005,26.3,29.7,0.0,-1.0,7459.0,1668.0,100.0,88.0,0.0,-692.0,0.026652333355776416
2020-02-21,13.68,-0.0018921481520378152,51.4,-0.03380218266879276,0.5549999999999997,27.4,29.3,0.0,-1.0,415.0,-133.0,267.0,89.4,0.0,1985.0,0.04881898302849529
2020-02-28,17.08,0.07522342123758753,51.4,-0.025231348915400343,3.2489999999999988,28.2,28.8,1.0,0.0,452.0,906.0,-288.0,87.9,0.0,-758.0,0.03269685577974078
2020-03-06,40.11,0.2468600779315258,51.4,0.17612126053265373,-2.139999999999997,27.1,28.1,-1.0,0.0,784.0,-1971.0,-176.0,86.9,0.0,-1744.0,0.13890677634310042
2020-03-13,41.94,0.40894943219077523,50.1,0.08093676227041713,-0.2480000000000011,27.8,27.0,3.0,-1.0,7664.0,704.0,-100.0,86.4,0.33970000000000766,-2527.0,0.1335919528062216
2020-03-20,57.83,-0.23252350544402503,50.1,0.26311551557820306,-7.675000000000001,25.2,25.8,-1.0,-2.0,1954.0,563.0,-5.0,86.4,0.0,-2938.0,0.09872111266253776
2020-03-27,66.04,0.12821065881864258,50.1,0.34686325706298726,0.3230000000000004,24.5,25.8,-20.0,-1.0,1623.0,858.0,174.0,87.3,0.0,247.0,0.34283389252686086
2020-04-03,65.54,0.22225950823320678,50.1,0.04188140525247809,1.1170000000000009,25.1,28.5,-44.0,-4.0,13833.0,3521.0,-936.0,82.3,0.0,-1160.0,0.12974692768443757
2020-04-10,46.8,0.12870401416609412,49.0,-0.2757562909828956,-4.087000000000001,29.4,34.0,-64.0,-2.0,15177.0,6417.0,-1265.0,75.6,-3.9657000000000124,-3336.0,0.3440520554356913
2020-04-17,41.67,-0.18872202389234702,49.0,0.21926962500440417,2.912,40.1,40.9,-62.0,-4.0,19248.0,5724.0,-1103.0,69.1,0.0,-719.0,0.13616412780032197
2020-04-24,38.15,0.11449441304732964,49.0,0.2197442388682149,5.897,51.5,47.6,-73.0,-7.0,15022.0,4776.0,-288.0,67.6,0.0,-116.0,0.20424691742292023
2020-05-01,35.93,0.0658872789287984,49.0,0.07558268116600687,-2.399000000000001,60.4,48.7,-64.0,-4.0,8991.0,3637.0,382.0,69.6,0.0,628.0,-1.4501727345203295
2020-05-08,37.19,-0.019737482838321434,41.8,-0.1549936369706577,0.10500000000000043,66.5,44.8,-57.0,-4.0,4590.0,2068.0,175.0,70.5,-12.8459,-382.0,0.4718253077173244
2020-05-15,27.98,-0.10942391011508286,41.8,-0.22375004076977573,1.654,71.1,40.1,-34.0,-1.0,-745.0,-3002.0,-499.0,67.9,0.0,1347.0,0.19337678237797803
2020-05-22,31.89,0.061720112157871765,41.8,-0.1735931952810396,-4.298,71.1,38.3,-35.0,-1.0,-4982.0,-5587.0,294.0,69.4,0.0,401.0,0.198144346575996
2020-05-29,28.16,-0.02454110891611766,41.8,-0.12204020485648177,-0.22199999999999953,67.7,36.3,-21.0,0.0,7928.0,-3395.0,350.0,71.3,0.0,2271.0,0.06390978801406151
2020-06-05,27.51,0.01066270574404011,41.8,-0.06519619955654206,-1.0259999999999998,73.2,35.6,-17.0,-2.0,-2077.0,-1739.0,89.0,71.8,0.0,4448.0,0.07851761968539482
2020-06-12,24.52,-0.31636328369849936,43.5,-0.10831472755525769,1.4030000000000005,61.7,35.1,-17.0,-1.0,5720.0,-2279.0,255.0,73.1,1.3985000000000127,5026.0,0.10972456847678261
2020-06-19,36.09,0.23974261016266185,43.5,0.08685048888695782,-0.018000000000000682,59.2,33.6,-5.0,2.0,1215.0,-2608.0,128.0,73.8,0.0,2452.0,0.08811391293372987
2020-06-26,35.12,0.014285957247476434,43.5,-0.09189463577363594,2.1050000000000004,60.1,32.0,-13.0,-3.0,1442.0,-991.0,163.0,74.6,0.0,-2334.0,0.06845393318234119
2020-07-03,34.73,0.07932354187483091,43.5,0.032211373804686104,-2.9400000000000013,58.5,31.2,-1.0,0.0,-7195.0,-263.0,158.0,75.5,0.0,5654.0,0.06246454873844219
2020-07-10,27.68,-0.04268940869505056,52.6,-0.05460036869816479,1.9440000000000008,54.9,29.8,-2.0,1.0,5654.0,2206.0,378.0,77.5,5.632999999999996,3968.0,0.03453796740390121
2020-07-17,27.29,0.03647820860240988,52.6,0.0024630554323978138,0.988999999999999,45.1,28.7,-5.0,-1.0,-7493.0,949.0,128.0,78.1,0.0,4329.0,0.031796021778351134
2020-07-24,25.68,0.02985296314968113,52.6,-0.000985950289384612,-2.0069999999999997,41.7,28.6,-5.0,-4.0,4892.0,1375.0,-49.0,77.9,0.0,-47.0,0.02706192204295716
2020-07-31,25.84,0.06082400373315557,52.6,-0.017098609047192372,0.984,37.2,28.5,-2.0,-3.0,-10611.0,1309.0,313.0,79.5,0.0,1106.0,0.027789634110382048
2020-08-07,24.46,0.10913410504146574,53.8,0.025013565034635924,-1.8689999999999998,36.1,28.6,0.0,1.0,-7373.0,532.0,14.0,79.6,3.4321999999999946,-1326.0,0.04122271582395431
2020-08-14,22.21,-0.06583729928814139,53.8,-0.02331680059895011,-0.22199999999999953,39.5,28.4,-4.0,0.0,-4512.0,1336.0,4.0,81.0,0.0,-5623.0,0.02836728673227948
2020-08-21,22.05,-0.22843923888892023,53.8,-0.018984109718977647,0.5920000000000005,40.8,27.9,-3.0,1.0,-1632.0,-607.0,-26.0,80.9,0.0,5518.0,0.025155574205058793
2020-08-28,22.54,0.11954515064978273,53.8,-0.007824580525428493,-1.4690000000000012,38.8,27.1,10.0,-1.0,-4689.0,-279.0,208.0,82.0,0.0,-5097.0,0.01383861652975012
2020-09-04,22.96,-0.13907157300013792,53.8,-0.014769932080184553,0.6660000000000004,39.1,26.5,0.0,3.0,-9362.0,110.0,-985.0,76.7,0.0,4283.0,0.017905373139788378
2020-09-11,30.75,0.0069300346646696325,55.4,0.07738933856730444,-0.20599999999999952,39.6,26.5,2.0,0.0,2033.0,1838.0,-943.0,71.8,0.9292999999999978,-6468.0,0.07249022693724505
2020-09-18,26.87,0.0750713118054228,55.4,0.06331556629310697,-0.4220000000000006,40.2,26.6,-2.0,-1.0,-4389.0,-74.0,761.0,75.8,0.0,-6741.0,0.07870256173211305
2020-09-25,25.83,-0.04112179964916834,55.4,-0.09645410798329464,1.123000000000001,42.4,26.6,1.0,2.0,-1639.0,4.0,-192.0,74.8,0.0,-3488.0,0.09833103573634466
2020-10-02,26.38,0.057751056620702984,55.4,0.021141397045214557,-0.7360000000000007,44.0,26.9,6.0,2.0,-1980.0,1785.0,188.0,75.8,0.0,-4020.0,0.025120637695305408
2020-10-09,27.63,-0.06777261508172198,55.5,0.08284165212247661,0.39899999999999913,43.4,26.4,5.0,-1.0,501.0,470.0,243.0,77.1,0.012000000000000455,770.0,0.09149971486559118
2020-10-16,25.0,-0.10021911615740775,55.5,-0.09149971486559116,0.42300000000000004,39.4,26.1,3.0,-1.0,-3818.0,2906.0,-376.0,75.1,0.0,-930.0,0.049008687679789234
2020-10-23,27.41,0.03942691997945792,55.5,-0.006872879287762064,-1.609,38.5,26.5,13.0,1.0,-1002.0,975.0,-403.0,72.9,0.0,-4.0,0.040020252972978315
2020-10-30,27.55,-0.12342689439219617,55.5,0.02551854065922503,-0.387999999999999,36.8,26.4,5.0,-1.0,4320.0,-422.0,307.0,74.6,0.0,244.0,0.0396067017714094
2020-11-06,38.02,-0.03607139176165736,55.5,0.10745388045828967,0.41299999999999937,36.8,27.0,9.0,-1.0,-7998.0,936.0,129.0,75.3,0.0,-544.0,0.10040273061939861
2020-11-13,24.86,0.06491954609931569,58.7,-0.03702603114662529,0.7669999999999995,35.1,26.6,4.0,-1.0,4277.0,-518.0,-146.0,74.5,0.772500000000008,-659.0,0.061630875045882307
2020-11-20,23.1,-0.09086572804390095,58.7,-0.07742962835426562,-0.9219999999999988,35.2,26.9,12.0,2.0,769.0,1200.0,541.0,77.4,0.0,379.0,0.032363697302478664
2020-11-27,23.7,0.08478668196751873,58.7,-0.04911050016903901,0.6319999999999997,33.8,27.5,-2.0,3.0,-754.0,-1721.0,239.0,78.7,0.0,116.0,0.01940413019424213
2020-12-04,20.84,-0.016827320132525178,58.7,-0.07713676489882633,0.5009999999999994,32.2,28.2,10.0,1.0,-679.0,-317.0,-90.0,78.2,0.0,-1328.0,0.059722600407436065
2020-12-11,20.79,-0.1430213808093708,57.3,-0.01590620745660235,-0.4939999999999998,31.6,29.8,3.0,-2.0,15189.0,-1364.0,129.0,79.9,0.3421999999999912,7932.0,0.03766550288647483
2020-12-18,23.31,0.07506201897437736,57.3,-0.006678900190992748,1.309000000000001,30.5,30.2,15.0,4.0,-3135.0,198.0,-148.0,79.1,0.0,-467.0,0.02730397133795748
2020-12-25,21.57,-0.055238730307728155,57.3,-0.052902477806189036,1.052999999999999,30.2,30.1,8.0,2.0,-562.0,-26.0,-197.0,78.0,0.0,4564.0,0.043924221685750484
2021-01-01,21.53,0.024534563963748354,57.3,0.017877800719594404,-0.12700000000000067,30.0,29.8,2.0,2.0,-6065.0,27.0,244.0,79.4,0.0,-3692.0,0.025408190968956877
2021-01-08,22.75,0.010857869972049086,60.2,-0.005994849994968948,0.6830000000000016,34.7,30.6,3.0,0.0,-8010.0,792.0,243.0,80.7,1.281400000000005,-1794.0,0.018723243017132712
2021-01-15,21.56,-0.1983854343950704,60.2,-0.0738724008923262,1.0889999999999986,31.1,31.5,9.0,1.0,-3248.0,-1975.0,237.0,82.0,0.0,3487.0,0.09259564390945894
2021-01-22,24.34,0.029988617069609168,60.2,-0.00229445607352352,-0.15199999999999925,33.7,31.4,13.0,1.0,4352.0,-4727.0,103.0,82.5,0.0,1387.0,0.024949319047948615
2021-01-29,21.91,-0.0027637051216178555,60.2,0.0017203483168686316,0.3260000000000005,34.5,32.0,5.0,3.0,-9910.0,-2281.0,-150.0,81.7,0.0,-2255.0,0.018387400802080414
2021-02-05,33.09,0.018570635819456033,60.2,0.0013400978362374716,0.7489999999999988,37.3,32.3,6.0,0.0,-994.0,-1517.0,111.0,82.3,0.0,1740.0,0.0123752174276536
2021-02-12,20.87,-0.08787011469804763,59.2,-0.08533372530795194,-0.4819999999999993,38.6,32.5,8.0,4.0,-6645.0,-658.0,123.0,83.0,0.5191999999999979,670.0,0.05980042330278727
2021-02-19,19.97,-0.03872537755329139,59.2,-0.045055763521957226,-0.7159999999999993,37.2,32.3,5.0,-2.0,-7257.0,-3028.0,28.0,83.1,0.0,4104.0,0.02554634836686081
2021-02-26,22.05,-0.10047660213808017,59.2,0.0038749943189043262,3.881999999999998,39.5,32.9,0.0,1.0,1285.0,2807.0,-2671.0,68.6,0.0,1915.0,0.03156932706309049
2021-03-05,27.95,-0.049536711423216584,59.2,-0.037440185412874145,2.365000000000002,32.9,30.8,5.0,1.0,21563.0,485.0,-2315.0,56.0,0.0,-12193.0,0.03263767531306346
2021-03-12,24.66,-0.10834114379596406,60.4,-0.07198027466988935,0.3569999999999993,36.6,28.5,1.0,0.0,13798.0,526.0,2395.0,69.0,-3.2672999999999917,-215.0,0.10084825867074147
2021-03-19,20.69,-0.03632208919740259,60.4,0.007289326125575422,3.0599999999999987,37.6,28.5,-1.0,0.0,2396.0,-624.0,1294.0,76.1,0.0,-3875.0,0.03091840527113481
2021-03-26,20.95,-0.057943946420173836,60.4,0.06599260834410985,-3.8369999999999997,37.5,27.4,9.0,0.0,1912.0,-1935.0,1022.0,81.6,0.0,616.0,0.08602477935108398
2021-04-02,18.86,0.026464349500778167,60.4,0.007353575092951702,1.4520000000000017,36.7,26.6,6.0,0.0,-876.0,782.0,408.0,83.9,0.0,-2340.0,0.06355335804589178
2021-04-09,17.33,-0.027044564196486997,63.8,-0.007841896092319197,0.9619999999999997,32.8,27.0,13.0,-1.0,-3522.0,-735.0,26.0,84.0,2.770699999999991,589.0,0.03976667112807948
2021-04-16,16.69,0.037829569873049564,63.8,0.03527731874231259,0.17099999999999937,29.5,26.7,2.0,2.0,-5890.0,346.0,-26.0,85.0,0.0,-862.0,0.01891628773667842
2021-04-23,16.25,0.04812773302298957,63.8,-0.06224957510980291,-0.46999999999999886,29.1,26.3,7.0,1.0,594.0,-1318.0,5.0,85.0,0.0,-440.0,0.061077765756493
2021-04-30,17.33,0.014004048084016403,63.8,0.015806188414632914,-0.26399999999999935,30.6,26.3,-1.0,0.0,90.0,722.0,63.0,85.4,0.0,824.0,0.03255318310585436
2021-05-07,18.61,-0.04266644631890283,60.8,-0.022909051517755255,1.1469999999999985,33.1,26.4,2.0,2.0,-7990.0,254.0,211.0,86.5,0.17310000000000514,1386.0,0.04885938668523675
2021-05-14,16.69,0.030560532306843417,60.8,-0.02054866822738779,1.6179999999999986,34.4,26.5,8.0,7.0,-426.0,-421.0,-126.0,86.1,0.0,1255.0,0.01843653388209565
2021-05-21,18.81,-0.03178827954516585,60.8,-0.0072158139145938925,-0.3279999999999994,35.0,26.2,5.0,-3.0,1320.0,-142.0,47.0,86.3,0.0,-1288.0,0.034799508362625145
2021-05-28,20.15,0.0049200591254496325,60.8,0.027764482141981687,-0.4809999999999981,34.1,25.6,2.0,-1.0,-1662.0,-1008.0,123.0,87.0,0.0,2992.0,0.0657967944495192
2021-06-04,16.76,0.016159456665604238,60.8,-0.042192555344382765,-0.25200000000000244,31.9,25.5,2.0,-1.0,-5079.0,784.0,310.0,88.7,0.0,4993.0,0.012039272579617764
2021-06-11,16.42,0.0260249533964197,61.6,-0.04856037155625348,-0.04899999999999949,34.8,26.5,-1.0,-1.0,-5241.0,165.0,465.0,91.3,0.8746000000000009,-2390.0,0.048560371556253465
2021-06-18,15.65,0.06784516104305144,61.6,-0.01835958493261232,-1.9100000000000001,35.3,26.7,5.0,-1.0,-7355.0,-2150.0,225.0,92.6,0.0,12485.0,0.023977172625971054
2021-06-25,20.7,0.008987271000236677,61.6,-0.010242109876605815,-1.8339999999999996,33.8,26.4,9.0,1.0,-7614.0,-1833.0,-64.0,92.2,0.0,-931.0,0.017758978923054423
2021-07-02,15.62,-0.05735129647146567,61.6,-0.03308696352129668,1.2250000000000014,33.7,26.5,0.0,1.0,-6718.0,-1460.0,122.0,92.9,0.0,-843.0,0.013459519346671181
2021-07-09,15.07,0.06712108806727068,61.3,-0.014878633831456751,0.36400000000000077,31.9,24.8,5.0,1.0,-6866.0,-614.0,-130.0,92.2,0.36539999999999395,3848.0,0.031324283753791406
2021-07-16,16.18,0.046653598322775235,61.3,0.008015004167928845,-0.2120000000000033,29.9,24.9,4.0,2.0,-7896.0,-1589.0,-27.0,91.8,0.0,-1645.0,0.040179128646483986
2021-07-23,18.45,0.05202831830891887,61.3,0.03758042825510948,1.1990000000000016,31.2,25.0,5.0,3.0,2107.0,-1347.0,-74.0,91.4,0.0,2035.0,0.049022749354804156
2021-07-30,17.2,0.010895049405066982,61.3,-0.0036141268141234003,0.4430000000000014,30.1,24.7,7.0,0.0,-4089.0,-1268.0,-54.0,91.1,0.0,179.0,0.08163965298774895
2021-08-06,18.24,0.04317217186520878,61.3,-0.0257513202204593,0.8460000000000001,27.7,24.3,-3.0,-1.0,3627.0,-543.0,30.0,91.3,0.0,3415.0,0.03159603488262796
2021-08-13,16.15,-0.059470553598328105,60.2,0.07977229123056892,2.0939999999999976,28.7,24.1,3.0,0.0,-448.0,-325.0,103.0,91.8,0.4532000000000096,-7183.0,0.044624002035148345
2021-08-20,15.45,0.01629838173311933,60.2,-0.002340551097752836,-0.11299999999999955,27.5,24.1,9.0,-1.0,-3233.0,-980.0,68.0,92.2,0.0,7422.0,0.040821994520254985
2021-08-27,18.56,0.01736428790933607,60.2,0.09367504746149986,-3.163999999999998,29.7,23.7,3.0,-5.0,-2980.0,70.0,43.0,92.4,0.0,-3879.0,0.07672923563773384
2021-09-03,16.39,-0.041331418881755934,60.2,-0.09804886985919492,-0.3950000000000031,27.6,24.0,5.0,0.0,-7169.0,836.0,-210.0,91.3,0.0,3911.0,0.0461460051997976
2021-09-10,16.41,-0.011393970587053692,59.8,-0.007969324217602214,0.6890000000000001,25.7,23.1,-11.0,5.0,-1528.0,1918.0,-1704.0,81.9,-0.20820000000000505,-8902.0,0.021518629433268578
2021-09-17,20.95,-0.014992784586141393,59.8,-0.006186625012530197,-0.6199999999999974,27.3,23.2,6.0,-1.0,-6422.0,-1103.0,41.0,82.1,0.0,-4117.0,0.022922808418999546
2021-09-24,20.81,-0.014771317320312543,59.8,-0.03176214486789268,-0.6660000000000004,27.0,24.0,9.0,-1.0,-3481.0,-1476.0,977.0,87.5,0.0,1328.0,0.03019941504746618
2021-10-01,17.75,-0.06320882516687545,59.8,-0.027545420884595134,-2.497,28.8,24.1,9.0,-1.0,4578.0,131.0,114.0,88.1,0.0,-5990.0,0.051165245216493904
2021-10-08,21.15,-0.006174976739440874,60.8,-0.02535835866250542,3.062999999999999,27.6,24.6,7.0,0.0,2345.0,1548.0,260.0,89.6,-1.1858000000000004,-766.0,0.01393427097454629
2021-10-15,18.77,-0.09891020852017042,60.8,-0.044715301905604604,0.9559999999999995,27.9,24.2,5.0,0.0,6088.0,-1968.0,-522.0,86.7,0.0,175.0,0.024494144573785688
2021-10-22,16.3,0.02636687584074235,60.8,-0.036259617812338385,1.5,27.9,23.1,10.0,-1.0,-431.0,-2320.0,-358.0,84.7,0.0,-2178.0,0.022616499880305094
2021-10-29,15.43,-0.03868230243079621,60.8,-0.017827501777525036,-3.541999999999998,28.1,23.0,-1.0,1.0,4268.0,-3899.0,76.0,85.1,0.0,-4714.0,0.017197224974061884
2021-11-05,16.26,0.049555450806613666,60.8,0.0022709625489367087,-1.7800000000000011,27.0,22.8,2.0,1.0,3290.0,-916.0,213.0,86.3,0.0,975.0,0.023789299495558133
2021-11-12,16.48,0.0671571665198698,60.7,0.02790765924823122,-0.013999999999999346,24.7,22.6,6.0,0.0,1002.0,-34.0,69.0,86.7,1.3281999999999954,912.0,0.06437196748906629
2021-11-19,16.29,-0.07292826301179177,60.7,0.0059237492734961865,0.04499999999999815,24.9,22.7,6.0,2.0,-2101.0,216.0,225.0,87.9,0.0,-680.0,0.04074772514519767
2021-11-26,17.91,0.009637080688387893,60.7,0.059804930623977265,0.365000000000002,24.3,22.6,7.0,0.0,1017.0,787.0,118.0,88.6,0.0,2133.0,0.06091830984457582
2021-12-03,28.62,0.04827383525645084,60.7,0.11033710672509846,-1.272000000000002,23.2,23.5,6.0,0.0,-909.0,1159.0,37.0,88.8,0.0,669.0,0.14138746664582108
2021-12-10,30.67,0.09294171312447842,60.8,0.028124761270791745,1.3190000000000026,25.1,24.1,0.0,0.0,-241.0,2373.0,192.0,89.8,0.6792999999999978,1432.0,0.06466242683596221
2021-12-17,18.69,-0.09902075920086065,60.8,-0.07848585313407802,1.7099999999999973,23.5,23.9,7.0,3.0,-4584.0,1294.0,-7.0,89.8,0.0,2400.0,0.040470803200858434
2021-12-24,21.57,0.05608946665104379,60.8,0.011366150568501878,0.7340000000000018,23.6,24.8,3.0,-1.0,-4715.0,1463.0,-38.0,89.6,0.0,-174.0,0.02306020708769766
2021-12-31,17.96,-0.062131781107006276,60.8,-0.04051712163294939,0.015999999999998238,23.5,24.0,7.0,2.0,-3576.0,1055.0,20.0,89.7,0.0,480.0,0.07833887024294305
2022-01-07,17.22,-0.01197619104671565,58.3,-0.019060979768036272,-1.2089999999999996,22.8,25.6,0.0,0.0,-2144.0,2577.0,19.0,89.8,-0.2927999999999997,-4038.0,0.023391342451646487
2022-01-14,18.76,-0.15415067982725836,58.3,-0.04789702701351704,1.1550000000000011,22.5,27.7,2.0,1.0,-4553.0,-2468.0,-252.0,88.4,0.0,10041.0,0.043468332149317966
2022-01-21,19.19,-0.012954278592691404,58.3,-0.0604904146450967,0.134999999999998,22.4,29.0,13.0,2.0,515.0,-1314.0,-61.0,88.1,0.0,-1689.0,0.06901843679993602
2022-01-28,28.85,0.01522442712723061,58.3,-0.01562531790308098,-0.07599999999999696,25.2,30.2,3.0,4.0,2377.0,-1823.0,-71.0,87.7,0.0,4373.0,0.03677660031602857
2022-02-04,27.66,-0.0067950431328288015,58.3,-0.01954004947144113,1.796999999999997,25.4,30.4,6.0,2.0,-1047.0,-1173.0,-183.0,86.7,0.0,-44.0,0.047354446593247654
2022-02-11,23.22,-0.07551781307524677,57.4,-0.06131546813061281,0.2660000000000018,27.1,29.2,3.0,1.0,-4756.0,-2801.0,273.0,88.2,-0.38700000000000045,-792.0,0.04611256915818094
2022-02-18,27.36,-0.015576638928737225,57.4,-0.008521706280961132,1.5360000000000014,26.7,28.7,22.0,2.0,1121.0,-1900.0,-527.0,85.3,0.0,-4770.0,0.041001029522076
2022-02-25,27.75,0.005165300740495896,57.4,0.022045742703294204,-1.559000000000001,25.9,28.5,10.0,6.0,4514.0,-2049.0,387.0,87.4,0.0,-758.0,0.04707886999802326
2022-03-04,27.59,-0.01694520648589666,57.4,-0.005693653835169031,5.722000000000001,26.1,28.0,5.0,3.0,-2597.0,-972.0,57.0,87.7,0.0,337.0,0.018925951027574283
2022-03-11,31.98,0.12512919919880505,58.1,-0.23350566299555844,7.731999999999996,27.0,28.0,0.0,3.0,-1863.0,-585.0,63.0,89.3,0.6208000000000027,-4671.0,0.18940049537028208
2022-03-18,30.75,-0.1407900396083577,58.1,0.05645692696406122,-5.115999999999996,27.0,27.3,13.0,5.0,4345.0,1786.0,192.0,90.4,0.0,674.0,0.1542315238387822
2022-03-25,23.87,-0.07575359195771127,58.1,0.04327171356990225,5.289999999999996,24.2,27.0,0.0,2.0,-2508.0,1235.0,121.0,91.1,0.0,-4300.0,0.09680126226215638
2022-04-01,20.81,-0.14065050820768443,58.1,-0.08422175257664528,-1.7819999999999965,24.4,27.3,7.0,0.0,-3449.0,-1009.0,178.0,92.1,0.0,-627.0,0.02796953243196084
2022-04-08,19.63,0.0378490261669181,57.2,0.13747745985150608,3.2479999999999976,23.5,27.3,3.0,1.0,2421.0,1654.0,71.0,92.5,0.5842999999999989,1374.0,0.08261975942189213
2022-04-15,21.16,-0.12590278795814036,57.2,0.010226383861128181,-1.8079999999999998,22.6,27.1,16.0,3.0,9382.0,450.0,-381.0,90.0,0.0,-513.0,0.07278310388850558
2022-04-22,22.7,-0.04482138002098536,57.2,-0.08474440878791238,5.93,23.7,26.8,4.0,2.0,-8020.0,-185.0,184.0,91.0,0.0,-1517.0,0.12598629605082862
2022-04-29,28.21,-0.02547686214256599,57.2,0.04670258311300772,-0.7190000000000012,23.2,26.5,2.0,1.0,691.0,1298.0,-137.0,90.3,0.0,1441.0,0.058414931168150254
2022-05-06,33.4,-0.011988497754486856,57.2,-0.025344749915856564,6.984000000000002,23.5,26.0,3.0,0.0,1303.0,1379.0,-328.0,88.4,0.0,-1051.0,0.06692050031920857
2022-05-13,30.19,-0.06396379012778562,55.3,-0.04738366536796156,4.286000000000001,25.6,25.6,7.0,2.0,8487.0,-587.0,280.0,90.0,0.04930000000000234,2644.0,0.06940290361187886
2022-05-20,28.87,0.06942641893866468,55.3,-0.00653775142585849,2.985999999999997,25.1,24.9,9.0,3.0,-3394.0,-2403.0,317.0,91.8,0.0,4308.0,0.10215771775330258
2022-05-27,29.43,0.04839654086185024,55.3,-0.024496129200864646,-8.36,25.9,24.8,14.0,1.0,-1019.0,-1061.0,265.0,93.2,0.0,3035.0,0.04120516774660896
2022-06-03,25.72,0.015571562143774857,55.3,-0.016119490509418914,2.0120000000000005,25.1,24.7,-1.0,1.0,-5068.0,256.0,-112.0,92.6,0.0,-4587.0,0.04715337113614203
2022-06-10,24.79,-0.06943073181650397,55.9,-0.03248982015716585,12.100999999999999,25.2,24.2,0.0,0.0,2025.0,-1593.0,287.0,94.2,-0.10649999999999693,5474.0,0.035972020942319986
2022-06-17,27.75,-0.07255026361696736,55.9,-0.015029088092976468,-4.032999999999994,25.8,24.1,6.0,0.0,1956.0,-826.0,-95.0,93.7,0.0,1182.0,0.03000931726974457
2022-06-24,31.13,-0.02192383457425207,55.9,0.09658720269063195,1.543999999999997,25.2,24.5,7.0,3.0,-386.0,-572.0,49.0,94.0,0.0,9384.0,0.09873952140230674
2022-07-01,27.23,0.029233576322818474,55.9,0.017865840333603847,-0.6400000000000006,26.7,24.8,13.0,3.0,-2762.0,-782.0,184.0,95.0,0.0,-1876.0,0.059388377695557035
2022-07-08,26.7,0.08414467650755365,53.5,-0.007498299422816981,-8.168999999999997,24.6,24.4,-3.0,-4.0,8234.0,69.0,-84.0,94.5,-0.3155000000000001,757.0,0.055181338845330115
2022-07-15,24.64,-0.06709423932059358,53.5,0.034146455997240234,-6.536000000000001,26.1,25.8,2.0,0.0,3254.0,316.0,65.0,94.9,0.0,1516.0,0.09574373314970733
2022-07-22,24.23,0.05433764502594616,53.5,0.0711833183334806,0.7579999999999956,25.4,26.2,4.0,0.0,-445.0,1143.0,-211.0,93.7,0.0,927.0,0.08320201461291378
2022-07-29,23.03,0.058913171800880654,53.5,0.030061028961337274,-6.401999999999994,24.4,25.6,2.0,2.0,-4523.0,751.0,-272.0,92.2,0.0,6761.0,0.09579004928903605
2022-08-05,21.33,0.037390992764208784,53.5,-0.0405600806039475,0.2849999999999966,26.8,26.2,9.0,2.0,4467.0,926.0,-220.0,91.0,0.0,-5722.0,0.03760773767500433
2022-08-12,21.15,-0.06533978434825792,52.9,0.10252535782513995,-1.6389999999999958,24.5,24.9,-3.0,4.0,5457.0,723.0,596.0,94.3,0.2049999999999983,2371.0,0.06429848781414575
2022-08-19,19.53,-0.0014124296133424374,52.9,-0.03401763676243555,6.436999999999998,24.3,23.8,-1.0,-1.0,-7056.0,192.0,-133.0,93.5,0.0,-4232.0,0.041555427150235254
2022-08-26,20.6,-0.048554897729104374,52.9,0.014437525194739866,2.926000000000002,24.7,24.3,-1.0,-1.0,-3282.0,426.0,43.0,93.8,0.0,-5177.0,0.04783765991988834
2022-09-02,25.56,-0.02259983191724092,52.9,-0.024915611877966693,-8.511000000000003,22.6,24.2,3.0,-1.0,-3326.0,-523.0,-198.0,92.7,0.0,806.0,0.050356359979257796
2022-09-09,25.47,-0.04780380867272827,53.0,0.06883169814467331,-4.619999999999997,24.0,24.5,-5.0,4.0,8845.0,-501.0,-319.0,90.9,-0.1266999999999996,1104.0,0.11339878363023886
2022-09-16,22.79,-0.03720644373019642,53.0,0.000921340615675803,-0.45300000000000296,24.7,24.9,-1.0,4.0,2442.0,-135.0,107.0,91.5,0.0,-5395.0,0.0585405840669003
2022-09-23,26.3,-0.04109964990342263,53.0,0.019546870167283764,-5.091000000000001,26.2,25.1,4.0,-4.0,1141.0,343.0,377.0,93.6,0.0,-4729.0,0.03894950219469624
2022-09-30,29.92,-0.06640164539335705,53.0,0.07779325197327829,3.272000000000002,24.2,24.7,1.0,-2.0,-215.0,692.0,-538.0,90.6,0.0,858.0,0.08505153717507317
2022-10-07,31.62,-0.03803144149407545,51.1,-0.009479942069429785,1.846,23.7,23.6,1.0,-1.0,-1356.0,273.0,133.0,91.3,0.19549999999999557,-8510.0,0.06851476651207229
2022-10-14,31.36,-0.01322119064091624,51.1,-0.15308978623966388,8.674,23.5,24.0,-3.0,-1.0,9879.0,-309.0,-241.0,89.9,0.0,-1113.0,0.10231870643125071
2022-10-21,32.02,-0.03492257716560663,51.1,0.07891891507029085,3.3900000000000006,23.0,23.8,7.0,-1.0,-1725.0,583.0,-67.0,89.5,0.0,538.0,0.06248495975364113
2022-10-28,29.69,-0.048304500132783486,51.1,0.006562779912523582,-10.654000000000003,23.7,23.5,2.0,0.0,2588.0,667.0,-115.0,88.9,0.0,-464.0,0.03744513295071432
2022-11-04,25.75,0.04954874565849232,51.1,-0.0329604858492607,2.220000000000006,24.6,23.9,-3.0,-1.0,-3115.0,1267.0,301.0,90.6,0.0,-897.0,0.05183701034482444
2022-11-11,24.55,-0.03522869188374383,50.3,-0.05219732249104621,3.1159999999999997,24.9,23.3,2.0,-1.0,3925.0,-923.0,285.0,92.1,-0.03889999999999816,410.0,0.06790595256353023
2022-11-18,22.52,0.08683656709494468,50.3,0.04021029667990536,-3.7210000000000036,24.1,23.5,9.0,0.0,-5400.0,-1624.0,137.0,92.9,0.0,1374.0,0.06713476350087107
2022-11-25,23.12,-0.0041862960143272746,50.3,0.10516069549530702,1.8290000000000006,24.9,24.3,3.0,2.0,-3690.0,-887.0,175.0,93.9,0.0,5977.0,0.08196202038126368
2022-12-02,20.5,0.039408720381668566,50.3,0.04861535427474685,-5.4289999999999985,22.5,24.9,2.0,-2.0,-12581.0,-415.0,243.0,95.2,0.0,-3774.0,0.059420899391425926
2022-12-09,19.06,0.05384092060624898,49.0,-0.047365822686454,-2.907,24.2,26.0,0.0,0.0,-5186.0,-373.0,56.0,95.5,-0.29769999999999186,2335.0,0.05024406469783819
2022-12-16,22.83,-0.02630614143388299,49.0,0.1188150759037305,-2.974,22.8,26.9,-4.0,-2.0,10231.0,426.0,-548.0,92.2,0.0,-190.0,0.07993438995590157
2022-12-23,22.62,0.026592797591786805,49.0,-0.045014825648773224,3.764999999999997,22.1,26.9,-4.0,1.0,-5895.0,853.0,-231.0,90.9,0.0,3638.0,0.054649689008323864
2022-12-30,20.87,-0.07216063170704182,49.0,-0.06853510082205658,3.0230000000000032,22.7,25.7,3.0,1.0,718.0,-195.0,203.0,92.0,0.0,10379.0,0.05649321059583603
2023-01-06,21.67,-0.033572520935017,49.0,-0.008759910852999249,3.272999999999996,21.2,26.3,0.0,1.0,1694.0,244.0,-2243.0,79.6,0.0,-9537.0,0.023447437482408483
2023-01-13,21.13,0.08530111382485282,48.0,0.08431921994255996,-3.9959999999999987,22.3,27.4,-7.0,-4.0,18961.0,2511.0,817.0,84.1,-1.1888000000000005,-6389.0,0.09700610997936346
2023-01-20,18.35,0.01557002437738566,48.0,-0.07932295673886441,5.157999999999998,23.4,28.4,3.0,-2.0,8408.0,3646.0,214.0,85.3,0.0,4339.0,0.06773253049177919
2023-01-27,19.85,0.0068709116572516354,48.0,-0.017993908584670974,4.259,24.7,29.7,-4.0,6.0,533.0,4267.0,143.0,86.1,0.0,-558.0,0.02276359253613005
2023-02-03,18.51,-0.006870911657251546,48.0,0.02025039694340335,-3.424999999999997,24.1,29.1,0.0,4.0,4140.0,2315.0,-78.0,85.7,0.0,2490.0,0.0240557167013168
2023-02-10,18.33,-0.005973563489125079,47.1,0.0822309267193714,-6.739999999999998,23.7,28.9,-12.0,-2.0,2423.0,1043.0,397.0,87.9,0.738599999999991,4457.0,0.07201324085292812
2023-02-17,20.53,-0.05865411201929815,47.1,-0.08273280878762247,-0.4460000000000015,24.4,29.0,2.0,-8.0,16283.0,659.0,-270.0,86.5,0.0,-8515.0,0.07297001938132637
2023-02-24,20.02,-0.021432226623507133,47.1,0.04332344802751032,-1.123000000000001,25.3,28.2,-1.0,1.0,7647.0,700.0,-106.0,85.9,0.0,-282.0,0.048578057890914746
2023-03-03,21.67,-0.03270537406222633,47.1,0.0002620201770528039,5.443000000000001,25.8,27.6,-7.0,0.0,1166.0,307.0,-10.0,85.8,0.0,-675.0,0.03180785816027494
2023-03-10,18.49,-0.002024804538907104,47.3,-0.043083586136311906,3.267000000000003,25.1,27.3,-4.0,3.0,-1694.0,-890.0,30.0,86.0,0.1366000000000014,554.0,0.051504688532719896
2023-03-17,24.8,0.0663775478155983,47.3,0.03837769509889895,-1.7260000000000062,24.0,26.8,-3.0,-1.0,1550.0,-1916.0,405.0,88.2,0.0,-1103.0,0.06071784018052005
2023-03-24,25.51,0.0754598717783031,47.3,0.1388364448542159,4.642000000000003,23.0,26.1,8.0,9.0,1117.0,-1063.0,61.0,88.6,0.0,686.0,0.11401341165720373
2023-03-31,21.74,0.01585936324010742,47.3,-0.03706306565104813,-2.6159999999999997,24.1,25.7,4.0,0.0,-7489.0,-1632.0,315.0,90.3,0.0,-192.0,0.0470709095077023
2023-04-07,18.7,-0.026870775573159516,46.3,-0.08851424173215423,-2.3909999999999982,23.8,24.7,-3.0,-2.0,-3739.0,-970.0,-122.0,89.6,0.37890000000000157,-3401.0,0.0385284722998106
2023-04-14,18.4,0.021850832948108516,46.3,-0.06435679456947296,-0.31700000000000017,24.9,24.5,-4.0,-2.0,597.0,-409.0,-6.0,89.3,0.0,610.0,0.003599581867153001
2023-04-21,17.07,-0.035020218812271166,46.3,-0.022302112927147923,-1.7959999999999994,25.4,24.9,-3.0,-1.0,-4581.0,-1088.0,307.0,91.0,0.0,-2940.0,0.04319689981362057
2023-04-28,16.77,-0.016361436914305645,46.3,0.057999918614156244,-4.839000000000002,25.6,24.4,5.0,2.0,-5054.0,319.0,43.0,91.3,0.0,779.0,0.04515468309384503
2023-05-05,15.78,0.04258394502304769,46.3,0.01409658001624313,-1.6050000000000004,26.8,25.1,2.0,2.0,-1281.0,541.0,-105.0,90.7,0.0,-999.0,0.05829430204721136
2023-05-12,17.19,-0.004369999671118379,46.7,0.07348700964190606,0.6449999999999996,24.1,24.4,-7.0,-4.0,2951.0,397.0,24.0,91.0,0.2325000000000017,1348.0,0.09854034491535878
2023-05-19,17.03,-0.007529719908107371,46.7,0.018390672513094404,2.213000000000001,26.1,24.0,-17.0,-16.0,5040.0,1461.0,192.0,92.0,0.0,3610.0,0.051071967783546196
2023-05-26,16.81,-0.05855194137138552,46.7,-0.02132999858480872,3.5299999999999976,27.2,23.9,-11.0,0.0,-12456.0,1762.0,-54.0,91.7,0.0,726.0,0.027421858792497925
2023-06-02,17.95,-0.03344793406754013,46.7,-0.015532138626084697,-0.8149999999999977,25.5,23.5,-9.0,-4.0,4489.0,1628.0,244.0,93.1,0.0,-1810.0,0.034346948782396004
2023-06-09,14.6,0.0280205123321749,46.4,0.012880172524408082,-1.5429999999999993,27.9,23.9,-15.0,0.0,-452.0,1721.0,495.0,95.8,-0.32439999999999714,4387.0,0.06509828513366919
2023-06-16,13.83,-0.012906874522126834,46.4,0.022127602839939132,4.146000000000001,27.1,23.9,-1.0,-2.0,7919.0,1554.0,-165.0,93.7,0.0,-500.0,0.03307940011112366
2023-06-23,13.54,-0.006126001312668766,46.4,-0.022685016455263815,3.661999999999999,24.6,24.0,-8.0,-5.0,-3831.0,-98.0,-103.0,93.1,0.0,3354.0,0.06712382356051044
2023-06-30,13.44,0.007997909868364432,46.4,0.037183224904371516,-6.676000000000002,24.1,23.9,-5.0,0.0,-9603.0,1209.0,-164.0,92.2,0.0,4206.0,0.04757760856023139
2023-07-07,13.59,-0.027456846233039203,46.3,-0.02117389548061492,2.3329999999999984,23.6,23.4,-8.0,-6.0,-1508.0,-400.0,-199.0,91.1,-0.8089999999999975,6162.0,0.04251037637747515
2023-07-14,14.83,-0.05767911158667793,46.3,-0.04457485312871261,-0.20899999999999608,23.9,23.7,6.0,11.0,5946.0,-1605.0,479.0,93.7,0.0,328.0,0.05668067639535674
2023-07-21,13.34,0.05924283356286055,46.3,-0.020901082405793896,0.39000000000000057,25.1,23.9,-5.0,-2.0,-708.0,-2891.0,101.0,94.3,0.0,4551.0,0.05205338358054851
2023-07-28,13.6,-0.0013032713952078796,46.3,-0.0216416079596907,3.357999999999997,25.0,24.1,-6.0,-2.0,-600.0,-2609.0,-160.0,93.4,0.0,736.0,0.03862403120596055
2023-08-04,13.33,-0.029262868295887822,46.3,-0.04453637997329942,3.1170000000000044,24.7,24.8,-5.0,-3.0,-17049.0,-1259.0,-138.0,92.7,0.0,1998.0,0.02309919424760977
2023-08-11,17.1,-0.021027057556255373,47.0,-0.0274190983542199,-3.3400000000000034,23.8,24.1,-5.0,0.0,5851.0,159.0,208.0,93.8,0.7870999999999952,-2116.0,0.04103835053239994
2023-08-18,14.84,-0.02881058643660786,47.0,-0.004457570178375209,4.902000000000001,24.0,24.1,-5.0,-5.0,-5960.0,-837.0,164.0,94.7,0.0,-2587.0,0.029580129483186526
2023-08-25,17.3,-0.02401732373193169,47.0,0.023596327085949546,-1.243000000000002,24.6,24.2,-12.0,-6.0,-6134.0,-3133.0,-44.0,94.5,0.0,-596.0,0.0386730507613326
2023-09-01,15.68,0.004474280394921107,47.0,0.017631447552139357,-2.396000000000001,23.9,24.1,-10.0,-2.0,-10584.0,-1504.0,-217.0,93.3,0.0,3582.0,0.022931898938355205
2023-09-08,13.09,0.013544225107757253,48.0,-0.06920162668049494,-8.893999999999998,25.2,23.8,-1.0,-1.0,-6307.0,-1750.0,-27.0,93.1,-0.06740000000000634,-8343.0,0.065825146263889
2023-09-15,13.84,-0.020599757669198145,48.0,-0.02265207220953736,2.551000000000002,23.9,24.8,1.0,-1.0,3955.0,-2450.0,110.0,93.7,0.0,2808.0,0.022994831424546825
2023-09-22,13.79,-0.015579898908304282,48.0,-0.036575761990795985,-0.5640000000000001,24.8,25.0,9.0,8.0,-2136.0,-2064.0,-332.0,91.9,0.0,-9933.0,0.039092925791277315
2023-09-29,17.2,-0.023036712647375508,48.0,0.008185886418150363,-6.413,25.8,25.5,-11.0,-3.0,-2169.0,-943.0,-439.0,89.5,0.0,-3617.0,0.02043028378531014
2023-10-06,17.52,-0.03042313017102148,48.0,-0.008406199263280444,-3.718,25.3,27.2,-7.0,-2.0,-2224.0,132.0,-400.0,87.3,0.0,589.0,0.04363694052555736
2023-10-13,17.45,-0.0492899767501231,48.7,0.09224186623295128,-3.0680000000000014,26.6,26.8,-4.0,2.0,10176.0,-319.0,-291.0,85.7,0.18180000000000973,-1277.0,0.08072469892750754
2023-10-20,19.32,0.040362318107003685,48.7,-0.05750058664054961,1.4490000000000016,27.3,26.1,3.0,-1.0,-4491.0,-758.0,73.0,86.1,0.0,-6984.0,0.056052185663136855
2023-10-27,21.71,-0.06361678712810494,48.7,-0.012015560564260985,1.0829999999999984,26.1,26.0,2.0,1.0,1372.0,213.0,-101.0,85.6,0.0,127.0,0.030792639081537287
2023-11-03,21.27,0.016200497862942295,48.7,0.036839325556762614,-1.341000000000001,25.3,25.5,1.0,-1.0,773.0,272.0,-27.0,85.4,0.0,2235.0,0.027616569886424257
2023-11-10,14.91,0.056125249164927955,47.4,0.060602702486873196,1.176000000000002,23.1,24.1,-7.0,1.0,13869.0,1587.0,-45.0,85.2,-0.5521999999999991,1445.0,0.024801762374302656
2023-11-17,14.17,-0.017342728186593177,47.4,0.04237061984237771,0.7429999999999986,20.8,24.0,-2.0,0.0,3592.0,1925.0,178.0,86.1,0.0,-1752.0,0.07034599781272413
2023-11-24,13.8,0.04775910337439083,47.4,0.016725857053690233,1.554000000000002,21.8,24.3,2.0,-4.0,8700.0,858.0,161.0,87.0,0.0,-715.0,0.07094797776765394
2023-12-01,12.46,-0.007187811718833679,47.4,0.004622606131510626,-0.5869999999999997,21.6,24.8,4.0,3.0,1610.0,1854.0,515.0,89.8,0.0,808.0,0.029093435422541104
2023-12-08,12.63,0.06257089685550037,46.8,0.019651725259113233,-0.8590000000000018,23.8,26.2,3.0,-1.0,-4633.0,1829.0,121.0,90.5,0.394999999999996,6830.0,0.049901750157111874
2023-12-15,12.35,-0.007122537233199134,46.8,0.039096514034935304,0.06299999999999883,22.8,26.3,1.0,3.0,-4258.0,1228.0,-61.0,90.2,0.0,-2719.0,0.05198529602983566
2023-12-22,12.28,0.07744376941208209,46.8,-0.002803871176618731,2.2300000000000004,24.8,26.5,-3.0,0.0,2909.0,1686.0,407.0,92.4,0.0,3082.0,0.04237740863508019
2023-12-29,13.03,0.004098366392282185,46.8,-0.029383450569239182,-1.8449999999999989,23.0,25.7,-3.0,1.0,-7114.0,1508.0,168.0,93.3,0.0,164.0,0.02386097251126138
2024-01-05,12.45,0.0041152321451065794,46.8,0.026308245461939526,0.6849999999999987,24.2,27.3,2.0,0.0,-5503.0,706.0,31.0,93.5,0.0,-5112.0,0.05326622475844746
2024-01-12,13.35,-0.04214071225854642,46.9,-0.029701069507780054,-1.9250000000000007,25.0,28.7,-1.0,-2.0,1338.0,-506.0,-105.0,92.9,-0.26080000000000325,6320.0,0.047585091888522064
2024-01-19,12.7,0.026541367680861763,46.9,0.015427980253990529,2.392000000000003,26.3,29.4,-2.0,-1.0,-2492.0,-2099.0,-56.0,92.6,0.0,2744.0,0.026631061440277163
2024-01-26,13.3,-0.045389067941846786,46.9,-0.009993922594719396,0.36799999999999855,28.6,31.2,1.0,3.0,-9233.0,-2008.0,-1293.0,85.5,0.0,11832.0,0.022939290946253226
2024-02-02,13.26,-0.0033890131686378695,46.9,-0.06077685747753194,2.1819999999999986,27.4,31.2,1.0,-1.0,1234.0,-1972.0,-478.0,82.9,0.0,-14090.0,0.04778438888501293
2024-02-09,13.85,0.02843328797289096,48.6,0.07628955787619413,-1.5849999999999973,27.2,30.3,-2.0,-2.0,5520.0,-33.0,-91.0,82.4,-1.3807999999999936,-3164.0,0.07385100183237965
2024-02-16,12.93,-0.037574559229877326,48.6,-0.06117787217632818,4.9659999999999975,27.0,30.0,4.0,4.0,12018.0,710.0,-281.0,80.6,0.0,-1426.0,0.05428414571634216
2024-02-23,14.24,-0.024832776582471325,48.6,-0.03012469032196519,-4.802999999999997,27.5,29.7,-2.0,0.0,3514.0,741.0,2.0,80.6,0.0,829.0,0.03273089455971602
2024-03-01,13.75,0.007502966030134539,48.6,0.03469001488854646,5.382999999999999,26.7,29.0,5.0,-1.0,4199.0,1458.0,177.0,81.5,0.0,-803.0,0.03469001488854646
2024-03-08,13.11,0.015894060126232547,47.4,-0.04449155101002393,0.4939999999999998,26.6,28.3,3.0,-1.0,1367.0,701.0,618.0,84.9,1.0626999999999924,-369.0,0.030341902331977526
2024-03-15,14.74,0.025673485645963653,47.4,0.02481454074357666,-1.495000000000001,26.0,27.0,-7.0,-4.0,-1536.0,-220.0,348.0,86.8,0.0,-3503.0,0.014255046020880124
2024-03-22,14.41,-0.055125490711495286,47.4,-0.03810583634020615,3.3939999999999984,25.3,26.1,7.0,1.0,-1952.0,-18.0,179.0,87.8,0.0,-1299.0,0.046602060185129586
2024-03-29,13.06,0.025395204369917476,47.4,0.005072071243497348,-0.8059999999999974,25.9,26.1,-5.0,-4.0,3165.0,2107.0,166.0,88.7,0.0,1783.0,0.03461649716571464
2024-04-05,13.01,-0.00047619048518877314,47.4,-0.031015917183665576,-2.472999999999999,25.3,25.5,-3.0,0.0,3210.0,-377.0,-19.0,88.6,0.0,-1228.0,0.02212587221554939
2024-04-12,16.03,-0.04719062667318857,49.8,-0.04398639456877249,-0.2729999999999997,25.4,25.8,-1.0,-2.0,5841.0,-170.0,-56.0,88.3,0.17249999999999943,577.0,0.0375146557774038
2024-04-19,17.31,-0.02666227163527258,49.8,0.014487128262143803,0.9399999999999977,26.7,25.8,-3.0,-1.0,2735.0,33.0,35.0,88.1,0.0,-2585.0,0.016448314833902765
2024-04-26,18.71,-0.021652021356482955,49.8,0.029860038362733553,-2.091000000000001,25.1,26.0,2.0,-3.0,-6368.0,-659.0,72.0,88.5,0.0,2083.0,0.03236451422398053
2024-05-03,15.03,-0.009260322447118175,49.8,-0.008503554444726426,0.6590000000000025,24.8,26.5,-6.0,-1.0,7265.0,1089.0,-183.0,87.5,0.0,-1478.0,0.012480661223609005
2024-05-10,13.49,0.033790680784720216,48.9,0.07091139864701192,-1.3689999999999998,25.9,26.4,-8.0,-3.0,-1362.0,1880.0,198.0,88.5,-0.21410000000000196,3921.0,0.05625472109088699
2024-05-17,12.55,0.0028866457260166064,48.9,-0.0019185271600605399,-1.6980000000000004,25.1,26.2,-2.0,1.0,-2508.0,-341.0,338.0,90.4,0.0,1327.0,0.012696970980022627
2024-05-24,11.99,0.01681842535331577,48.9,-0.02273973678216113,1.1449999999999996,26.2,25.5,1.0,0.0,1825.0,1325.0,241.0,91.7,0.0,-820.0,0.025811149485917156
2024-05-31,11.93,-0.00990107098271168,48.9,0.02966372905518822,-1.3910000000000018,25.8,25.3,-4.0,-4.0,-4156.0,-1766.0,483.0,94.3,0.0,7389.0,0.03740782109472242
2024-06-07,12.92,-0.007584243358307922,48.6,0.009437081219281213,-1.607999999999997,25.1,25.5,0.0,1.0,1233.0,854.0,207.0,95.4,0.6196000000000055,-3268.0,0.03622383036774945
2024-06-14,12.22,0.01477528558215424,48.6,0.01914561496460149,0.2729999999999997,24.2,25.6,-6.0,-2.0,3730.0,-1593.0,-73.0,95.0,0.0,6262.0,0.03091644082157187
2024-06-21,12.66,0.0489931617679908,48.6,-0.03793155085368498,-0.8670000000000009,24.0,25.3,-4.0,0.0,-2547.0,307.0,-368.0,93.5,0.0,253.0,0.011256194569637388
2024-06-28,13.2,-0.008255737419886276,48.6,-0.02864877422788254,0.9149999999999991,25.8,25.7,-2.0,0.0,3591.0,-226.0,-248.0,92.2,0.0,9562.0,0.022647121757375356
2024-07-05,12.44,-0.03235780335265788,48.6,-0.009983443984183262,-0.0019999999999988916,25.0,25.2,-7.0,-1.0,-12157.0,345.0,248.0,93.5,0.0,2077.0,0.011195294390378191
2024-07-12,12.48,0.02720315276399337,48.3,-0.019672765598704667,1.0229999999999997,25.2,24.7,4.0,4.0,-3443.0,-702.0,344.0,95.4,0.03100000000000591,-3505.0,0.012838378988110357
2024-07-19,12.46,0.022451610672058028,48.3,0.011489513825770091,-2.1580000000000013,27.6,25.5,-1.0,-1.0,-4870.0,-875.0,-312.0,93.7,0.0,4297.0,0.014753666382732239
2024-07-26,16.52,-0.013295542481244614,48.3,0.025626633374062822,-0.7979999999999983,27.3,24.5,2.0,3.0,-3741.0,-1708.0,-388.0,91.6,0.0,207.0,0.0333814280825927
2024-08-02,16.39,0.010669929324696776,48.3,0.03776912775245084,2.483999999999998,28.0,24.3,3.0,-2.0,-3436.0,-1106.0,-267.0,90.1,0.0,-5913.0,0.035987040119809646
2024-08-09,23.39,0.10126350338497188,47.4,0.04832370999009669,-1.1430000000000007,26.9,24.7,-3.0,-3.0,-3728.0,579.0,65.0,90.5,-0.9183000000000021,7082.0,0.057996836295335114
2024-08-16,20.37,-0.03880466167866888,47.4,-0.04416785985292433,-0.8459999999999965,26.4,24.2,2.0,-1.0,1357.0,-1665.0,176.0,91.5,0.0,-3350.0,0.052088152519821816
2024-08-23,14.8,0.014568947783788153,47.4,0.0024757325825326675,-2.168000000000003,26.7,24.2,-2.0,1.0,-4649.0,-560.0,146.0,92.3,0.0,-2564.0,0.043526748246604303
2024-08-30,15.86,0.021864483696738504,47.4,0.024030731225556122,-3.657,27.0,23.9,-1.0,-1.0,-846.0,-668.0,194.0,93.3,0.0,-4243.0,0.03952545021300212
2024-09-06,15.0,-0.02700060181850597,47.4,0.017253427044820753,-0.0329999999999977,27.3,24.0,-2.0,-2.0,-6873.0,-1142.0,-2.0,93.3,0.0,4555.0,0.05127969810205565
2024-09-13,22.38,0.050969791931502244,47.7,0.08332249680331225,-2.2730000000000015,28.4,24.7,-1.0,-1.0,833.0,-1704.0,-88.0,92.8,0.4551999999999907,-9922.0,0.08332249680331225
2024-09-20,16.56,0.015483128806198298,47.7,-0.014378181969846011,-0.4919999999999991,28.2,25.0,8.0,3.0,-1630.0,-1979.0,-134.0,92.1,0.0,-2267.0,0.047811956385325975
2024-09-27,16.15,-0.02407148003875238,47.7,-0.04653325794938467,1.2769999999999992,27.8,24.9,-2.0,-1.0,-4471.0,116.0,-218.0,90.9,0.0,3055.0,0.026191302821143354
2024-10-04,16.96,-0.0026688032920803516,47.7,0.05340312345360773,0.24099999999999966,26.7,25.3,-1.0,3.0,3889.0,840.0,-600.0,87.6,0.0,-3950.0,0.05589330839638421
2024-10-11,19.21,-0.05597315827864813,47.3,-0.08703582178716683,0.8360000000000003,25.0,23.8,-2.0,3.0,5810.0,1247.0,-169.0,86.7,-0.6224999999999881,-1099.0,0.08718250312222994
2024-10-18,20.46,-0.03296865698729588,47.3,-0.01573995413638492,0.7680000000000007,24.6,23.6,1.0,-1.0,-2191.0,108.0,177.0,87.7,0.0,-5040.0,0.05188023297377185
2024-10-25,18.03,0.004153946107503068,47.3,0.0876372044261107,-0.5019999999999989,25.4,24.0,-1.0,-2.0,5474.0,-346.0,328.0,89.5,0.0,-2747.0,0.06447531486387606
2024-11-01,20.33,-0.03772219019003455,47.3,-0.03631604751226306,-0.004000000000001336,26.3,23.3,0.0,2.0,-515.0,681.0,-69.0,89.1,0.0,524.0,0.02670948767415721
2024-11-08,21.88,-0.03339053533169269,47.0,0.03242302839322529,-0.09700000000000131,25.9,23.8,0.0,1.0,2149.0,522.0,253.0,90.5,-0.3389000000000095,2273.0,0.033360811344361585
2024-11-15,14.94,0.018412487944452306,47.0,-0.012726274567203079,0.48400000000000176,25.1,22.9,0.0,0.0,2089.0,-688.0,175.0,91.4,0.0,-393.0,0.027744528633655435
2024-11-22,16.14,-0.03087723856443946,47.0,0.048918049584274786,0.6859999999999999,25.4,23.4,-1.0,-1.0,545.0,-140.0,-218.0,90.2,0.0,-1533.0,0.02475811691913933
2024-11-29,15.24,0.008822588615179077,47.0,-0.061063376112296563,-0.9009999999999998,24.2,24.2,-1.0,-2.0,-1844.0,-909.0,45.0,90.5,0.0,2109.0,0.033833788864853824
2024-12-06,13.51,0.053915752018244285,47.0,0.04654675324535417,-1.370000000000001,24.3,24.5,-1.0,1.0,-5073.0,50.0,513.0,93.3,0.0,1008.0,0.013728855912612479
2024-12-13,12.77,0.0038443103567896,48.4,0.011834457647002798,0.2370000000000001,24.1,25.5,7.0,2.0,-1425.0,-1298.0,-161.0,92.4,-0.1769999999999925,8531.0,0.039964484106125894
2024-12-20,13.81,-0.05707816667864885,48.4,-0.05908281760043328,0.5810000000000013,23.4,25.4,0.0,1.0,-934.0,108.0,-105.0,91.8,0.0,-2771.0,0.04182193320383447
2024-12-27,18.36,-0.028025598363136714,48.4,0.026005017813609383,-0.09700000000000131,23.3,25.2,0.0,-1.0,-4237.0,-320.0,126.0,92.5,0.0,-694.0,0.01783595830022158
2025-01-03,15.95,-0.022517073313541483,48.4,-0.016279097183268393,-0.38200000000000145,23.6,26.5,0.0,0.0,-1178.0,-142.0,39.0,92.7,0.0,-1987.0,0.0194514141911878
2025-01-10,16.13,0.005853675251460728,49.2,-0.04649426201972775,0.42400000000000304,24.3,27.5,0.0,1.0,-959.0,-2502.0,96.0,93.3,1.03479999999999,-442.0,0.04098538446762946
2025-01-17,19.54,-0.03440877968554175,49.2,-0.034680948606107966,-0.009000000000000341,26.4,28.7,-5.0,-3.0,-1962.0,765.0,-273.0,91.7,0.0,13664.0,0.043371932153527845
2025-01-24,15.97,0.028122858911898512,49.2,-0.016963825378966853,1.4719999999999978,27.5,29.8,-4.0,-2.0,-1017.0,-148.0,-1054.0,85.9,0.0,-3839.0,0.03224857335623143
2025-01-31,14.85,0.0012972974792411212,49.2,0.04222470701756122,-0.2079999999999984,27.8,30.0,-4.0,1.0,3463.0,326.0,-444.0,83.5,0.0,9916.0,0.042760612710987085
2025-02-07,16.43,0.017680259736374767,50.5,0.028944204111116704,1.006999999999998,26.9,30.4,6.0,-1.0,8664.0,-34.0,193.0,84.5,-0.26259999999999195,-15492.0,0.01695187552088973
2025-02-14,16.54,0.009959139524424098,50.5,0.02132039233400563,3.317,27.3,29.8,4.0,2.0,4070.0,872.0,84.0,85.0,0.0,-2528.0,0.03547704599440942
2025-02-21,14.77,0.00423493333256148,50.5,0.003668693263980839,-0.10099999999999909,28.2,29.6,2.0,1.0,4633.0,1472.0,-6.0,84.9,0.0,5475.0,0.035822239194169755
2025-02-28,18.21,0.010102229813845717,50.5,0.00481792061333767,4.652000000000001,28.5,29.6,4.0,-2.0,-2332.0,1282.0,291.0,86.5,0.0,5959.0,0.03035835012604859
2025-03-07,19.63,0.05162585965654928,50.0,0.009132483563272472,-1.586000000000002,29.7,28.9,1.0,3.0,3614.0,1124.0,-113.0,85.9,1.0345999999999975,-13808.0,0.02986153547222332
2025-03-14,23.37,-0.022087364068029063,50.0,0.039771323426896654,-2.0909999999999975,27.8,27.8,-1.0,-1.0,1448.0,-1228.0,113.0,86.5,0.0,495.0,0.030593416544926276
2025-03-21,21.77,-0.0025530941105020733,50.0,-0.002086128010319144,0.3780000000000001,25.7,27.2,0.0,-1.0,1745.0,-1009.0,69.0,86.9,0.0,-5065.0,0.024681531091487997
2025-03-28,19.28,0.015417264027326814,50.0,-0.016241313742093116,0.843,26.8,26.9,1.0,2.0,-3341.0,-755.0,21.0,87.0,0.0,-6.0,0.02041793079205698
2025-04-04,21.65,-0.0004706989966877457,50.0,-0.015693434546046565,0.5269999999999975,25.5,27.0,-1.0,1.0,6165.0,2373.0,-181.0,86.0,0.0,-230.0,0.013245226750020723
2025-04-11,45.31,0.06137490320713895,48.9,0.1123372507584583,0.08600000000000207,24.0,27.5,-2.0,1.0,2553.0,681.0,123.0,86.7,-0.05889999999999418,2416.0,0.14565712618065538
2025-04-18,37.56,-0.11675395714701034,48.9,0.007935906901355923,-1.0820000000000007,23.0,27.5,-7.0,1.0,515.0,-654.0,-74.0,86.3,0.0,-1055.0,0.04544372484090922
2025-04-25,29.65,0.03765470934532985,48.9,-0.05041485989643405,0.5360000000000014,21.4,26.4,2.0,1.0,244.0,-86.0,379.0,88.1,0.0,-833.0,0.0531829150710138
2025-05-02,24.84,0.02078785588644476,48.9,0.025999898379777512,1.3580000000000005,22.6,25.5,2.0,1.0,-2696.0,682.0,109.0,88.6,0.0,623.0,0.03223537126241116
2025-05-09,22.68,-0.017082432471234168,48.8,0.07802158427167014,0.6139999999999972,21.6,25.3,-3.0,1.0,-2032.0,-740.0,58.0,89.0,0.08749999999999147,1163.0,0.06388335036697208
2025-05-16,21.9,-0.01611082027269837,48.8,-0.04577112723106523,0.8640000000000008,23.7,25.0,-6.0,0.0,3454.0,-1069.0,226.0,90.2,0.0,-1638.0,0.06587230655215236
2025-05-23,17.24,-0.022574322038539176,48.8,-0.02380486465246671,0.3550000000000004,25.0,25.6,-2.0,0.0,1328.0,-457.0,83.0,90.7,0.0,3120.0,0.03272700086041224
2025-05-30,22.29,-0.007339074417970178,48.8,0.015481683188591486,-1.8069999999999986,24.5,25.1,-10.0,0.0,-2795.0,75.0,-93.0,90.2,0.0,1982.0,0.02405475576759667
2025-06-06,18.57,0.024675994071247348,48.8,0.012099558991767944,-1.9920000000000009,26.0,26.0,-3.0,1.0,-4304.0,576.0,592.0,93.4,0.0,-1126.0,0.017125102518535475
2025-06-13,16.77,-0.023567469403913164,48.6,-0.06047946356949802,-0.2950000000000017,24.7,25.9,-4.0,5.0,-3644.0,-403.0,172.0,94.3,-0.162399999999991,5403.0,0.03241825977685321
2025-06-20,20.82,0.024021808348575657,48.6,-0.12228066567817256,-0.6939999999999991,24.7,25.4,-4.0,-1.0,-11473.0,-995.0,-217.0,93.2,0.0,3215.0,0.11610590076734728
2025-06-27,20.62,0.005239788728283167,48.6,-0.026368913367917808,3.2059999999999995,25.0,25.0,-1.0,-2.0,-5836.0,-464.0,52.0,94.7,0.0,6005.0,0.045886478703842375
2025-07-04,16.32,0.02287266166599153,48.6,0.1341989048314055,-1.9289999999999985,25.5,25.2,-7.0,-2.0,3845.0,-1493.0,36.0,94.9,0.0,8023.0,0.0623320339502832
2025-07-11,17.48,-0.01599663182428319,49.0,-0.02233717984615215,2.605999999999998,24.7,25.0,-8.0,-1.0,7070.0,464.0,-36.0,94.7,0.512999999999991,-5610.0,0.03530843540499417
2025-07-18,16.4,-0.014385451863839625,49.0,-0.021410932343491874,0.6820000000000022,25.6,25.9,-2.0,0.0,-3859.0,213.0,-151.0,93.9,0.0,4386.0,0.027849526121845852
2025-07-25,16.41,-0.001585683875122908,49.0,0.01634913800152941,-0.09700000000000131,26.1,26.2,7.0,9.0,-3169.0,455.0,224.0,95.5,0.0,1240.0,0.01732420866559321
2025-08-01,14.93,0.006357877910845487,49.0,0.03290862999908412,-1.3099999999999987,23.7,25.5,-2.0,5.0,7698.0,690.0,-11.0,95.4,0.0,-601.0,0.03082746379525951
2025-08-08,20.38,0.039968145030497046,48.4,-0.032760118823345216,-1.9909999999999997,25.0,25.5,-2.0,2.0,-3029.0,453.0,261.0,96.9,0.41550000000000864,595.0,0.048140375327935025
2025-08-15,15.15,-0.015526070528919427,48.4,0.0525995792103778,2.5919999999999987,23.9,25.0,-1.0,-1.0,3036.0,45.0,-16.0,96.4,0.0,-6074.0,0.03703273290648865
2025-08-22,15.09,-0.008136741393061713,48.4,0.017051249872658797,-0.05799999999999983,23.0,24.8,0.0,-1.0,-6014.0,419.0,28.0,96.6,0.0,5867.0,0.02069420662367627
2025-08-29,14.22,0.0149291319532266,48.4,-0.01360134837979379,-2.0459999999999994,24.3,24.6,-1.0,0.0,-2392.0,-838.0,-359.0,94.6,0.0,-4030.0,0.020792749727901214
2025-09-05,15.36,0.005892768967150699,48.4,-0.005482899299965442,-1.3820000000000014,23.9,24.1,-2.0,-3.0,2415.0,1590.0,-55.0,94.3,0.0,-9527.0,0.024210475750599255
2025-09-12,15.18,0.03708587769770837,48.9,0.03400391161101476,2.3019999999999996,24.4,24.6,1.0,-1.0,3939.0,-365.0,110.0,94.9,-0.2693000000000012,-1803.0,0.05838783576274676
2025-09-19,14.76,0.0022104884353907543,48.9,-0.013166535742979737,-0.10500000000000043,25.8,24.4,2.0,0.0,-9285.0,-296.0,-291.0,93.3,0.0,-2454.0,0.02239432901547199
2025-09-26,15.45,-0.014887401254174098,48.9,0.0001595277980569678,-0.4889999999999972,27.3,24.5,3.0,0.0,-607.0,177.0,-53.0,93.0,0.0,4317.0,0.028932835769188057
2025-10-03,15.29,-0.011560822401075971,48.9,-0.047360875681247236,-0.6340000000000003,26.8,25.4,7.0,-1.0,1792.0,-271.0,-282.0,91.4,0.0,-1133.0,0.04799924148651957
2025-10-10,16.65,0.013500687218902524,48.9,0.0764985796156368,-1.3670000000000009,27.0,24.9,0.0,1.0,3715.0,-763.0,173.0,92.4,0.043300000000002115,-3558.0,0.04793946228911926
2025-10-17,21.66,0.02109472382941505,48.9,0.03306362289588953,0.4920000000000009,26.8,25.1,-2.0,2.0,3524.0,-703.0,-1209.0,85.7,0.0,-3582.0,0.06012514625537921
2025-10-24,20.78,0.0059671982135422385,48.9,0.02336073253413914,1.105999999999998,25.1,25.2,1.0,1.0,-961.0,-770.0,522.0,88.6,0.0,-3634.0,0.03471917764867073
2025-10-31,16.37,0.0017471613080412762,48.9,-0.06655681668907039,-0.254999999999999,23.5,24.3,2.0,0.0,-6858.0,1334.0,-373.0,86.6,0.0,-984.0,0.07160882566009692
2025-11-07,17.44,-0.018562592141826883,48.8,0.008491233252363513,1.9289999999999985,23.7,23.7,-4.0,4.0,5202.0,300.0,-102.0,86.0,-0.46050000000001035,958.0,0.019101519353908837
2025-11-14,19.08,-0.0048923776644445235,48.8,0.020376750748488583,3.5,24.5,23.3,2.0,3.0,6413.0,-346.0,623.0,89.4,0.0,-347.0,0.026894051178144314
2025-11-21,19.83,-0.012368291534022916,48.8,-0.005674247534216624,2.187000000000001,24.8,23.5,1.0,-3.0,-3426.0,-698.0,105.0,90.0,0.0,2203.0,0.042673587521267105
2025-11-28,23.43,0.020453598350956878,48.8,0.034366479749352793,-5.5859999999999985,25.9,23.9,5.0,2.0,2774.0,-68.0,420.0,92.3,0.0,331.0,0.045125501021118834
2025-12-05,16.35,0.012376395601049186,48.8,-0.008404131447242396,-1.1950000000000003,26.2,24.8,-10.0,3.0,574.0,-457.0,325.0,94.1,0.0,542.0,0.015241325947476061
2025-12-12,15.41,-0.029691789807403154,48.0,-0.025795917412152945,-0.41600000000000037,24.7,26.0,5.0,-1.0,-1812.0,308.0,64.0,94.5,0.1530000000000058,8871.0,0.024259949877483245
2025-12-19,15.74,-0.011777566735310508,48.0,0.044936082715910534,-1.9220000000000006,25.2,26.1,-1.0,-2.0,-1274.0,-742.0,57.0,94.8,0.0,-343.0,0.024760549680652118
2025-12-26,14.91,0.008880413574157676,48.0,0.013672430337598374,-1.4379999999999988,26.6,26.3,-6.0,0.0,405.0,707.0,-34.0,94.6,0.0,1232.0,0.02765811058087024
2026-01-02,13.6,0.004591043463327687,48.0,-0.0014109349783348933,-0.5400000000000027,25.8,26.8,3.0,0.0,-1934.0,543.0,23.0,94.7,0.0,-9150.0,0.028493936045263332
2026-01-09,14.51,-0.015142700114788013,47.9,-0.010170173579265808,-0.5700000000000003,26.2,27.9,1.0,-2.0,-3832.0,728.0,3.0,94.7,0.31759999999999877,5663.0,0.013171767556569486
2026-01-16,14.49,0.006221604179960786,47.9,-0.030919673679975165,0.7980000000000018,25.0,29.5,-2.0,-1.0,3391.0,745.0,99.0,95.3,0.0,-3543.0,0.054396173279144346
2026-01-23,15.86,-0.013826203565180044,47.9,-0.0053981237695573695,1.1509999999999998,24.1,31.3,-1.0,-2.0,3602.0,1478.0,-353.0,93.3,0.0,5728.0,0.0467043049696694
2026-01-30,16.09,-0.0004733727899045805,47.9,-0.02705334682553968,2.2880000000000003,26.0,31.1,1.0,0.0,-2295.0,-278.0,-437.0,90.9,0.0,6214.0,0.028400148375918397
2026-02-06,17.44,-0.0025995524505572584,47.9,-0.06559208417006741,0.3099999999999987,25.8,31.2,2.0,3.0,-3455.0,-743.0,-75.0,90.5,0.0,8154.0,0.07603820202659847
2026-02-13,17.76,0.006867996209013495,52.6,0.025785833769647857,0.46499999999999986,27.6,31.4,5.0,5.0,8530.0,1071.0,-196.0,89.4,0.718199999999996,-7826.0,0.047148895883185986
2026-02-20,20.6,0.03851753838538454,52.6,0.010439829080050918,-0.9830000000000005,28.6,30.1,0.0,3.0,-9014.0,-1095.0,159.0,91.0,0.0,-8111.0,0.028086885887383502
2026-02-27,19.09,-0.008851791261942039,52.6,-0.05415927417565602,1.772000000000002,26.2,30.0,0.0,0.0,15989.0,881.0,-435.0,88.6,0.0,-4884.0,0.06370591085639062
2026-03-06,19.86,0.0358872300990996,52.6,-0.00944463957809634,7.665999999999997,25.8,29.7,-1.0,1.0,3475.0,1564.0,120.0,89.2,0.0,4424.0,0.027378250904053446
2026-03-13,29.49,-0.049261289624356344,52.4,-0.3047689188742689,3.885000000000005,24.2,28.5,1.0,-2.0,3824.0,117.0,287.0,90.8,0.1547000000000054,-4755.0,0.24384592319317075
2026-03-20,27.19,-0.03278982282299084,52.4,-0.08242625724636332,5.234999999999999,26.5,27.9,2.0,1.0,6156.0,944.0,93.0,91.4,0.0,-2886.0,0.1679386083219524
2026-03-27,26.78,-0.024019630513060917,52.4,0.0039587931720171795,16.787,27.6,27.4,-1.0,-2.0,6926.0,3421.0,284.0,92.9,0.0,2470.0,0.05026602896313803
2026-04-03,31.05,-0.010894342883769463,52.4,-0.013336225136200317,-9.511000000000003,27.1,27.1,-9.0,-4.0,5451.0,520.0,-155.0,92.1,0.0,-1555.0,0.12275069328241056
2026-04-10,23.87,0.019143702222806355,52.7,-0.11281958056742798,-8.637999999999998,27.1,27.4,5.0,3.0,3081.0,24.0,-14.0,92.0,0.0,34.0,0.10801380439783419
2026-04-17,19.23,0.006231987855673804,52.7,0.14411513698258127,0.20199999999999818,27.1,27.4,-3.0,-3.0,0.0,0.0,0.0,92.0,0.0,0.0,0.17929824316958712
